Fsm manager created.
DLL version matches the host executable version. DLL version: 0.10.0 Host version: 0.10.0
DLL version matches the host executable version. DLL version: 0.10.0 Host version: 0.10.0
DLL version matches the host executable version. DLL version: 0.10.0 Host version: 0.10.0
DLL version matches the host executable version. DLL version: 0.10.0 Host version: 0.10.0
DLL version matches the host executable version. DLL version: 0.10.0 Host version: 0.10.0
DLL version matches the host executable version. DLL version: 0.10.0 Host version: 0.10.0
DLL version matches the host executable version. DLL version: 0.10.0 Host version: 0.10.0
Unable to load library: WPOISInput.dll
DLL version mismatch. Recompile required. DLL version: 0.0.0 Host version: 0.10.0
DLL version matches the host executable version. DLL version: 0.10.0 Host version: 0.10.0
Pool memory allocated.
FileSystem created.
SoundManager created.
ScriptManager created.
Create scene manager.
WPGraphics: initialization started; requested API=Automatic
WPGraphics: native graphics system and frame callback ready.
WPGraphics: scene, pipeline, window, material, texture, shader and UI factories registered.
WPGraphics: texture manager loaded.
WPGraphics: font, material and overlay manager loading requested.
WPGraphics: UI plugin loaded; ImGui manager loading requested.
WPGraphics: initialization completed in 39 ms; renderer configuration follows.
WPGraphics: configuration started; requested API=Automatic, create window=yes
WPGraphics: creating window 'DefaultWindow', 1280x720, fullscreen=no
WPGraphics/Window: loading 'DefaultWindow' at 1280x720
WPGraphics/Window: 'DefaultWindow' initialized.
WPGraphics: window 'DefaultWindow' ready; active API=Automatic
WPGraphics: creating DirectX 11 renderer.
WPGraphics/DX11: initializing renderer at 1280x720; native window=available
WPGraphics/DX11: renderer ready; shaders, depth testing and initial viewport configured.
WPGraphics: renderer loaded; active API=DirectX 11
WPGraphics: resource group manager loaded.
GraphicsPipeline: Constructor called
WPGraphics/Pipeline: initializing CPU post-processing at 1280x720; quality=2
GraphicsPipeline: Initialized.
WPGraphics/Pipeline: ready; TAA=1, AO=1, SSR=0, bloom=1, exposure=1, DOF=0, motion blur=0, contact shadows=1, CSM=1
Loading Debug
WPGraphics: configuration completed in 766 ms; active API=DirectX 11; CPU pipeline applies to the software main window.
GraphicsSystem created.
Resources loaded.
SceneManager(s) created.
Cameras created.
Viewports created.
Mesh loader created.
Create input system.
UI created.
RenderUI created.
Renderpipeline created.
Physics created.
RenderWindow created.
Finished creating base components.
Asset catalog requires an open parameterized database backend.
Loaded: ../../../../../Media/Scripts/Lua/AI/CreateGameEvaluator.lua
Loaded: ../../../../../Media/Scripts/Lua/AI/CreateSceneGoal.lua
Loaded: ../../../../../Media/Scripts/Lua/AI/Goal.lua
Loaded: ../../../../../Media/Scripts/Lua/AI/PromptProcessor.lua
Loaded: ../../../../../Media/Scripts/Lua/Editor/AboutDialog.lua
Loaded: BaseEditor.lua
Loaded: ../../../../../Media/Scripts/Lua/Editor/AnimationEditor.lua
Loaded: ../../../../../Media/Scripts/Lua/Editor/BaseEditor.lua
Loaded: ../../../../../Media/Scripts/Lua/Editor/Editor.lua
Loaded: ../../../../../Media/Scripts/Lua/Editor/EditorUI.lua
Loaded: ../../../../../Media/Scripts/Lua/Editor/GameTemplateDefinition.lua
Loaded: ../../../../../Media/Scripts/Lua/Editor/GameTemplateGeneratorEditor.lua
Loaded: ../../../../../Media/Scripts/Lua/Editor/InputManager.lua
Loaded: ../../../../../Media/Scripts/Lua/Editor/MaterialEditor.lua
Loaded: ../../../../../Media/Scripts/Lua/Editor/PackageEditor.lua
Loaded: ../../../../../Media/Scripts/Lua/Editor/ParticleEditor.lua
Loaded: ../../../../../Media/Scripts/Lua/Editor/ProceduralModelEditor.lua
Loaded: ../../../../../Media/Scripts/Lua/Editor/ProceduralTextureEditor.lua
Loaded: ../../../../../Media/Scripts/Lua/Editor/ProjectSettings.lua
Loaded: ../../../../../Media/Scripts/Lua/Editor/ResourceSelect.lua
Loaded: ../../../../../Media/Scripts/Lua/Editor/SceneBuilderEditor.lua
Loaded: ../../../../../Media/Scripts/Lua/Editor/ShaderEditor.lua
Loaded: ../../../../../Media/Scripts/Lua/Editor/SoundEditor.lua
Loaded: ../../../../../Media/Scripts/Lua/Editor/TerrainEditor.lua
Loaded: BaseComponent.lua
Loaded: ../../../../../Media/Scripts/Lua/Game/Builders/ApplicationSceneBuilder.lua
Loaded: ../../../../../Media/Scripts/Lua/Game/Builders/DataDrivenGameTemplateGenerator.lua
Loaded: ../../../../../Media/Scripts/Lua/Game/Builders/GameSceneBuilder.lua
Loaded: ../../../../../Media/Scripts/Lua/Game/Builders/GameTemplateDefinition.lua
Loaded: ../../../../../Media/Scripts/Lua/Game/Builders/GameTemplateGenerator.lua
Loaded: ../../../../../Media/Scripts/Lua/Game/Builders/GameTemplateGenre.lua
Loaded: ../../../../../Media/Scripts/Lua/Game/Builders/GenerateGameManager.lua
Loaded: ../../../../../Media/Scripts/Lua/Game/Builders/MenuBuilder.lua
Loaded: ../../../../../Media/Scripts/Lua/Game/Builders/SystemSettingsMenuBuilder.lua
Loaded: ../../../../../Media/Scripts/Lua/Game/Builders/TemplateGeneratedMarker.lua
Loaded: ../../../../../Media/Scripts/Lua/Game/Builders/TemplatePlayerController.lua
Loaded: ../../../../../Media/Scripts/Lua/Game/Builders/TemplateSpawnDefinition.lua
Loaded: CatchGameCore.lua
Loaded: ../../../../../Media/Scripts/Lua/Game/CatchGame/CatchGame.lua
Loaded: ../../../../../Media/Scripts/Lua/Game/CatchGame/CatchGameCore.lua
Loaded: ../../../../../Media/Scripts/Lua/Game/Core/Application.lua
Loaded: ../../../../../Media/Scripts/Lua/Game/Core/BaseComponent.lua
Loaded: ../../../../../Media/Scripts/Lua/Game/Core/GameSceneBuilder.lua
Loaded: ../../../../../Media/Scripts/Lua/Game/Core/LanguageSetters.lua
Loaded: ../../../../../Media/Scripts/Lua/Game/Core/RacingGameApplication.lua
Loaded: ../../../../../Media/Scripts/Lua/Game/Core/SampleVehicleAdvanced.lua
Loaded: ../../../../../Media/Scripts/Lua/Game/Core/TranslationObject.lua
Loaded: ../../../../../Media/Scripts/Lua/Game/Core/i18n.lua
Loaded: MissionRuntime.lua
Loaded: MissionObjective.lua
Loaded: MissionDefinition.lua
Loaded: ../../../../../Media/Scripts/Lua/Game/Mission/MissionAuthoring.lua
Loaded: MissionState.lua
Loaded: MissionLibrary.lua
Loaded: MissionManager.lua
Loaded: MissionHUD.lua
Loaded: ../../../../../Media/Scripts/Lua/Game/Mission/MissionBootstrap.lua
Loaded: ../../../../../Media/Scripts/Lua/Game/Mission/MissionDefinition.lua
Loaded: MissionAuthoring.lua
Loaded: ../../../../../Media/Scripts/Lua/Game/Mission/MissionEditorWindow.lua
Loaded: ../../../../../Media/Scripts/Lua/Game/Mission/MissionHUD.lua
Loaded: ../../../../../Media/Scripts/Lua/Game/Mission/MissionLibrary.lua
Loaded: ../../../../../Media/Scripts/Lua/Game/Mission/MissionManager.lua
Loaded: ../../../../../Media/Scripts/Lua/Game/Mission/MissionObjective.lua
Loaded: ../../../../../Media/Scripts/Lua/Game/Mission/MissionObjectiveSceneMarker.lua
Loaded: ../../../../../Media/Scripts/Lua/Game/Mission/MissionRuntime.lua
Loaded: ../../../../../Media/Scripts/Lua/Game/Mission/MissionState.lua
Loaded: ../../../../../Media/Scripts/Lua/Game/Mission/MissionTrigger.lua
Loaded: MissionEditorWindow.lua
Loaded: MissionObjectiveSceneMarker.lua
Loaded: MissionTrigger.lua
Loaded: MissionBootstrap.lua
Loaded: ../../../../../Media/Scripts/Lua/Game/Mission/Missions.lua
Loaded: ../../../../../Media/Scripts/Lua/Game/Procedural/BackGarden.lua
Loaded: ../../../../../Media/Scripts/Lua/Game/Procedural/Bin.lua
Loaded: ../../../../../Media/Scripts/Lua/Game/Procedural/Block.lua
Loaded: ../../../../../Media/Scripts/Lua/Game/Procedural/BlockGenerator.lua
Loaded: ../../../../../Media/Scripts/Lua/Game/Procedural/BlockNode.lua
Loaded: ../../../../../Media/Scripts/Lua/Game/Procedural/Building.lua
Loaded: ../../../../../Media/Scripts/Lua/Game/Procedural/BuildingGenerator.lua
Loaded: ../../../../../Media/Scripts/Lua/Game/Procedural/CityCell.lua
Loaded: ../../../../../Media/Scripts/Lua/Game/Procedural/CityGenerator.lua
Loaded: ../../../../../Media/Scripts/Lua/Game/Procedural/FrontGarden.lua
Loaded: ../../../../../Media/Scripts/Lua/Game/Procedural/LampPost.lua
Loaded: ../../../../../Media/Scripts/Lua/Game/Procedural/LampPostGenerator.lua
Loaded: ProceduralObject.lua
Loaded: ../../../../../Media/Scripts/Lua/Game/Procedural/Lot.lua
Loaded: ../../../../../Media/Scripts/Lua/Game/Procedural/LotGenerator.lua
Loaded: ../../../../../Media/Scripts/Lua/Game/Procedural/LotNode.lua
Loaded: ../../../../../Media/Scripts/Lua/Game/Procedural/MainBuilding.lua
Loaded: ../../../../../Media/Scripts/Lua/Game/Procedural/ProceduralCity.lua
Loaded: ../../../../../Media/Scripts/Lua/Game/Procedural/ProceduralGenerator.lua
Loaded: ../../../../../Media/Scripts/Lua/Game/Procedural/ProceduralGroup.lua
Loaded: ../../../../../Media/Scripts/Lua/Game/Procedural/ProceduralNetwork.lua
Loaded: ../../../../../Media/Scripts/Lua/Game/Procedural/ProceduralNode.lua
Loaded: ../../../../../Media/Scripts/Lua/Game/Procedural/ProceduralObject.lua
Loaded: ../../../../../Media/Scripts/Lua/Game/Procedural/ProceduralPath.lua
Loaded: ../../../../../Media/Scripts/Lua/Game/Procedural/ProceduralRenderable.lua
Loaded: ../../../../../Media/Scripts/Lua/Game/Procedural/ProceduralRenderer.lua
Loaded: ../../../../../Media/Scripts/Lua/Game/Procedural/ProceduralScene.lua
Loaded: ../../../../../Media/Scripts/Lua/Game/Procedural/ProceduralTerrain.lua
Loaded: ../../../../../Media/Scripts/Lua/Game/Procedural/River.lua
Loaded: ../../../../../Media/Scripts/Lua/Game/Procedural/RiverGenerator.lua
Loaded: ../../../../../Media/Scripts/Lua/Game/Procedural/RiverNode.lua
Loaded: ../../../../../Media/Scripts/Lua/Game/Procedural/Road.lua
Loaded: ../../../../../Media/Scripts/Lua/Game/Procedural/RoadConnection.lua
Loaded: ../../../../../Media/Scripts/Lua/Game/Procedural/RoadElement.lua
Loaded: ../../../../../Media/Scripts/Lua/Game/Procedural/RoadGenerator.lua
Loaded: ../../../../../Media/Scripts/Lua/Game/Procedural/RoadGroup.lua
Loaded: ../../../../../Media/Scripts/Lua/Game/Procedural/RoadNetwork.lua
Loaded: ../../../../../Media/Scripts/Lua/Game/Procedural/RoadNode.lua
Loaded: ../../../../../Media/Scripts/Lua/Game/Procedural/RoadSection.lua
Loaded: ../../../../../Media/Scripts/Lua/Game/Procedural/Sidewalk.lua
Loaded: ../../../../../Media/Scripts/Lua/Game/Procedural/SidewalkGenerator.lua
Loaded: ../../../../../Media/Scripts/Lua/Game/Procedural/SidewalkGroup.lua
Loaded: ../../../../../Media/Scripts/Lua/Game/Procedural/SidewalkNetwork.lua
Loaded: ../../../../../Media/Scripts/Lua/Game/Procedural/SidewalkNode.lua
Loaded: ../../../../../Media/Scripts/Lua/Game/Procedural/TerrainGenerator.lua
Loaded: ../../../../../Media/Scripts/Lua/Game/Procedural/TrafficGenerator.lua
Loaded: ../../../../../Media/Scripts/Lua/Game/Procedural/TreeGenerator.lua
Loaded: ../../../../../Media/Scripts/Lua/Game/Racing/CheckPoint.lua
Loaded: ../../../../../Media/Scripts/Lua/Game/Racing/Laps.lua
Loaded: ../../../../../Media/Scripts/Lua/Game/Racing/Racing/DroneGate.lua
Loaded: ../../../../../Media/Scripts/Lua/Game/Racing/Racing/Misc/DataLoader.lua
Loaded: ../../../../../Media/Scripts/Lua/Game/Racing/Racing/Misc/FramerateCounter.lua
Loaded: ../../../../../Media/Scripts/Lua/Game/Racing/Racing/Misc/MenuManager.lua
Loaded: ../../../../../Media/Scripts/Lua/Game/Racing/Racing/Misc/MenuScript.lua
Loaded: ../../../../../Media/Scripts/Lua/Game/Racing/Racing/Misc/MobileControlManager.lua
Loaded: ../../../../../Media/Scripts/Lua/Game/Racing/Racing/Misc/PlayerData.lua
Loaded: ../../../../../Media/Scripts/Lua/Game/Racing/Racing/Misc/TextAlpha.lua
Loaded: ../../../../../Media/Scripts/Lua/Game/Racing/Racing/Misc/VehicleUpgrades.lua
Loaded: ../../../../../Media/Scripts/Lua/Game/Racing/Racing/Race/Helpers/CheckpointContainer.lua
Loaded: ../../../../../Media/Scripts/Lua/Game/Racing/Racing/Race/Helpers/PathCreator.lua
Loaded: ../../../../../Media/Scripts/Lua/Game/Racing/Racing/Race/Helpers/SpawnpointContainer.lua
Loaded: ../../../../../Media/Scripts/Lua/Game/Racing/Racing/Race/Others/Brakezone.lua
Loaded: ../../../../../Media/Scripts/Lua/Game/Racing/Racing/Race/Others/CameraSwitcher.lua
Loaded: ../../../../../Media/Scripts/Lua/Game/Racing/Racing/Race/Others/Checkpoint.lua
Loaded: ../../../../../Media/Scripts/Lua/Game/Racing/Racing/Race/Others/GhostVehicle.lua
Loaded: ../../../../../Media/Scripts/Lua/Game/Racing/Racing/Race/Others/MinimapFollowTarget.lua
Loaded: ../../../../../Media/Scripts/Lua/Game/Racing/Racing/Race/Others/PlayerCamera.lua
Loaded: ../../../../../Media/Scripts/Lua/Game/Racing/Racing/Race/Others/PlayerFPCamera.lua
Loaded: ../../../../../Media/Scripts/Lua/Game/Racing/Racing/Race/Others/RaceRewards.lua
Loaded: ../../../../../Media/Scripts/Lua/Game/Racing/Racing/Race/Others/RacerName.lua
Loaded: ../../../../../Media/Scripts/Lua/Game/Racing/Racing/Race/Others/RacerPointer.lua
Loaded: ../../../../../Media/Scripts/Lua/Game/Racing/Racing/Race/Others/ReplayCamera.lua
Loaded: ../../../../../Media/Scripts/Lua/Game/Racing/Racing/Race/Others/ReplayManager.lua
Loaded: ../../../../../Media/Scripts/Lua/Game/Racing/Racing/Race/Others/TimeTrialConfig.lua
Loaded: ../../../../../Media/Scripts/Lua/Game/Racing/Racing/Race/Others/UIButton.lua
Loaded: ../../../../../Media/Scripts/Lua/Game/Racing/Racing/Race/Others/WaypointArrow.lua
Loaded: ../../../../../Media/Scripts/Lua/Game/Racing/Racing/Race/System/ProgressTracker.lua
Loaded: ../../../../../Media/Scripts/Lua/Game/Racing/Racing/Race/System/RaceManager.lua
Loaded: ../../../../../Media/Scripts/Lua/Game/Racing/Racing/Race/System/RaceManagerView.lua
Loaded: ../../../../../Media/Scripts/Lua/Game/Racing/Racing/Race/System/RaceManagerViewPUN.lua
Loaded: ../../../../../Media/Scripts/Lua/Game/Racing/Racing/Race/System/RaceManagerViewSteam.lua
Loaded: ../../../../../Media/Scripts/Lua/Game/Racing/Racing/Race/System/RaceView.lua
Loaded: ../../../../../Media/Scripts/Lua/Game/Racing/Racing/Race/System/RaceViewPUN.lua
Loaded: ../../../../../Media/Scripts/Lua/Game/Racing/Racing/Race/System/RaceViewSteam.lua
Loaded: ../../../../../Media/Scripts/Lua/Game/Racing/Racing/Race/System/RankManager.lua
Loaded: ../../../../../Media/Scripts/Lua/Game/Racing/Racing/Race/System/SoundManager.lua
Loaded: ../../../../../Media/Scripts/Lua/Game/Racing/Racing/Race/System/Statistics.lua
Loaded: ../../../../../Media/Scripts/Lua/Game/Racing/Racing/Race/System/WaypointCircuit.lua
Loaded: ../../../../../Media/Scripts/Lua/Game/Racing/Racing/Race/UI/RaceCompletedUI.lua
Loaded: ../../../../../Media/Scripts/Lua/Game/Racing/Racing/Race/UI/RaceStandingsUI.lua
Loaded: ../../../../../Media/Scripts/Lua/Game/Racing/Racing/Race/UI/RaceUI.lua
Loaded: ../../../../../Media/Scripts/Lua/Game/Racing/Racing/Vehicle/Car_Controller.lua
Loaded: ../../../../../Media/Scripts/Lua/Game/Racing/Racing/Vehicle/Drone_Controller.lua
Loaded: ../../../../../Media/Scripts/Lua/Game/Racing/Racing/Vehicle/Input/OpponentControl.lua
Loaded: ../../../../../Media/Scripts/Lua/Game/Racing/Racing/Vehicle/Input/PlayerControl.lua
Loaded: ../../../../../Media/Scripts/Lua/Game/Racing/Racing/Vehicle/Motorbike_Controller.lua
Loaded: ../../../../../Media/Scripts/Lua/Game/Racing/Racing/Vehicle/Skidmark.lua
Loaded: ../../../../../Media/Scripts/Lua/Game/Racing/Racing/Vehicle/Wheels.lua
Loaded: Road.lua
Loaded: ../../../../../Media/Scripts/Lua/Game/UnitTests/lua_unit_tests.lua
Loaded: ../../../../../Media/Scripts/Lua/Game/Vehicle/Vehicle.lua
Loaded: UIDialog.lua
Loaded: FlightDialog.lua
Loaded: FlightWorkbench.lua
Loaded: ../../../../../Media/Scripts/Lua/UI/AirFoilPanel.lua
Loaded: FlightHUD.lua
Loaded: ../../../../../Media/Scripts/Lua/UI/CGModeInfo.lua
Loaded: Settings.lua
Loaded: FlightSetup.lua
Loaded: ../../../../../Media/Scripts/Lua/UI/CameraSettingsDialog.lua
Loaded: FlightOnline.lua
Loaded: ../../../../../Media/Scripts/Lua/UI/ChatDialog.lua
Loaded: ../../../../../Media/Scripts/Lua/UI/ColourPicker.lua
Loaded: ../../../../../Media/Scripts/Lua/UI/ComponentChange.lua
Loaded: ../../../../../Media/Scripts/Lua/UI/ComponentConfig.lua
Loaded: ../../../../../Media/Scripts/Lua/UI/ComponentSelector.lua
Loaded: ../../../../../Media/Scripts/Lua/UI/ConeModes.lua
Loaded: ../../../../../Media/Scripts/Lua/UI/DemoHud.lua
Loaded: ../../../../../Media/Scripts/Lua/UI/DevPanel.lua
Loaded: FlightMedia.lua
Loaded: ../../../../../Media/Scripts/Lua/UI/FileBrowserDialog.lua
Loaded: ../../../../../Media/Scripts/Lua/UI/FixedWingDialog.lua
Loaded: SceneSelect.lua
Loaded: VehicleSelect.lua
Loaded: ../../../../../Media/Scripts/Lua/UI/FlightAliases.lua
Loaded: ../../../../../Media/Scripts/Lua/UI/FlightDialog.lua
Loaded: ../../../../../Media/Scripts/Lua/UI/FlightHUD.lua
Loaded: ../../../../../Media/Scripts/Lua/UI/FlightMedia.lua
Loaded: ../../../../../Media/Scripts/Lua/UI/FlightOnline.lua
Loaded: ../../../../../Media/Scripts/Lua/UI/FlightRecorder.lua
Loaded: ../../../../../Media/Scripts/Lua/UI/FlightSetup.lua
Loaded: ../../../../../Media/Scripts/Lua/UI/FlightWorkbench.lua
Loaded: ../../../../../Media/Scripts/Lua/UI/Hud.lua
Loaded: ../../../../../Media/Scripts/Lua/UI/InformationText.lua
Loaded: ../../../../../Media/Scripts/Lua/UI/InputConfiguration.lua
Loaded: ../../../../../Media/Scripts/Lua/UI/MessageBoxConfirm.lua
Loaded: ../../../../../Media/Scripts/Lua/UI/ModelEditor.lua
Loaded: FlightAliases.lua
Loaded: ../../../../../Media/Scripts/Lua/UI/ModelHangerDialog.lua
Loaded: ../../../../../Media/Scripts/Lua/UI/ModelSettings.lua
Loaded: ../../../../../Media/Scripts/Lua/UI/Mp3PlayerDialog.lua
Loaded: ../../../../../Media/Scripts/Lua/UI/OnlineMenu.lua
Loaded: ../../../../../Media/Scripts/Lua/UI/RaceSettings.lua
Loaded: ../../../../../Media/Scripts/Lua/UI/SceneEditorManagerGUI.lua
Loaded: ../../../../../Media/Scripts/Lua/UI/SceneIcon.lua
Loaded: ../../../../../Media/Scripts/Lua/UI/SceneSelect.lua
Loaded: ../../../../../Media/Scripts/Lua/UI/ScenerySelector.lua
Loaded: ../../../../../Media/Scripts/Lua/UI/Settings.lua
Loaded: ../../../../../Media/Scripts/Lua/UI/SettingsAudio.lua
Loaded: ../../../../../Media/Scripts/Lua/UI/SettingsGeneral.lua
Loaded: ../../../../../Media/Scripts/Lua/UI/SettingsGraphics.lua
Loaded: ../../../../../Media/Scripts/Lua/UI/SettingsRegion.lua
Loaded: ../../../../../Media/Scripts/Lua/UI/SettingsSimulation.lua
Loaded: ../../../../../Media/Scripts/Lua/UI/SettingsUI.lua
Loaded: ../../../../../Media/Scripts/Lua/UI/SettingsUserData.lua
Loaded: ../../../../../Media/Scripts/Lua/UI/SetupWizardDialog.lua
Loaded: ../../../../../Media/Scripts/Lua/UI/Splash.lua
Loaded: ../../../../../Media/Scripts/Lua/UI/StartMenu.lua
Loaded: ../../../../../Media/Scripts/Lua/UI/StatsMenu.lua
Loaded: ../../../../../Media/Scripts/Lua/UI/SwitchIndicators.lua
Loaded: ../../../../../Media/Scripts/Lua/UI/SwitchIndicatorsPanel.lua
Loaded: ../../../../../Media/Scripts/Lua/UI/SystemSettings.lua
Loaded: ../../../../../Media/Scripts/Lua/UI/Tooltip.lua
Loaded: ../../../../../Media/Scripts/Lua/UI/TrainingHud.lua
Loaded: ../../../../../Media/Scripts/Lua/UI/TrainingMenu.lua
Loaded: ../../../../../Media/Scripts/Lua/UI/TransmitterSelect.lua
Loaded: ../../../../../Media/Scripts/Lua/UI/TransmittersPanel.lua
Loaded: ../../../../../Media/Scripts/Lua/UI/UIDialog.lua
Loaded: ../../../../../Media/Scripts/Lua/UI/UIManager.lua
Loaded: ../../../../../Media/Scripts/Lua/UI/UnityDialog.lua
Loaded: ../../../../../Media/Scripts/Lua/UI/VehicleEditor.lua
Loaded: ../../../../../Media/Scripts/Lua/UI/VehicleIcon.lua
Loaded: ../../../../../Media/Scripts/Lua/UI/VehicleSelect.lua
Loaded: ../../../../../Media/Scripts/Lua/UI/VehiclesPanel.lua
Loaded: ../../../../../Media/Scripts/Lua/UI/VirtualTransmitter.lua
Loaded: ../../../../../Media/Scripts/Lua/UI/VisualTransmitterDialog.lua
Component Loaded: workphone::scene::ProceduralRaceScene Actor: Procedural Grand Prix
Component Loaded: workphone::scene::CollisionBox Actor: Procedural Grand Prix
Component Loaded: workphone::scene::Rigidbody Actor: Procedural Grand Prix
Component Loaded: workphone::scene::CarController Actor: Procedural Grand Prix
Component Loaded: workphone::scene::CollisionBox Actor: Circuit collision plane
Component Loaded: workphone::scene::Rigidbody Actor: Circuit collision plane
Asset catalog requires an open parameterized database backend.
Asset catalog requires an open parameterized database backend.
Asset catalog requires an open parameterized database backend.
Asset catalog requires an open parameterized database backend.
Asset catalog requires an open parameterized database backend.
Asset catalog requires an open parameterized database backend.
Asset catalog requires an open parameterized database backend.
Asset catalog requires an open parameterized database backend.
Asset catalog requires an open parameterized database backend.
Asset catalog requires an open parameterized database backend.
Asset catalog requires an open parameterized database backend.
Asset catalog requires an open parameterized database backend.
Asset catalog requires an open parameterized database backend.
Asset catalog requires an open parameterized database backend.
Asset catalog requires an open parameterized database backend.
Asset catalog requires an open parameterized database backend.
Asset catalog requires an open parameterized database backend.
Asset catalog requires an open parameterized database backend.
Asset catalog requires an open parameterized database backend.
Asset catalog requires an open parameterized database backend.
Asset catalog requires an open parameterized database backend.
Asset catalog requires an open parameterized database backend.
Asset catalog requires an open parameterized database backend.
Asset catalog requires an open parameterized database backend.
Asset catalog requires an open parameterized database backend.
Asset catalog requires an open parameterized database backend.
Asset catalog requires an open parameterized database backend.
Asset catalog requires an open parameterized database backend.
Asset catalog requires an open parameterized database backend.
Asset catalog requires an open parameterized database backend.
Asset catalog requires an open parameterized database backend.
Asset catalog requires an open parameterized database backend.
Asset catalog requires an open parameterized database backend.
Asset catalog requires an open parameterized database backend.
Asset catalog requires an open parameterized database backend.
Asset catalog requires an open parameterized database backend.
Asset catalog requires an open parameterized database backend.
Asset catalog requires an open parameterized database backend.
Asset catalog requires an open parameterized database backend.
Asset catalog requires an open parameterized database backend.
Asset catalog requires an open parameterized database backend.
Asset catalog requires an open parameterized database backend.
Asset catalog requires an open parameterized database backend.
Asset catalog requires an open parameterized database backend.
Asset catalog requires an open parameterized database backend.
Asset catalog requires an open parameterized database backend.
Asset catalog requires an open parameterized database backend.
Asset catalog requires an open parameterized database backend.
Asset catalog requires an open parameterized database backend.
Asset catalog requires an open parameterized database backend.
Asset catalog requires an open parameterized database backend.
Asset catalog requires an open parameterized database backend.
Asset catalog requires an open parameterized database backend.
Asset catalog requires an open parameterized database backend.
Asset catalog requires an open parameterized database backend.
Asset catalog requires an open parameterized database backend.
Asset catalog requires an open parameterized database backend.
Asset catalog requires an open parameterized database backend.
Asset catalog requires an open parameterized database backend.
Asset catalog requires an open parameterized database backend.
Asset catalog requires an open parameterized database backend.
Asset catalog requires an open parameterized database backend.
Asset catalog requires an open parameterized database backend.
Asset catalog requires an open parameterized database backend.
Asset catalog requires an open parameterized database backend.
Asset catalog requires an open parameterized database backend.
Asset catalog requires an open parameterized database backend.
Asset catalog requires an open parameterized database backend.
Asset catalog requires an open parameterized database backend.
Asset catalog requires an open parameterized database backend.
Asset catalog requires an open parameterized database backend.
Asset catalog requires an open parameterized database backend.
Asset catalog requires an open parameterized database backend.
Asset catalog requires an open parameterized database backend.
Asset catalog requires an open parameterized database backend.
Asset catalog requires an open parameterized database backend.
Asset catalog requires an open parameterized database backend.
Asset catalog requires an open parameterized database backend.
Asset catalog requires an open parameterized database backend.
Asset catalog requires an open parameterized database backend.
Asset catalog requires an open parameterized database backend.
Asset catalog requires an open parameterized database backend.
Asset catalog requires an open parameterized database backend.
Asset catalog requires an open parameterized database backend.
Asset catalog requires an open parameterized database backend.
Asset catalog requires an open parameterized database backend.
Asset catalog requires an open parameterized database backend.
Asset catalog requires an open parameterized database backend.
Asset catalog requires an open parameterized database backend.
Asset catalog requires an open parameterized database backend.
Asset catalog requires an open parameterized database backend.
Asset catalog requires an open parameterized database backend.
Asset catalog requires an open parameterized database backend.
Asset catalog requires an open parameterized database backend.
Asset catalog requires an open parameterized database backend.
Asset catalog requires an open parameterized database backend.
Asset catalog requires an open parameterized database backend.
Asset catalog requires an open parameterized database backend.
Asset catalog requires an open parameterized database backend.
Asset catalog requires an open parameterized database backend.
Asset catalog requires an open parameterized database backend.
Asset catalog requires an open parameterized database backend.
Asset catalog requires an open parameterized database backend.
Asset catalog requires an open parameterized database backend.
Asset catalog requires an open parameterized database backend.
Asset catalog requires an open parameterized database backend.
Asset catalog requires an open parameterized database backend.
Asset catalog requires an open parameterized database backend.
Asset catalog requires an open parameterized database backend.
Asset catalog requires an open parameterized database backend.
Asset catalog requires an open parameterized database backend.
Asset catalog requires an open parameterized database backend.
Asset catalog requires an open parameterized database backend.
Asset catalog requires an open parameterized database backend.
Asset catalog requires an open parameterized database backend.
Asset catalog requires an open parameterized database backend.
Asset catalog requires an open parameterized database backend.
Asset catalog requires an open parameterized database backend.
Asset catalog requires an open parameterized database backend.
Asset catalog requires an open parameterized database backend.
Asset catalog requires an open parameterized database backend.
Asset catalog requires an open parameterized database backend.
Asset catalog requires an open parameterized database backend.
Asset catalog requires an open parameterized database backend.
Asset catalog requires an open parameterized database backend.
Asset catalog requires an open parameterized database backend.
Asset catalog requires an open parameterized database backend.
Asset catalog requires an open parameterized database backend.
Asset catalog requires an open parameterized database backend.
Asset catalog requires an open parameterized database backend.
Asset catalog requires an open parameterized database backend.
Asset catalog requires an open parameterized database backend.
Asset catalog requires an open parameterized database backend.
Asset catalog requires an open parameterized database backend.
Asset catalog requires an open parameterized database backend.
Asset catalog requires an open parameterized database backend.
Asset catalog requires an open parameterized database backend.
Asset catalog requires an open parameterized database backend.
Asset catalog requires an open parameterized database backend.
Asset catalog requires an open parameterized database backend.
Asset catalog requires an open parameterized database backend.
Asset catalog requires an open parameterized database backend.
Asset catalog requires an open parameterized database backend.
Asset catalog requires an open parameterized database backend.
Asset catalog requires an open parameterized database backend.
Asset catalog requires an open parameterized database backend.
Asset catalog requires an open parameterized database backend.
Asset catalog requires an open parameterized database backend.
Asset catalog requires an open parameterized database backend.
Asset catalog requires an open parameterized database backend.
Asset catalog requires an open parameterized database backend.
Asset catalog requires an open parameterized database backend.
Asset catalog requires an open parameterized database backend.
Asset catalog requires an open parameterized database backend.
Asset catalog requires an open parameterized database backend.
Asset catalog requires an open parameterized database backend.
Asset catalog requires an open parameterized database backend.
Asset catalog requires an open parameterized database backend.
Asset catalog requires an open parameterized database backend.
Asset catalog requires an open parameterized database backend.
Asset catalog requires an open parameterized database backend.
Asset catalog requires an open parameterized database backend.
Asset catalog requires an open parameterized database backend.
Asset catalog requires an open parameterized database backend.
Asset catalog requires an open parameterized database backend.
Asset catalog requires an open parameterized database backend.
Asset catalog requires an open parameterized database backend.
Asset catalog requires an open parameterized database backend.
Asset catalog requires an open parameterized database backend.
Asset catalog requires an open parameterized database backend.
Asset catalog requires an open parameterized database backend.
Asset catalog requires an open parameterized database backend.
Asset catalog requires an open parameterized database backend.
Asset catalog requires an open parameterized database backend.
Asset catalog requires an open parameterized database backend.
Asset catalog requires an open parameterized database backend.
Asset catalog requires an open parameterized database backend.
Asset catalog requires an open parameterized database backend.
Asset catalog requires an open parameterized database backend.
Asset catalog requires an open parameterized database backend.
Asset catalog requires an open parameterized database backend.
Asset catalog requires an open parameterized database backend.
Asset catalog requires an open parameterized database backend.
Asset catalog requires an open parameterized database backend.
Asset catalog requires an open parameterized database backend.
Asset catalog requires an open parameterized database backend.
Asset catalog requires an open parameterized database backend.
Asset catalog requires an open parameterized database backend.
Asset catalog requires an open parameterized database backend.
Asset catalog requires an open parameterized database backend.
Asset catalog requires an open parameterized database backend.
Asset catalog requires an open parameterized database backend.
Asset catalog requires an open parameterized database backend.
Asset catalog requires an open parameterized database backend.
Asset catalog requires an open parameterized database backend.
Asset catalog requires an open parameterized database backend.
Asset catalog requires an open parameterized database backend.
Asset catalog requires an open parameterized database backend.
Asset catalog requires an open parameterized database backend.
Asset catalog requires an open parameterized database backend.
Asset catalog requires an open parameterized database backend.
Asset catalog requires an open parameterized database backend.
Asset catalog requires an open parameterized database backend.
Asset catalog requires an open parameterized database backend.
Asset catalog requires an open parameterized database backend.
Asset catalog requires an open parameterized database backend.
Asset catalog requires an open parameterized database backend.
Asset catalog requires an open parameterized database backend.
Asset catalog requires an open parameterized database backend.
Asset catalog requires an open parameterized database backend.
Asset catalog requires an open parameterized database backend.
Asset catalog requires an open parameterized database backend.
Asset catalog requires an open parameterized database backend.
Asset catalog requires an open parameterized database backend.
Asset catalog requires an open parameterized database backend.
Asset catalog requires an open parameterized database backend.
Asset catalog requires an open parameterized database backend.
Asset catalog requires an open parameterized database backend.
Asset catalog requires an open parameterized database backend.
Asset catalog requires an open parameterized database backend.
Asset catalog requires an open parameterized database backend.
Asset catalog requires an open parameterized database backend.
Asset catalog requires an open parameterized database backend.
Asset catalog requires an open parameterized database backend.
Asset catalog requires an open parameterized database backend.
Asset catalog requires an open parameterized database backend.
Asset catalog requires an open parameterized database backend.
Asset catalog requires an open parameterized database backend.
Asset catalog requires an open parameterized database backend.
Asset catalog requires an open parameterized database backend.
Asset catalog requires an open parameterized database backend.
Asset catalog requires an open parameterized database backend.
Asset catalog requires an open parameterized database backend.
Asset catalog requires an open parameterized database backend.
Asset catalog requires an open parameterized database backend.
Asset catalog requires an open parameterized database backend.
Asset catalog requires an open parameterized database backend.
Asset catalog requires an open parameterized database backend.
Asset catalog requires an open parameterized database backend.
Asset catalog requires an open parameterized database backend.
Asset catalog requires an open parameterized database backend.
Asset catalog requires an open parameterized database backend.
Asset catalog requires an open parameterized database backend.
Asset catalog requires an open parameterized database backend.
Asset catalog requires an open parameterized database backend.
Asset catalog requires an open parameterized database backend.
Asset catalog requires an open parameterized database backend.
Asset catalog requires an open parameterized database backend.
Asset catalog requires an open parameterized database backend.
Asset catalog requires an open parameterized database backend.
Asset catalog requires an open parameterized database backend.
Asset catalog requires an open parameterized database backend.
Asset catalog requires an open parameterized database backend.
Asset catalog requires an open parameterized database backend.
Asset catalog requires an open parameterized database backend.
Asset catalog requires an open parameterized database backend.
Asset catalog requires an open parameterized database backend.
Asset catalog requires an open parameterized database backend.
Asset catalog requires an open parameterized database backend.
Asset catalog requires an open parameterized database backend.
Asset catalog requires an open parameterized database backend.
Asset catalog requires an open parameterized database backend.
Asset catalog requires an open parameterized database backend.
Asset catalog requires an open parameterized database backend.
Asset catalog requires an open parameterized database backend.
Asset catalog requires an open parameterized database backend.
Asset catalog requires an open parameterized database backend.
Asset catalog requires an open parameterized database backend.
Asset catalog requires an open parameterized database backend.
Asset catalog requires an open parameterized database backend.
Asset catalog requires an open parameterized database backend.
Asset catalog requires an open parameterized database backend.
Asset catalog requires an open parameterized database backend.
Asset catalog requires an open parameterized database backend.
Asset catalog requires an open parameterized database backend.
Asset catalog requires an open parameterized database backend.
Asset catalog requires an open parameterized database backend.
Asset catalog requires an open parameterized database backend.
Asset catalog requires an open parameterized database backend.
Asset catalog requires an open parameterized database backend.
Asset catalog requires an open parameterized database backend.
Asset catalog requires an open parameterized database backend.
Asset catalog requires an open parameterized database backend.
Asset catalog requires an open parameterized database backend.
Asset catalog requires an open parameterized database backend.
Asset catalog requires an open parameterized database backend.
Asset catalog requires an open parameterized database backend.
Asset catalog requires an open parameterized database backend.
Asset catalog requires an open parameterized database backend.
Asset catalog requires an open parameterized database backend.
Asset catalog requires an open parameterized database backend.
Asset catalog requires an open parameterized database backend.
Asset catalog requires an open parameterized database backend.
Asset catalog requires an open parameterized database backend.
Asset catalog requires an open parameterized database backend.
Asset catalog requires an open parameterized database backend.
Asset catalog requires an open parameterized database backend.
Asset catalog requires an open parameterized database backend.
Asset catalog requires an open parameterized database backend.
Asset catalog requires an open parameterized database backend.
Asset catalog requires an open parameterized database backend.
Asset catalog requires an open parameterized database backend.
Asset catalog requires an open parameterized database backend.
Asset catalog requires an open parameterized database backend.
Asset catalog requires an open parameterized database backend.
Asset catalog requires an open parameterized database backend.
Asset catalog requires an open parameterized database backend.
Asset catalog requires an open parameterized database backend.
Asset catalog requires an open parameterized database backend.
Asset catalog requires an open parameterized database backend.
Asset catalog requires an open parameterized database backend.
Asset catalog requires an open parameterized database backend.
Asset catalog requires an open parameterized database backend.
Asset catalog requires an open parameterized database backend.
Asset catalog requires an open parameterized database backend.
Asset catalog requires an open parameterized database backend.
Asset catalog requires an open parameterized database backend.
Asset catalog requires an open parameterized database backend.
Asset catalog requires an open parameterized database backend.
Asset catalog requires an open parameterized database backend.
Asset catalog requires an open parameterized database backend.
Asset catalog requires an open parameterized database backend.
Asset catalog requires an open parameterized database backend.
Asset catalog requires an open parameterized database backend.
Asset catalog requires an open parameterized database backend.
Asset catalog requires an open parameterized database backend.
Asset catalog requires an open parameterized database backend.
Asset catalog requires an open parameterized database backend.
Asset catalog requires an open parameterized database backend.
Asset catalog requires an open parameterized database backend.
Asset catalog requires an open parameterized database backend.
Asset catalog requires an open parameterized database backend.
Asset catalog requires an open parameterized database backend.
Asset catalog requires an open parameterized database backend.
Asset catalog requires an open parameterized database backend.
Asset catalog requires an open parameterized database backend.
Asset catalog requires an open parameterized database backend.
Asset catalog requires an open parameterized database backend.
Asset catalog requires an open parameterized database backend.
Asset catalog requires an open parameterized database backend.
Asset catalog requires an open parameterized database backend.
Asset catalog requires an open parameterized database backend.
Asset catalog requires an open parameterized database backend.
Asset catalog requires an open parameterized database backend.
Asset catalog requires an open parameterized database backend.
Asset catalog requires an open parameterized database backend.
Asset catalog requires an open parameterized database backend.
Asset catalog requires an open parameterized database backend.
Asset catalog requires an open parameterized database backend.
Asset catalog requires an open parameterized database backend.
Asset catalog requires an open parameterized database backend.
Asset catalog requires an open parameterized database backend.
Asset catalog requires an open parameterized database backend.
Asset catalog requires an open parameterized database backend.
Asset catalog requires an open parameterized database backend.
Asset catalog requires an open parameterized database backend.
Asset catalog requires an open parameterized database backend.
Asset catalog requires an open parameterized database backend.
Asset catalog requires an open parameterized database backend.
Asset catalog requires an open parameterized database backend.
Asset catalog requires an open parameterized database backend.
Asset catalog requires an open parameterized database backend.
Asset catalog requires an open parameterized database backend.
Asset catalog requires an open parameterized database backend.
Asset catalog requires an open parameterized database backend.
Asset catalog requires an open parameterized database backend.
Asset catalog requires an open parameterized database backend.
Asset catalog requires an open parameterized database backend.
Asset catalog requires an open parameterized database backend.
Asset catalog requires an open parameterized database backend.
Asset catalog requires an open parameterized database backend.
Asset catalog requires an open parameterized database backend.
Component Loaded: workphone::scene::WheelController Actor: Generated wheel 0
Component Loaded: workphone::scene::WheelController Actor: Generated wheel 1
Component Loaded: workphone::scene::WheelController Actor: Generated wheel 2
Component Loaded: workphone::scene::WheelController Actor: Generated wheel 3
Component Loaded: workphone::scene::Mesh Actor: body_paint
Component Loaded: workphone::scene::MeshRenderer Actor: body_paint
Component Loaded: workphone::scene::Material Actor: body_paint
Component Loaded: workphone::scene::Mesh Actor: aero_carbon_matte
Component Loaded: workphone::scene::MeshRenderer Actor: aero_carbon_matte
Component Loaded: workphone::scene::Material Actor: aero_carbon_matte
Component Loaded: workphone::scene::Mesh Actor: aero_carbon_gloss
Component Loaded: workphone::scene::MeshRenderer Actor: aero_carbon_gloss
Component Loaded: workphone::scene::Material Actor: aero_carbon_gloss
Component Loaded: workphone::scene::Mesh Actor: cockpit_glass
Component Loaded: workphone::scene::MeshRenderer Actor: cockpit_glass
Component Loaded: workphone::scene::Material Actor: cockpit_glass
Component Loaded: workphone::scene::Mesh Actor: rain_light
Component Loaded: workphone::scene::MeshRenderer Actor: rain_light
Component Loaded: workphone::scene::Material Actor: rain_light
Component Loaded: workphone::scene::Mesh Actor: front_marker_lights
Component Loaded: workphone::scene::MeshRenderer Actor: front_marker_lights
Component Loaded: workphone::scene::Material Actor: front_marker_lights
Component Loaded: workphone::scene::Mesh Actor: tyres
Component Loaded: workphone::scene::MeshRenderer Actor: tyres
Component Loaded: workphone::scene::Material Actor: tyres
Component Loaded: workphone::scene::Mesh Actor: tyres
Component Loaded: workphone::scene::MeshRenderer Actor: tyres
Component Loaded: workphone::scene::Material Actor: tyres
Component Loaded: workphone::scene::Mesh Actor: tyres
Component Loaded: workphone::scene::MeshRenderer Actor: tyres
Component Loaded: workphone::scene::Material Actor: tyres
Component Loaded: workphone::scene::Mesh Actor: tyres
Component Loaded: workphone::scene::MeshRenderer Actor: tyres
Component Loaded: workphone::scene::Material Actor: tyres
Component Loaded: workphone::scene::Mesh Actor: rims
Component Loaded: workphone::scene::MeshRenderer Actor: rims
Component Loaded: workphone::scene::Material Actor: rims
Component Loaded: workphone::scene::Mesh Actor: rims
Component Loaded: workphone::scene::MeshRenderer Actor: rims
Component Loaded: workphone::scene::Material Actor: rims
Component Loaded: workphone::scene::Mesh Actor: rims
Component Loaded: workphone::scene::MeshRenderer Actor: rims
Component Loaded: workphone::scene::Material Actor: rims
Component Loaded: workphone::scene::Mesh Actor: rims
Component Loaded: workphone::scene::MeshRenderer Actor: rims
Component Loaded: workphone::scene::Material Actor: rims
Component Loaded: workphone::scene::Mesh Actor: brakes
Component Loaded: workphone::scene::MeshRenderer Actor: brakes
Component Loaded: workphone::scene::Material Actor: brakes
Component Loaded: workphone::scene::Mesh Actor: brakes
Component Loaded: workphone::scene::MeshRenderer Actor: brakes
Component Loaded: workphone::scene::Material Actor: brakes
Component Loaded: workphone::scene::Mesh Actor: brakes
Component Loaded: workphone::scene::MeshRenderer Actor: brakes
Component Loaded: workphone::scene::Material Actor: brakes
Component Loaded: workphone::scene::Mesh Actor: brakes
Component Loaded: workphone::scene::MeshRenderer Actor: brakes
Component Loaded: workphone::scene::Material Actor: brakes
Component Loaded: workphone::scene::Mesh Actor: suspension
Component Loaded: workphone::scene::MeshRenderer Actor: suspension
Component Loaded: workphone::scene::Material Actor: suspension
Asset catalog requires an open parameterized database backend.
Asset catalog requires an open parameterized database backend.
Asset catalog requires an open parameterized database backend.
Asset catalog requires an open parameterized database backend.
Asset catalog requires an open parameterized database backend.
Asset catalog requires an open parameterized database backend.
Asset catalog requires an open parameterized database backend.
Asset catalog requires an open parameterized database backend.
Asset catalog requires an open parameterized database backend.
Asset catalog requires an open parameterized database backend.
Component Loaded: workphone::scene::Mesh Actor: Continuous circuit
Component Loaded: workphone::scene::MeshRenderer Actor: Continuous circuit
Component Loaded: workphone::scene::Material Actor: Continuous circuit
Component Loaded: workphone::scene::Mesh Actor: Red kerbs
Component Loaded: workphone::scene::MeshRenderer Actor: Red kerbs
Component Loaded: workphone::scene::Material Actor: Red kerbs
Component Loaded: workphone::scene::Mesh Actor: White kerbs
Component Loaded: workphone::scene::MeshRenderer Actor: White kerbs
Component Loaded: workphone::scene::Material Actor: White kerbs
Component Loaded: workphone::scene::Mesh Actor: Edge markings
Component Loaded: workphone::scene::MeshRenderer Actor: Edge markings
Component Loaded: workphone::scene::Material Actor: Edge markings
Component Loaded: workphone::scene::Mesh Actor: Gravel runoff
Component Loaded: workphone::scene::MeshRenderer Actor: Gravel runoff
Component Loaded: workphone::scene::Material Actor: Gravel runoff
Component Loaded: workphone::scene::Mesh Actor: Circuit guardrails
Component Loaded: workphone::scene::MeshRenderer Actor: Circuit guardrails
Component Loaded: workphone::scene::Material Actor: Circuit guardrails
Component Loaded: workphone::scene::Mesh Actor: Circuit meadow
Component Loaded: workphone::scene::MeshRenderer Actor: Circuit meadow
Component Loaded: workphone::scene::Material Actor: Circuit meadow
Component Loaded: workphone::scene::Mesh Actor: Start finish black
Component Loaded: workphone::scene::MeshRenderer Actor: Start finish black
Component Loaded: workphone::scene::Material Actor: Start finish black
Component Loaded: workphone::scene::Mesh Actor: Start finish white
Component Loaded: workphone::scene::MeshRenderer Actor: Start finish white
Component Loaded: workphone::scene::Material Actor: Start finish white
Component Loaded: workphone::scene::Mesh Actor: Start gantry
Component Loaded: workphone::scene::MeshRenderer Actor: Start gantry
Component Loaded: workphone::scene::Material Actor: Start gantry
Component Loaded: workphone::scene::Mesh Actor: Pit garages
Component Loaded: workphone::scene::MeshRenderer Actor: Pit garages
Component Loaded: workphone::scene::Material Actor: Pit garages
Component Loaded: workphone::scene::Mesh Actor: Pit doors
Component Loaded: workphone::scene::MeshRenderer Actor: Pit doors
Component Loaded: workphone::scene::Material Actor: Pit doors
Asset catalog requires an open parameterized database backend.
Asset catalog requires an open parameterized database backend.
Asset catalog requires an open parameterized database backend.
Asset catalog requires an open parameterized database backend.
Component Loaded: workphone::scene::Mesh Actor: LOD0 pine trunks
Component Loaded: workphone::scene::MeshRenderer Actor: LOD0 pine trunks
Component Loaded: workphone::scene::Material Actor: LOD0 pine trunks
Component Loaded: workphone::scene::Mesh Actor: LOD0 pine canopy
Component Loaded: workphone::scene::MeshRenderer Actor: LOD0 pine canopy
Component Loaded: workphone::scene::Material Actor: LOD0 pine canopy
Component Loaded: workphone::scene::Mesh Actor: LOD1 pine imposters
Component Loaded: workphone::scene::MeshRenderer Actor: LOD1 pine imposters
Component Loaded: workphone::scene::Material Actor: LOD1 pine imposters
Component Loaded: workphone::scene::LODGroup Actor: Tree LOD patch
Component Loaded: workphone::scene::Mesh Actor: LOD0 pine trunks
Component Loaded: workphone::scene::MeshRenderer Actor: LOD0 pine trunks
Component Loaded: workphone::scene::Material Actor: LOD0 pine trunks
Component Loaded: workphone::scene::Mesh Actor: LOD0 pine canopy
Component Loaded: workphone::scene::MeshRenderer Actor: LOD0 pine canopy
Component Loaded: workphone::scene::Material Actor: LOD0 pine canopy
Component Loaded: workphone::scene::Mesh Actor: LOD1 pine imposters
Component Loaded: workphone::scene::MeshRenderer Actor: LOD1 pine imposters
Component Loaded: workphone::scene::Material Actor: LOD1 pine imposters
Component Loaded: workphone::scene::LODGroup Actor: Tree LOD patch
Component Loaded: workphone::scene::Mesh Actor: LOD0 pine trunks
Component Loaded: workphone::scene::MeshRenderer Actor: LOD0 pine trunks
Component Loaded: workphone::scene::Material Actor: LOD0 pine trunks
Component Loaded: workphone::scene::Mesh Actor: LOD0 pine canopy
Component Loaded: workphone::scene::MeshRenderer Actor: LOD0 pine canopy
Component Loaded: workphone::scene::Material Actor: LOD0 pine canopy
Component Loaded: workphone::scene::Mesh Actor: LOD1 pine imposters
Component Loaded: workphone::scene::MeshRenderer Actor: LOD1 pine imposters
Component Loaded: workphone::scene::Material Actor: LOD1 pine imposters
Component Loaded: workphone::scene::LODGroup Actor: Tree LOD patch
Component Loaded: workphone::scene::Mesh Actor: LOD0 pine trunks
Component Loaded: workphone::scene::MeshRenderer Actor: LOD0 pine trunks
Component Loaded: workphone::scene::Material Actor: LOD0 pine trunks
Component Loaded: workphone::scene::Mesh Actor: LOD0 pine canopy
Component Loaded: workphone::scene::MeshRenderer Actor: LOD0 pine canopy
Component Loaded: workphone::scene::Material Actor: LOD0 pine canopy
Component Loaded: workphone::scene::Mesh Actor: LOD1 pine imposters
Component Loaded: workphone::scene::MeshRenderer Actor: LOD1 pine imposters
Component Loaded: workphone::scene::Material Actor: LOD1 pine imposters
Component Loaded: workphone::scene::LODGroup Actor: Tree LOD patch
Component Loaded: workphone::scene::Mesh Actor: LOD0 pine trunks
Component Loaded: workphone::scene::MeshRenderer Actor: LOD0 pine trunks
Component Loaded: workphone::scene::Material Actor: LOD0 pine trunks
Component Loaded: workphone::scene::Mesh Actor: LOD0 pine canopy
Component Loaded: workphone::scene::MeshRenderer Actor: LOD0 pine canopy
Component Loaded: workphone::scene::Material Actor: LOD0 pine canopy
Component Loaded: workphone::scene::Mesh Actor: LOD1 pine imposters
Component Loaded: workphone::scene::MeshRenderer Actor: LOD1 pine imposters
Component Loaded: workphone::scene::Material Actor: LOD1 pine imposters
Component Loaded: workphone::scene::LODGroup Actor: Tree LOD patch
Component Loaded: workphone::scene::Mesh Actor: LOD0 pine trunks
Component Loaded: workphone::scene::MeshRenderer Actor: LOD0 pine trunks
Component Loaded: workphone::scene::Material Actor: LOD0 pine trunks
Component Loaded: workphone::scene::Mesh Actor: LOD0 pine canopy
Component Loaded: workphone::scene::MeshRenderer Actor: LOD0 pine canopy
Component Loaded: workphone::scene::Material Actor: LOD0 pine canopy
Component Loaded: workphone::scene::Mesh Actor: LOD1 pine imposters
Component Loaded: workphone::scene::MeshRenderer Actor: LOD1 pine imposters
Component Loaded: workphone::scene::Material Actor: LOD1 pine imposters
Component Loaded: workphone::scene::LODGroup Actor: Tree LOD patch
Component Loaded: workphone::scene::Mesh Actor: LOD0 pine trunks
Component Loaded: workphone::scene::MeshRenderer Actor: LOD0 pine trunks
Component Loaded: workphone::scene::Material Actor: LOD0 pine trunks
Component Loaded: workphone::scene::Mesh Actor: LOD0 pine canopy
Component Loaded: workphone::scene::MeshRenderer Actor: LOD0 pine canopy
Component Loaded: workphone::scene::Material Actor: LOD0 pine canopy
Component Loaded: workphone::scene::Mesh Actor: LOD1 pine imposters
Component Loaded: workphone::scene::MeshRenderer Actor: LOD1 pine imposters
Component Loaded: workphone::scene::Material Actor: LOD1 pine imposters
Component Loaded: workphone::scene::LODGroup Actor: Tree LOD patch
Component Loaded: workphone::scene::Mesh Actor: LOD0 pine trunks
Component Loaded: workphone::scene::MeshRenderer Actor: LOD0 pine trunks
Component Loaded: workphone::scene::Material Actor: LOD0 pine trunks
Component Loaded: workphone::scene::Mesh Actor: LOD0 pine canopy
Component Loaded: workphone::scene::MeshRenderer Actor: LOD0 pine canopy
Component Loaded: workphone::scene::Material Actor: LOD0 pine canopy
Component Loaded: workphone::scene::Mesh Actor: LOD1 pine imposters
Component Loaded: workphone::scene::MeshRenderer Actor: LOD1 pine imposters
Component Loaded: workphone::scene::Material Actor: LOD1 pine imposters
Component Loaded: workphone::scene::LODGroup Actor: Tree LOD patch
Component Loaded: workphone::scene::Mesh Actor: LOD0 pine trunks
Component Loaded: workphone::scene::MeshRenderer Actor: LOD0 pine trunks
Component Loaded: workphone::scene::Material Actor: LOD0 pine trunks
Component Loaded: workphone::scene::Mesh Actor: LOD0 pine canopy
Component Loaded: workphone::scene::MeshRenderer Actor: LOD0 pine canopy
Component Loaded: workphone::scene::Material Actor: LOD0 pine canopy
Component Loaded: workphone::scene::Mesh Actor: LOD1 pine imposters
Component Loaded: workphone::scene::MeshRenderer Actor: LOD1 pine imposters
Component Loaded: workphone::scene::Material Actor: LOD1 pine imposters
Component Loaded: workphone::scene::LODGroup Actor: Tree LOD patch
Component Loaded: workphone::scene::Mesh Actor: LOD0 pine trunks
Component Loaded: workphone::scene::MeshRenderer Actor: LOD0 pine trunks
Component Loaded: workphone::scene::Material Actor: LOD0 pine trunks
Component Loaded: workphone::scene::Mesh Actor: LOD0 pine canopy
Component Loaded: workphone::scene::MeshRenderer Actor: LOD0 pine canopy
Component Loaded: workphone::scene::Material Actor: LOD0 pine canopy
Component Loaded: workphone::scene::Mesh Actor: LOD1 pine imposters
Component Loaded: workphone::scene::MeshRenderer Actor: LOD1 pine imposters
Component Loaded: workphone::scene::Material Actor: LOD1 pine imposters
Component Loaded: workphone::scene::LODGroup Actor: Tree LOD patch
Component Loaded: workphone::scene::Mesh Actor: LOD0 pine trunks
Component Loaded: workphone::scene::MeshRenderer Actor: LOD0 pine trunks
Component Loaded: workphone::scene::Material Actor: LOD0 pine trunks
Component Loaded: workphone::scene::Mesh Actor: LOD0 pine canopy
Component Loaded: workphone::scene::MeshRenderer Actor: LOD0 pine canopy
Component Loaded: workphone::scene::Material Actor: LOD0 pine canopy
Component Loaded: workphone::scene::Mesh Actor: LOD1 pine imposters
Component Loaded: workphone::scene::MeshRenderer Actor: LOD1 pine imposters
Component Loaded: workphone::scene::Material Actor: LOD1 pine imposters
Component Loaded: workphone::scene::LODGroup Actor: Tree LOD patch
Component Loaded: workphone::scene::Mesh Actor: LOD0 pine trunks
Component Loaded: workphone::scene::MeshRenderer Actor: LOD0 pine trunks
Component Loaded: workphone::scene::Material Actor: LOD0 pine trunks
Component Loaded: workphone::scene::Mesh Actor: LOD0 pine canopy
Component Loaded: workphone::scene::MeshRenderer Actor: LOD0 pine canopy
Component Loaded: workphone::scene::Material Actor: LOD0 pine canopy
Component Loaded: workphone::scene::Mesh Actor: LOD1 pine imposters
Component Loaded: workphone::scene::MeshRenderer Actor: LOD1 pine imposters
Component Loaded: workphone::scene::Material Actor: LOD1 pine imposters
Component Loaded: workphone::scene::LODGroup Actor: Tree LOD patch
Component Loaded: workphone::scene::Mesh Actor: LOD0 pine trunks
Component Loaded: workphone::scene::MeshRenderer Actor: LOD0 pine trunks
Component Loaded: workphone::scene::Material Actor: LOD0 pine trunks
Component Loaded: workphone::scene::Mesh Actor: LOD0 pine canopy
Component Loaded: workphone::scene::MeshRenderer Actor: LOD0 pine canopy
Component Loaded: workphone::scene::Material Actor: LOD0 pine canopy
Component Loaded: workphone::scene::Mesh Actor: LOD1 pine imposters
Component Loaded: workphone::scene::MeshRenderer Actor: LOD1 pine imposters
Component Loaded: workphone::scene::Material Actor: LOD1 pine imposters
Component Loaded: workphone::scene::LODGroup Actor: Tree LOD patch
Component Loaded: workphone::scene::Mesh Actor: LOD0 pine trunks
Component Loaded: workphone::scene::MeshRenderer Actor: LOD0 pine trunks
Component Loaded: workphone::scene::Material Actor: LOD0 pine trunks
Component Loaded: workphone::scene::Mesh Actor: LOD0 pine canopy
Component Loaded: workphone::scene::MeshRenderer Actor: LOD0 pine canopy
Component Loaded: workphone::scene::Material Actor: LOD0 pine canopy
Component Loaded: workphone::scene::Mesh Actor: LOD1 pine imposters
Component Loaded: workphone::scene::MeshRenderer Actor: LOD1 pine imposters
Component Loaded: workphone::scene::Material Actor: LOD1 pine imposters
Component Loaded: workphone::scene::LODGroup Actor: Tree LOD patch
Component Loaded: workphone::scene::Mesh Actor: LOD0 pine trunks
Component Loaded: workphone::scene::MeshRenderer Actor: LOD0 pine trunks
Component Loaded: workphone::scene::Material Actor: LOD0 pine trunks
Component Loaded: workphone::scene::Mesh Actor: LOD0 pine canopy
Component Loaded: workphone::scene::MeshRenderer Actor: LOD0 pine canopy
Component Loaded: workphone::scene::Material Actor: LOD0 pine canopy
Component Loaded: workphone::scene::Mesh Actor: LOD1 pine imposters
Component Loaded: workphone::scene::MeshRenderer Actor: LOD1 pine imposters
Component Loaded: workphone::scene::Material Actor: LOD1 pine imposters
Component Loaded: workphone::scene::LODGroup Actor: Tree LOD patch
Component Loaded: workphone::scene::Mesh Actor: LOD0 pine trunks
Component Loaded: workphone::scene::MeshRenderer Actor: LOD0 pine trunks
Component Loaded: workphone::scene::Material Actor: LOD0 pine trunks
Component Loaded: workphone::scene::Mesh Actor: LOD0 pine canopy
Component Loaded: workphone::scene::MeshRenderer Actor: LOD0 pine canopy
Component Loaded: workphone::scene::Material Actor: LOD0 pine canopy
Component Loaded: workphone::scene::Mesh Actor: LOD1 pine imposters
Component Loaded: workphone::scene::MeshRenderer Actor: LOD1 pine imposters
Component Loaded: workphone::scene::Material Actor: LOD1 pine imposters
Component Loaded: workphone::scene::LODGroup Actor: Tree LOD patch
Component Loaded: workphone::scene::Mesh Actor: LOD0 pine trunks
Component Loaded: workphone::scene::MeshRenderer Actor: LOD0 pine trunks
Component Loaded: workphone::scene::Material Actor: LOD0 pine trunks
Component Loaded: workphone::scene::Mesh Actor: LOD0 pine canopy
Component Loaded: workphone::scene::MeshRenderer Actor: LOD0 pine canopy
Component Loaded: workphone::scene::Material Actor: LOD0 pine canopy
Component Loaded: workphone::scene::Mesh Actor: LOD1 pine imposters
Component Loaded: workphone::scene::MeshRenderer Actor: LOD1 pine imposters
Component Loaded: workphone::scene::Material Actor: LOD1 pine imposters
Component Loaded: workphone::scene::LODGroup Actor: Tree LOD patch
Component Loaded: workphone::scene::Mesh Actor: LOD0 pine trunks
Component Loaded: workphone::scene::MeshRenderer Actor: LOD0 pine trunks
Component Loaded: workphone::scene::Material Actor: LOD0 pine trunks
Component Loaded: workphone::scene::Mesh Actor: LOD0 pine canopy
Component Loaded: workphone::scene::MeshRenderer Actor: LOD0 pine canopy
Component Loaded: workphone::scene::Material Actor: LOD0 pine canopy
Component Loaded: workphone::scene::Mesh Actor: LOD1 pine imposters
Component Loaded: workphone::scene::MeshRenderer Actor: LOD1 pine imposters
Component Loaded: workphone::scene::Material Actor: LOD1 pine imposters
Component Loaded: workphone::scene::LODGroup Actor: Tree LOD patch
Component Loaded: workphone::scene::Mesh Actor: LOD0 pine trunks
Component Loaded: workphone::scene::MeshRenderer Actor: LOD0 pine trunks
Component Loaded: workphone::scene::Material Actor: LOD0 pine trunks
Component Loaded: workphone::scene::Mesh Actor: LOD0 pine canopy
Component Loaded: workphone::scene::MeshRenderer Actor: LOD0 pine canopy
Component Loaded: workphone::scene::Material Actor: LOD0 pine canopy
Component Loaded: workphone::scene::Mesh Actor: LOD1 pine imposters
Component Loaded: workphone::scene::MeshRenderer Actor: LOD1 pine imposters
Component Loaded: workphone::scene::Material Actor: LOD1 pine imposters
Component Loaded: workphone::scene::LODGroup Actor: Tree LOD patch
Component Loaded: workphone::scene::Mesh Actor: LOD0 pine trunks
Component Loaded: workphone::scene::MeshRenderer Actor: LOD0 pine trunks
Component Loaded: workphone::scene::Material Actor: LOD0 pine trunks
Component Loaded: workphone::scene::Mesh Actor: LOD0 pine canopy
Component Loaded: workphone::scene::MeshRenderer Actor: LOD0 pine canopy
Component Loaded: workphone::scene::Material Actor: LOD0 pine canopy
Component Loaded: workphone::scene::Mesh Actor: LOD1 pine imposters
Component Loaded: workphone::scene::MeshRenderer Actor: LOD1 pine imposters
Component Loaded: workphone::scene::Material Actor: LOD1 pine imposters
Component Loaded: workphone::scene::LODGroup Actor: Tree LOD patch
Component Loaded: workphone::scene::Mesh Actor: LOD0 pine trunks
Component Loaded: workphone::scene::MeshRenderer Actor: LOD0 pine trunks
Component Loaded: workphone::scene::Material Actor: LOD0 pine trunks
Component Loaded: workphone::scene::Mesh Actor: LOD0 pine canopy
Component Loaded: workphone::scene::MeshRenderer Actor: LOD0 pine canopy
Component Loaded: workphone::scene::Material Actor: LOD0 pine canopy
Component Loaded: workphone::scene::Mesh Actor: LOD1 pine imposters
Component Loaded: workphone::scene::MeshRenderer Actor: LOD1 pine imposters
Component Loaded: workphone::scene::Material Actor: LOD1 pine imposters
Component Loaded: workphone::scene::LODGroup Actor: Tree LOD patch
Component Loaded: workphone::scene::Mesh Actor: LOD0 pine trunks
Component Loaded: workphone::scene::MeshRenderer Actor: LOD0 pine trunks
Component Loaded: workphone::scene::Material Actor: LOD0 pine trunks
Component Loaded: workphone::scene::Mesh Actor: LOD0 pine canopy
Component Loaded: workphone::scene::MeshRenderer Actor: LOD0 pine canopy
Component Loaded: workphone::scene::Material Actor: LOD0 pine canopy
Component Loaded: workphone::scene::Mesh Actor: LOD1 pine imposters
Component Loaded: workphone::scene::MeshRenderer Actor: LOD1 pine imposters
Component Loaded: workphone::scene::Material Actor: LOD1 pine imposters
Component Loaded: workphone::scene::LODGroup Actor: Tree LOD patch
Component Loaded: workphone::scene::Mesh Actor: LOD0 pine trunks
Component Loaded: workphone::scene::MeshRenderer Actor: LOD0 pine trunks
Component Loaded: workphone::scene::Material Actor: LOD0 pine trunks
Component Loaded: workphone::scene::Mesh Actor: LOD0 pine canopy
Component Loaded: workphone::scene::MeshRenderer Actor: LOD0 pine canopy
Component Loaded: workphone::scene::Material Actor: LOD0 pine canopy
Component Loaded: workphone::scene::Mesh Actor: LOD1 pine imposters
Component Loaded: workphone::scene::MeshRenderer Actor: LOD1 pine imposters
Component Loaded: workphone::scene::Material Actor: LOD1 pine imposters
Component Loaded: workphone::scene::LODGroup Actor: Tree LOD patch
Component Loaded: workphone::scene::Mesh Actor: LOD0 pine trunks
Component Loaded: workphone::scene::MeshRenderer Actor: LOD0 pine trunks
Component Loaded: workphone::scene::Material Actor: LOD0 pine trunks
Component Loaded: workphone::scene::Mesh Actor: LOD0 pine canopy
Component Loaded: workphone::scene::MeshRenderer Actor: LOD0 pine canopy
Component Loaded: workphone::scene::Material Actor: LOD0 pine canopy
Component Loaded: workphone::scene::Mesh Actor: LOD1 pine imposters
Component Loaded: workphone::scene::MeshRenderer Actor: LOD1 pine imposters
Component Loaded: workphone::scene::Material Actor: LOD1 pine imposters
Component Loaded: workphone::scene::LODGroup Actor: Tree LOD patch
Component Loaded: workphone::scene::Mesh Actor: LOD0 pine trunks
Component Loaded: workphone::scene::MeshRenderer Actor: LOD0 pine trunks
Component Loaded: workphone::scene::Material Actor: LOD0 pine trunks
Component Loaded: workphone::scene::Mesh Actor: LOD0 pine canopy
Component Loaded: workphone::scene::MeshRenderer Actor: LOD0 pine canopy
Component Loaded: workphone::scene::Material Actor: LOD0 pine canopy
Component Loaded: workphone::scene::Mesh Actor: LOD1 pine imposters
Component Loaded: workphone::scene::MeshRenderer Actor: LOD1 pine imposters
Component Loaded: workphone::scene::Material Actor: LOD1 pine imposters
Component Loaded: workphone::scene::LODGroup Actor: Tree LOD patch
Component Loaded: workphone::scene::Mesh Actor: LOD0 pine trunks
Component Loaded: workphone::scene::MeshRenderer Actor: LOD0 pine trunks
Component Loaded: workphone::scene::Material Actor: LOD0 pine trunks
Component Loaded: workphone::scene::Mesh Actor: LOD0 pine canopy
Component Loaded: workphone::scene::MeshRenderer Actor: LOD0 pine canopy
Component Loaded: workphone::scene::Material Actor: LOD0 pine canopy
Component Loaded: workphone::scene::Mesh Actor: LOD1 pine imposters
Component Loaded: workphone::scene::MeshRenderer Actor: LOD1 pine imposters
Component Loaded: workphone::scene::Material Actor: LOD1 pine imposters
Component Loaded: workphone::scene::LODGroup Actor: Tree LOD patch
Component Loaded: workphone::scene::Mesh Actor: LOD0 pine trunks
Component Loaded: workphone::scene::MeshRenderer Actor: LOD0 pine trunks
Component Loaded: workphone::scene::Material Actor: LOD0 pine trunks
Component Loaded: workphone::scene::Mesh Actor: LOD0 pine canopy
Component Loaded: workphone::scene::MeshRenderer Actor: LOD0 pine canopy
Component Loaded: workphone::scene::Material Actor: LOD0 pine canopy
Component Loaded: workphone::scene::Mesh Actor: LOD1 pine imposters
Component Loaded: workphone::scene::MeshRenderer Actor: LOD1 pine imposters
Component Loaded: workphone::scene::Material Actor: LOD1 pine imposters
Component Loaded: workphone::scene::LODGroup Actor: Tree LOD patch
Component Loaded: workphone::scene::Mesh Actor: LOD0 pine trunks
Component Loaded: workphone::scene::MeshRenderer Actor: LOD0 pine trunks
Component Loaded: workphone::scene::Material Actor: LOD0 pine trunks
Component Loaded: workphone::scene::Mesh Actor: LOD0 pine canopy
Component Loaded: workphone::scene::MeshRenderer Actor: LOD0 pine canopy
Component Loaded: workphone::scene::Material Actor: LOD0 pine canopy
Component Loaded: workphone::scene::Mesh Actor: LOD1 pine imposters
Component Loaded: workphone::scene::MeshRenderer Actor: LOD1 pine imposters
Component Loaded: workphone::scene::Material Actor: LOD1 pine imposters
Component Loaded: workphone::scene::LODGroup Actor: Tree LOD patch
Component Loaded: workphone::scene::Mesh Actor: Distant hills
Component Loaded: workphone::scene::MeshRenderer Actor: Distant hills
Component Loaded: workphone::scene::Material Actor: Distant hills
Component Loaded: workphone::scene::Cubemap Actor: Vehicle Reflection Cubemap
Asset catalog requires an open parameterized database backend.
Asset catalog requires an open parameterized database backend.
Asset catalog requires an open parameterized database backend.
Asset catalog requires an open parameterized database backend.
Asset catalog requires an open parameterized database backend.
Asset catalog requires an open parameterized database backend.
Asset catalog requires an open parameterized database backend.
Asset catalog requires an open parameterized database backend.
Asset catalog requires an open parameterized database backend.
Asset catalog requires an open parameterized database backend.
Asset catalog requires an open parameterized database backend.
Asset catalog requires an open parameterized database backend.
Asset catalog requires an open parameterized database backend.
Asset catalog requires an open parameterized database backend.
Asset catalog requires an open parameterized database backend.
Asset catalog requires an open parameterized database backend.
Asset catalog requires an open parameterized database backend.
Asset catalog requires an open parameterized database backend.
Asset catalog requires an open parameterized database backend.
Asset catalog requires an open parameterized database backend.
Asset catalog requires an open parameterized database backend.
Asset catalog requires an open parameterized database backend.
Asset catalog requires an open parameterized database backend.
Asset catalog requires an open parameterized database backend.
Asset catalog requires an open parameterized database backend.
Asset catalog requires an open parameterized database backend.
Asset catalog requires an open parameterized database backend.
Asset catalog requires an open parameterized database backend.
Asset catalog requires an open parameterized database backend.
Asset catalog requires an open parameterized database backend.
Asset catalog requires an open parameterized database backend.
Asset catalog requires an open parameterized database backend.
Asset catalog requires an open parameterized database backend.
Asset catalog requires an open parameterized database backend.
Asset catalog requires an open parameterized database backend.
Asset catalog requires an open parameterized database backend.
Asset catalog requires an open parameterized database backend.
Asset catalog requires an open parameterized database backend.
Component Loaded: workphone::scene::Material Actor: Vehicle Reflection Cubemap
VehicleAdvanced: custom cubemap actor created; reflection applied to all vehicle materials.
Asset catalog requires an open parameterized database backend.
Asset catalog requires an open parameterized database backend.
Component Loaded: workphone::scene::Mesh Actor: Vehicle contact shadow
Component Loaded: workphone::scene::MeshRenderer Actor: Vehicle contact shadow
Component Loaded: workphone::scene::Material Actor: Vehicle contact shadow
VehicleAdvanced generation milliseconds=3966.0411999999997
VehicleAdvanced generated: seed=7 hash=14479680043490062693 triangles=20896 texture bytes=8536032 circuit metres=851.278
Database::load: asset.db
Database::load: database exists at asset.db
WheelControllerBrush only supports the Brush tire model.
WheelControllerBrush only supports the Brush tire model.
WheelControllerBrush only supports the Brush tire model.
WheelControllerBrush only supports the Brush tire model.
Component Loaded: workphone::scene::VehicleCameraController Actor: Vehicle Follow Camera
WheelControllerBrush only supports the Brush tire model.
WheelControllerBrush only supports the Brush tire model.
WheelControllerBrush only supports the Brush tire model.
WheelControllerBrush only supports the Brush tire model.
ClawImguiManager::init: creating UI context and font atlas.
ClawImguiManager::init: context configured; viewport=1280x720, docking enabled, settings=.ini
GRAND PRIX | 0.0 km/h | Gear 1 | 0 rpm | Lap 1
Lap time 0.0 s | Last 0.0 s | Best 0.0 s
Circuit 851.3 m | Seed 7
Advanced physics: dt=1.2370441000000001 mass=798 inertia=1071.79 1118.46 91.2612 angular=0 0 0 controllerMass=798 root=0 0.42 0 mount=-0.81 0.0253547 -1.93793 rate=131077 damping=4176.83 travel=0.076
WheelControllerBrush only supports the Brush tire model.
WheelControllerBrush only supports the Brush tire model.
WheelControllerBrush only supports the Brush tire model.
WheelControllerBrush only supports the Brush tire model.
GRAND PRIX | 1.2 km/h | Gear 1 | 4200 rpm | Lap 1
Lap time 5.8 s | Last 0.0 s | Best 0.0 s
Circuit 851.3 m | Seed 7
Advanced physics: dt=5.8399160999999999 mass=798 inertia=1071.79 1118.46 91.2612 angular=0 0 0 controllerMass=798 root=0 0.42 0 mount=-0.81 0.0253547 -1.93793 rate=131077 damping=4176.83 travel=0.076
GRAND PRIX | 1.2 km/h | Gear 1 | 4200 rpm | Lap 1
Lap time 8.1 s | Last 0.0 s | Best 0.0 s
Circuit 851.3 m | Seed 7
Advanced physics: dt=0.59459540000000111 mass=798 inertia=1071.79 1118.46 91.2612 angular=0.0317334 -1.48855e-14 -2.35218e-12 controllerMass=798 root=1.31516e-15 0.4038 0.000755737 mount=-0.81 0.0253547 -1.93793 rate=131077 damping=4176.83 travel=0.076
GRAND PRIX | 1.6 km/h | Gear 1 | 4200 rpm | Lap 1
Lap time 10.2 s | Last 0.0 s | Best 0.0 s
Circuit 851.3 m | Seed 7
Advanced physics: dt=0.08124890000000029 mass=798 inertia=1071.79 1118.46 91.2612 angular=-0.291521 2.03017e-14 -1.38662e-12 controllerMass=798 root=-5.71031e-14 0.391398 -5.76117e-05 mount=-0.81 0.0253547 -1.93793 rate=131077 damping=4176.83 travel=0.076
GRAND PRIX | 0.6 km/h | Gear 1 | 4200 rpm | Lap 1
Lap time 12.3 s | Last 0.0 s | Best 0.0 s
Circuit 851.3 m | Seed 7
Advanced physics: dt=0.066888699999999801 mass=798 inertia=1071.79 1118.46 91.2612 angular=0.0301129 3.84796e-14 -3.0478e-13 controllerMass=798 root=-1.25299e-13 0.356157 0.000872712 mount=-0.81 0.0253547 -1.93793 rate=131077 damping=4176.83 travel=0.076
Vehicle smoke phase 0: PASS position=-1.28122e-13 0.406897 0.000805818 speed=5.55283e-05 height range=0.0887163 peak vertical speed=0.35775
GRAND PRIX | 0.8 km/h | Gear 1 | 4200 rpm | Lap 1
Lap time 14.3 s | Last 0.0 s | Best 0.0 s
Circuit 851.3 m | Seed 7
Advanced physics: dt=0.054598800000000836 mass=798 inertia=1071.79 1118.46 91.2612 angular=-0.00501808 9.64248e-15 -1.26472e-13 controllerMass=798 root=-1.28727e-13 0.414498 0.000803971 mount=-0.81 0.0253547 -1.93793 rate=131077 damping=4176.83 travel=0.076
Vehicle smoke: rendered vehicle hierarchy does not match its pose.
TRACE ApplicationManager unload start
Conflicting catalog identity; insertion rejected.
Conflicting catalog identity; insertion rejected.
TRACE GameManager destructor body start
TRACE GameManager destructor body end
TRACE ApplicationManager game manager done
TRACE ApplicationManager physics manager done
TRACE ApplicationManager job queue done
TRACE ApplicationManager task manager done
TRACE ApplicationManager window done
TRACE ApplicationManager scene window done
TRACE ApplicationManager ui done
TRACE StateManager remove context begin 000001B5040BE920
TRACE StateManager context list size 46
TRACE StateManager context erase complete
TRACE StateContext unload start 000001B5040BE920 state 7
TRACE StateContext queues snapshotted 15
TRACE StateContext queue 0 000001B57C127590 start
TRACE StateContext queue 0 messages 0
TRACE StateContext queue 0 messages clear start
TRACE StateContext queue 0 messages clear end
TRACE StateContext queue 0 complete
TRACE StateContext queue 1 000001B57C1276B0 start
TRACE StateContext queue 1 messages 0
TRACE StateContext queue 1 messages clear start
TRACE StateContext queue 1 messages clear end
TRACE StateContext queue 1 complete
TRACE StateContext queue 2 000001B57C1277D0 start
TRACE StateContext queue 2 messages 0
TRACE StateContext queue 2 messages clear start
TRACE StateContext queue 2 messages clear end
TRACE StateContext queue 2 complete
TRACE StateContext queue 3 000001B57C1278F0 start
TRACE StateContext queue 3 messages 0
TRACE StateContext queue 3 messages clear start
TRACE StateContext queue 3 messages clear end
TRACE StateContext queue 3 complete
TRACE StateContext queue 4 000001B57C127A10 start
TRACE StateContext queue 4 messages 0
TRACE StateContext queue 4 messages clear start
TRACE StateContext queue 4 messages clear end
TRACE StateContext queue 4 complete
TRACE StateContext queue 5 000001B57C127B30 start
TRACE StateContext queue 5 messages 0
TRACE StateContext queue 5 messages clear start
TRACE StateContext queue 5 messages clear end
TRACE StateContext queue 5 complete
TRACE StateContext queue 6 000001B57C127C50 start
TRACE StateContext queue 6 messages 0
TRACE StateContext queue 6 messages clear start
TRACE StateContext queue 6 messages clear end
TRACE StateContext queue 6 complete
TRACE StateContext queue 7 000001B57C127D70 start
TRACE StateContext queue 7 messages 0
TRACE StateContext queue 7 messages clear start
TRACE StateContext queue 7 messages clear end
TRACE StateContext queue 7 complete
TRACE StateContext queue 8 000001B57C127E90 start
TRACE StateContext queue 8 messages 0
TRACE StateContext queue 8 messages clear start
TRACE StateContext queue 8 messages clear end
TRACE StateContext queue 8 complete
TRACE StateContext queue 9 000001B57C127FB0 start
TRACE StateContext queue 9 messages 0
TRACE StateContext queue 9 messages clear start
TRACE StateContext queue 9 messages clear end
TRACE StateContext queue 9 complete
TRACE StateContext queue 10 000001B57C12ED10 start
TRACE StateContext queue 10 messages 0
TRACE StateContext queue 10 messages clear start
TRACE StateContext queue 10 messages clear end
TRACE StateContext queue 10 complete
TRACE StateContext queue 11 000001B57C12EE30 start
TRACE StateContext queue 11 messages 0
TRACE StateContext queue 11 messages clear start
TRACE StateContext queue 11 messages clear end
TRACE StateContext queue 11 complete
TRACE StateContext queue 12 000001B57C12EF50 start
TRACE StateContext queue 12 messages 0
TRACE StateContext queue 12 messages clear start
TRACE StateContext queue 12 messages clear end
TRACE StateContext queue 12 complete
TRACE StateContext queue 13 000001B57C12F070 start
TRACE StateContext queue 13 messages 0
TRACE StateContext queue 13 messages clear start
TRACE StateContext queue 13 messages clear end
TRACE StateContext queue 13 complete
TRACE StateContext queue 14 000001B57C12F190 start
TRACE StateContext queue 14 messages 0
TRACE StateContext queue 14 messages clear start
TRACE StateContext queue 14 messages clear end
TRACE StateContext queue 14 complete
TRACE StateContext all queues drained
TRACE StateContext states snapshotted 2
TRACE StateContext states cleared
TRACE StateContext queues cleared
TRACE StateContext shared listener cleared
TRACE StateContext unload end 000001B5040BE920
TRACE StateContext unload start 000001B5040BE920 state 5
TRACE StateManager remove context begin 000001B5040BE9F0
TRACE StateManager context list size 45
TRACE StateManager context erase complete
TRACE StateContext unload start 000001B5040BE9F0 state 7
TRACE StateContext queues snapshotted 15
TRACE StateContext queue 0 000001B57C12F2B0 start
TRACE StateContext queue 0 messages 0
TRACE StateContext queue 0 messages clear start
TRACE StateContext queue 0 messages clear end
TRACE StateContext queue 0 complete
TRACE StateContext queue 1 000001B57C12F3D0 start
TRACE StateContext queue 1 messages 0
TRACE StateContext queue 1 messages clear start
TRACE StateContext queue 1 messages clear end
TRACE StateContext queue 1 complete
TRACE StateContext queue 2 000001B57C12F4F0 start
TRACE StateContext queue 2 messages 0
TRACE StateContext queue 2 messages clear start
TRACE StateContext queue 2 messages clear end
TRACE StateContext queue 2 complete
TRACE StateContext queue 3 000001B57C12F610 start
TRACE StateContext queue 3 messages 0
TRACE StateContext queue 3 messages clear start
TRACE StateContext queue 3 messages clear end
TRACE StateContext queue 3 complete
TRACE StateContext queue 4 000001B57C12F730 start
TRACE StateContext queue 4 messages 0
TRACE StateContext queue 4 messages clear start
TRACE StateContext queue 4 messages clear end
TRACE StateContext queue 4 complete
TRACE StateContext queue 5 000001B57C12F850 start
TRACE StateContext queue 5 messages 0
TRACE StateContext queue 5 messages clear start
TRACE StateContext queue 5 messages clear end
TRACE StateContext queue 5 complete
TRACE StateContext queue 6 000001B57C12F970 start
TRACE StateContext queue 6 messages 0
TRACE StateContext queue 6 messages clear start
TRACE StateContext queue 6 messages clear end
TRACE StateContext queue 6 complete
TRACE StateContext queue 7 000001B57C12FA90 start
TRACE StateContext queue 7 messages 0
TRACE StateContext queue 7 messages clear start
TRACE StateContext queue 7 messages clear end
TRACE StateContext queue 7 complete
TRACE StateContext queue 8 000001B57C12FBB0 start
TRACE StateContext queue 8 messages 0
TRACE StateContext queue 8 messages clear start
TRACE StateContext queue 8 messages clear end
TRACE StateContext queue 8 complete
TRACE StateContext queue 9 000001B57C12FCD0 start
TRACE StateContext queue 9 messages 0
TRACE StateContext queue 9 messages clear start
TRACE StateContext queue 9 messages clear end
TRACE StateContext queue 9 complete
TRACE StateContext queue 10 000001B57C12FDF0 start
TRACE StateContext queue 10 messages 0
TRACE StateContext queue 10 messages clear start
TRACE StateContext queue 10 messages clear end
TRACE StateContext queue 10 complete
TRACE StateContext queue 11 000001B57C12FF10 start
TRACE StateContext queue 11 messages 0
TRACE StateContext queue 11 messages clear start
TRACE StateContext queue 11 messages clear end
TRACE StateContext queue 11 complete
TRACE StateContext queue 12 000001B57C130030 start
TRACE StateContext queue 12 messages 0
TRACE StateContext queue 12 messages clear start
TRACE StateContext queue 12 messages clear end
TRACE StateContext queue 12 complete
TRACE StateContext queue 13 000001B57C130150 start
TRACE StateContext queue 13 messages 0
TRACE StateContext queue 13 messages clear start
TRACE StateContext queue 13 messages clear end
TRACE StateContext queue 13 complete
TRACE StateContext queue 14 000001B57C130270 start
TRACE StateContext queue 14 messages 0
TRACE StateContext queue 14 messages clear start
TRACE StateContext queue 14 messages clear end
TRACE StateContext queue 14 complete
TRACE StateContext all queues drained
TRACE StateContext states snapshotted 2
TRACE StateContext states cleared
TRACE StateContext queues cleared
TRACE StateContext shared listener cleared
TRACE StateContext unload end 000001B5040BE9F0
TRACE StateContext unload start 000001B5040BE9F0 state 5
TRACE StateManager remove context begin 000001B5040BEAC0
TRACE StateManager context list size 44
TRACE StateManager context erase complete
TRACE StateContext unload start 000001B5040BEAC0 state 7
TRACE StateContext queues snapshotted 15
TRACE StateContext queue 0 000001B57C130390 start
TRACE StateContext queue 0 messages 0
TRACE StateContext queue 0 messages clear start
TRACE StateContext queue 0 messages clear end
TRACE StateContext queue 0 complete
TRACE StateContext queue 1 000001B57C1304B0 start
TRACE StateContext queue 1 messages 0
TRACE StateContext queue 1 messages clear start
TRACE StateContext queue 1 messages clear end
TRACE StateContext queue 1 complete
TRACE StateContext queue 2 000001B57C1305D0 start
TRACE StateContext queue 2 messages 0
TRACE StateContext queue 2 messages clear start
TRACE StateContext queue 2 messages clear end
TRACE StateContext queue 2 complete
TRACE StateContext queue 3 000001B57C1306F0 start
TRACE StateContext queue 3 messages 0
TRACE StateContext queue 3 messages clear start
TRACE StateContext queue 3 messages clear end
TRACE StateContext queue 3 complete
TRACE StateContext queue 4 000001B57C130810 start
TRACE StateContext queue 4 messages 0
TRACE StateContext queue 4 messages clear start
TRACE StateContext queue 4 messages clear end
TRACE StateContext queue 4 complete
TRACE StateContext queue 5 000001B57C130930 start
TRACE StateContext queue 5 messages 0
TRACE StateContext queue 5 messages clear start
TRACE StateContext queue 5 messages clear end
TRACE StateContext queue 5 complete
TRACE StateContext queue 6 000001B57C130A50 start
TRACE StateContext queue 6 messages 0
TRACE StateContext queue 6 messages clear start
TRACE StateContext queue 6 messages clear end
TRACE StateContext queue 6 complete
TRACE StateContext queue 7 000001B57C130B70 start
TRACE StateContext queue 7 messages 0
TRACE StateContext queue 7 messages clear start
TRACE StateContext queue 7 messages clear end
TRACE StateContext queue 7 complete
TRACE StateContext queue 8 000001B57C130C90 start
TRACE StateContext queue 8 messages 0
TRACE StateContext queue 8 messages clear start
TRACE StateContext queue 8 messages clear end
TRACE StateContext queue 8 complete
TRACE StateContext queue 9 000001B57C130DB0 start
TRACE StateContext queue 9 messages 0
TRACE StateContext queue 9 messages clear start
TRACE StateContext queue 9 messages clear end
TRACE StateContext queue 9 complete
TRACE StateContext queue 10 000001B57C130ED0 start
TRACE StateContext queue 10 messages 0
TRACE StateContext queue 10 messages clear start
TRACE StateContext queue 10 messages clear end
TRACE StateContext queue 10 complete
TRACE StateContext queue 11 000001B57C130FF0 start
TRACE StateContext queue 11 messages 0
TRACE StateContext queue 11 messages clear start
TRACE StateContext queue 11 messages clear end
TRACE StateContext queue 11 complete
TRACE StateContext queue 12 000001B5C0D74B20 start
TRACE StateContext queue 12 messages 0
TRACE StateContext queue 12 messages clear start
TRACE StateContext queue 12 messages clear end
TRACE StateContext queue 12 complete
TRACE StateContext queue 13 000001B5C0D74C40 start
TRACE StateContext queue 13 messages 0
TRACE StateContext queue 13 messages clear start
TRACE StateContext queue 13 messages clear end
TRACE StateContext queue 13 complete
TRACE StateContext queue 14 000001B5C0D74D60 start
TRACE StateContext queue 14 messages 0
TRACE StateContext queue 14 messages clear start
TRACE StateContext queue 14 messages clear end
TRACE StateContext queue 14 complete
TRACE StateContext all queues drained
TRACE StateContext states snapshotted 2
TRACE StateContext states cleared
TRACE StateContext queues cleared
TRACE StateContext shared listener cleared
TRACE StateContext unload end 000001B5040BEAC0
TRACE StateContext unload start 000001B5040BEAC0 state 5
TRACE StateManager remove context begin 000001B5040BEB90
TRACE StateManager context list size 43
TRACE StateManager context erase complete
TRACE StateContext unload start 000001B5040BEB90 state 7
TRACE StateContext queues snapshotted 15
TRACE StateContext queue 0 000001B5C0D74E80 start
TRACE StateContext queue 0 messages 0
TRACE StateContext queue 0 messages clear start
TRACE StateContext queue 0 messages clear end
TRACE StateContext queue 0 complete
TRACE StateContext queue 1 000001B5C0D74FA0 start
TRACE StateContext queue 1 messages 0
TRACE StateContext queue 1 messages clear start
TRACE StateContext queue 1 messages clear end
TRACE StateContext queue 1 complete
TRACE StateContext queue 2 000001B5C0D750C0 start
TRACE StateContext queue 2 messages 0
TRACE StateContext queue 2 messages clear start
TRACE StateContext queue 2 messages clear end
TRACE StateContext queue 2 complete
TRACE StateContext queue 3 000001B5C0D751E0 start
TRACE StateContext queue 3 messages 0
TRACE StateContext queue 3 messages clear start
TRACE StateContext queue 3 messages clear end
TRACE StateContext queue 3 complete
TRACE StateContext queue 4 000001B5C0D75300 start
TRACE StateContext queue 4 messages 0
TRACE StateContext queue 4 messages clear start
TRACE StateContext queue 4 messages clear end
TRACE StateContext queue 4 complete
TRACE StateContext queue 5 000001B5C0D75420 start
TRACE StateContext queue 5 messages 0
TRACE StateContext queue 5 messages clear start
TRACE StateContext queue 5 messages clear end
TRACE StateContext queue 5 complete
TRACE StateContext queue 6 000001B5C0D75540 start
TRACE StateContext queue 6 messages 0
TRACE StateContext queue 6 messages clear start
TRACE StateContext queue 6 messages clear end
TRACE StateContext queue 6 complete
TRACE StateContext queue 7 000001B5C0D75660 start
TRACE StateContext queue 7 messages 0
TRACE StateContext queue 7 messages clear start
TRACE StateContext queue 7 messages clear end
TRACE StateContext queue 7 complete
TRACE StateContext queue 8 000001B5C0D75780 start
TRACE StateContext queue 8 messages 0
TRACE StateContext queue 8 messages clear start
TRACE StateContext queue 8 messages clear end
TRACE StateContext queue 8 complete
TRACE StateContext queue 9 000001B5C0D758A0 start
TRACE StateContext queue 9 messages 0
TRACE StateContext queue 9 messages clear start
TRACE StateContext queue 9 messages clear end
TRACE StateContext queue 9 complete
TRACE StateContext queue 10 000001B5C0D759C0 start
TRACE StateContext queue 10 messages 0
TRACE StateContext queue 10 messages clear start
TRACE StateContext queue 10 messages clear end
TRACE StateContext queue 10 complete
TRACE StateContext queue 11 000001B5C0D75AE0 start
TRACE StateContext queue 11 messages 0
TRACE StateContext queue 11 messages clear start
TRACE StateContext queue 11 messages clear end
TRACE StateContext queue 11 complete
TRACE StateContext queue 12 000001B5C0D75C00 start
TRACE StateContext queue 12 messages 0
TRACE StateContext queue 12 messages clear start
TRACE StateContext queue 12 messages clear end
TRACE StateContext queue 12 complete
TRACE StateContext queue 13 000001B5C0D75D20 start
TRACE StateContext queue 13 messages 0
TRACE StateContext queue 13 messages clear start
TRACE StateContext queue 13 messages clear end
TRACE StateContext queue 13 complete
TRACE StateContext queue 14 000001B5C0D75E40 start
TRACE StateContext queue 14 messages 0
TRACE StateContext queue 14 messages clear start
TRACE StateContext queue 14 messages clear end
TRACE StateContext queue 14 complete
TRACE StateContext all queues drained
TRACE StateContext states snapshotted 2
TRACE StateContext states cleared
TRACE StateContext queues cleared
TRACE StateContext shared listener cleared
TRACE StateContext unload end 000001B5040BEB90
TRACE StateContext unload start 000001B5040BEB90 state 5
TRACE StateManager remove context begin 000001B5040BEC60
TRACE StateManager context list size 42
TRACE StateManager context erase complete
TRACE StateContext unload start 000001B5040BEC60 state 7
TRACE StateContext queues snapshotted 15
TRACE StateContext queue 0 000001B5C0D75F60 start
TRACE StateContext queue 0 messages 0
TRACE StateContext queue 0 messages clear start
TRACE StateContext queue 0 messages clear end
TRACE StateContext queue 0 complete
TRACE StateContext queue 1 000001B5C0D76080 start
TRACE StateContext queue 1 messages 0
TRACE StateContext queue 1 messages clear start
TRACE StateContext queue 1 messages clear end
TRACE StateContext queue 1 complete
TRACE StateContext queue 2 000001B5C0D761A0 start
TRACE StateContext queue 2 messages 0
TRACE StateContext queue 2 messages clear start
TRACE StateContext queue 2 messages clear end
TRACE StateContext queue 2 complete
TRACE StateContext queue 3 000001B5C0D762C0 start
TRACE StateContext queue 3 messages 0
TRACE StateContext queue 3 messages clear start
TRACE StateContext queue 3 messages clear end
TRACE StateContext queue 3 complete
TRACE StateContext queue 4 000001B5C0D763E0 start
TRACE StateContext queue 4 messages 0
TRACE StateContext queue 4 messages clear start
TRACE StateContext queue 4 messages clear end
TRACE StateContext queue 4 complete
TRACE StateContext queue 5 000001B5C0D76500 start
TRACE StateContext queue 5 messages 0
TRACE StateContext queue 5 messages clear start
TRACE StateContext queue 5 messages clear end
TRACE StateContext queue 5 complete
TRACE StateContext queue 6 000001B5C0D76620 start
TRACE StateContext queue 6 messages 0
TRACE StateContext queue 6 messages clear start
TRACE StateContext queue 6 messages clear end
TRACE StateContext queue 6 complete
TRACE StateContext queue 7 000001B5C0D76740 start
TRACE StateContext queue 7 messages 0
TRACE StateContext queue 7 messages clear start
TRACE StateContext queue 7 messages clear end
TRACE StateContext queue 7 complete
TRACE StateContext queue 8 000001B5C0D76860 start
TRACE StateContext queue 8 messages 0
TRACE StateContext queue 8 messages clear start
TRACE StateContext queue 8 messages clear end
TRACE StateContext queue 8 complete
TRACE StateContext queue 9 000001B5C0D76980 start
TRACE StateContext queue 9 messages 0
TRACE StateContext queue 9 messages clear start
TRACE StateContext queue 9 messages clear end
TRACE StateContext queue 9 complete
TRACE StateContext queue 10 000001B5C0D76AA0 start
TRACE StateContext queue 10 messages 0
TRACE StateContext queue 10 messages clear start
TRACE StateContext queue 10 messages clear end
TRACE StateContext queue 10 complete
TRACE StateContext queue 11 000001B5C0D76BC0 start
TRACE StateContext queue 11 messages 0
TRACE StateContext queue 11 messages clear start
TRACE StateContext queue 11 messages clear end
TRACE StateContext queue 11 complete
TRACE StateContext queue 12 000001B5C0D76CE0 start
TRACE StateContext queue 12 messages 0
TRACE StateContext queue 12 messages clear start
TRACE StateContext queue 12 messages clear end
TRACE StateContext queue 12 complete
TRACE StateContext queue 13 000001B5C0D76E00 start
TRACE StateContext queue 13 messages 0
TRACE StateContext queue 13 messages clear start
TRACE StateContext queue 13 messages clear end
TRACE StateContext queue 13 complete
TRACE StateContext queue 14 000001B5C0D76F30 start
TRACE StateContext queue 14 messages 0
TRACE StateContext queue 14 messages clear start
TRACE StateContext queue 14 messages clear end
TRACE StateContext queue 14 complete
TRACE StateContext all queues drained
TRACE StateContext states snapshotted 2
TRACE StateContext states cleared
TRACE StateContext queues cleared
TRACE StateContext shared listener cleared
TRACE StateContext unload end 000001B5040BEC60
TRACE StateContext unload start 000001B5040BEC60 state 5
TRACE ApplicationManager render ui done
TRACE ApplicationManager package manager done
TRACE ApplicationManager network manager done
TRACE ApplicationManager camera manager done
TRACE ApplicationManager video manager done
TRACE ApplicationManager ai manager done
TRACE ApplicationManager mesh loader done
TRACE ApplicationManager input done
TRACE ApplicationManager input device manager done
TRACE ApplicationManager selection manager done
TRACE ApplicationManager database done
TRACE ApplicationManager procedural manager done
TRACE ApplicationManager command manager done
TRACE ApplicationManager resource database done
TRACE ApplicationManager resource manager done
TRACE ApplicationManager process manager done
TRACE ApplicationManager mesh manager done
TRACE ApplicationManager vehicle manager done
TRACE ApplicationManager physics2 manager done
TRACE ApplicationManager sound manager done
Unloading Debug
TRACE StateManager remove context begin 000001B501C95E40
TRACE StateManager context list size 41
TRACE StateManager context erase complete
TRACE StateContext unload start 000001B501C95E40 state 7
TRACE StateContext queues snapshotted 15
TRACE StateContext queue 0 000001B501C8CA70 start
TRACE StateContext queue 0 messages 0
TRACE StateContext queue 0 messages clear start
TRACE StateContext queue 0 messages clear end
TRACE StateContext queue 0 complete
TRACE StateContext queue 1 000001B501C8CB90 start
TRACE StateContext queue 1 messages 0
TRACE StateContext queue 1 messages clear start
TRACE StateContext queue 1 messages clear end
TRACE StateContext queue 1 complete
TRACE StateContext queue 2 000001B501C8CCB0 start
TRACE StateContext queue 2 messages 0
TRACE StateContext queue 2 messages clear start
TRACE StateContext queue 2 messages clear end
TRACE StateContext queue 2 complete
TRACE StateContext queue 3 000001B501C8CDD0 start
TRACE StateContext queue 3 messages 0
TRACE StateContext queue 3 messages clear start
TRACE StateContext queue 3 messages clear end
TRACE StateContext queue 3 complete
TRACE StateContext queue 4 000001B501C8CEF0 start
TRACE StateContext queue 4 messages 0
TRACE StateContext queue 4 messages clear start
TRACE StateContext queue 4 messages clear end
TRACE StateContext queue 4 complete
TRACE StateContext queue 5 000001B501C8D010 start
TRACE StateContext queue 5 messages 0
TRACE StateContext queue 5 messages clear start
TRACE StateContext queue 5 messages clear end
TRACE StateContext queue 5 complete
TRACE StateContext queue 6 000001B501C8D130 start
TRACE StateContext queue 6 messages 0
TRACE StateContext queue 6 messages clear start
TRACE StateContext queue 6 messages clear end
TRACE StateContext queue 6 complete
TRACE StateContext queue 7 000001B501C8D250 start
TRACE StateContext queue 7 messages 0
TRACE StateContext queue 7 messages clear start
TRACE StateContext queue 7 messages clear end
TRACE StateContext queue 7 complete
TRACE StateContext queue 8 000001B501C8D370 start
TRACE StateContext queue 8 messages 0
TRACE StateContext queue 8 messages clear start
TRACE StateContext queue 8 messages clear end
TRACE StateContext queue 8 complete
TRACE StateContext queue 9 000001B501C8D490 start
TRACE StateContext queue 9 messages 0
TRACE StateContext queue 9 messages clear start
TRACE StateContext queue 9 messages clear end
TRACE StateContext queue 9 complete
TRACE StateContext queue 10 000001B501C8D5B0 start
TRACE StateContext queue 10 messages 0
TRACE StateContext queue 10 messages clear start
TRACE StateContext queue 10 messages clear end
TRACE StateContext queue 10 complete
TRACE StateContext queue 11 000001B501C8D6D0 start
TRACE StateContext queue 11 messages 0
TRACE StateContext queue 11 messages clear start
TRACE StateContext queue 11 messages clear end
TRACE StateContext queue 11 complete
TRACE StateContext queue 12 000001B501C8D7F0 start
TRACE StateContext queue 12 messages 0
TRACE StateContext queue 12 messages clear start
TRACE StateContext queue 12 messages clear end
TRACE StateContext queue 12 complete
TRACE StateContext queue 13 000001B501C8D910 start
TRACE StateContext queue 13 messages 0
TRACE StateContext queue 13 messages clear start
TRACE StateContext queue 13 messages clear end
TRACE StateContext queue 13 complete
TRACE StateContext queue 14 000001B501C8DA30 start
TRACE StateContext queue 14 messages 0
TRACE StateContext queue 14 messages clear start
TRACE StateContext queue 14 messages clear end
TRACE StateContext queue 14 complete
TRACE StateContext all queues drained
TRACE StateContext states snapshotted 0
TRACE StateContext states cleared
TRACE StateContext queues cleared
TRACE StateContext shared listener cleared
TRACE StateContext unload end 000001B501C95E40
TRACE StateContext unload start 000001B501C95E40 state 5
GraphicsPipeline: Shutdown complete
GraphicsPipeline: Destructor called
TRACE base GraphicsScene unload start 000001B505A854D0
TRACE base GraphicsScene clear done
TRACE base GraphicsScene state cleanup start
TRACE base GraphicsScene node context 000001B501C96180
TRACE base GraphicsScene node listener removed
TRACE StateManager remove context begin 000001B501C96180
TRACE StateManager context list size 40
TRACE StateManager context erase complete
TRACE StateContext unload start 000001B501C96180 state 7
TRACE StateContext queues snapshotted 15
TRACE StateContext queue 0 000001B505A86440 start
TRACE StateContext queue 0 messages 0
TRACE StateContext queue 0 messages clear start
TRACE StateContext queue 0 messages clear end
TRACE StateContext queue 0 complete
TRACE StateContext queue 1 000001B505A86560 start
TRACE StateContext queue 1 messages 0
TRACE StateContext queue 1 messages clear start
TRACE StateContext queue 1 messages clear end
TRACE StateContext queue 1 complete
TRACE StateContext queue 2 000001B505A86680 start
TRACE StateContext queue 2 messages 0
TRACE StateContext queue 2 messages clear start
TRACE StateContext queue 2 messages clear end
TRACE StateContext queue 2 complete
TRACE StateContext queue 3 000001B505A867A0 start
TRACE StateContext queue 3 messages 0
TRACE StateContext queue 3 messages clear start
TRACE StateContext queue 3 messages clear end
TRACE StateContext queue 3 complete
TRACE StateContext queue 4 000001B505A868C0 start
TRACE StateContext queue 4 messages 0
TRACE StateContext queue 4 messages clear start
TRACE StateContext queue 4 messages clear end
TRACE StateContext queue 4 complete
TRACE StateContext queue 5 000001B505A869E0 start
TRACE StateContext queue 5 messages 0
TRACE StateContext queue 5 messages clear start
TRACE StateContext queue 5 messages clear end
TRACE StateContext queue 5 complete
TRACE StateContext queue 6 000001B505A86B00 start
TRACE StateContext queue 6 messages 0
TRACE StateContext queue 6 messages clear start
TRACE StateContext queue 6 messages clear end
TRACE StateContext queue 6 complete
TRACE StateContext queue 7 000001B505A86C20 start
TRACE StateContext queue 7 messages 0
TRACE StateContext queue 7 messages clear start
TRACE StateContext queue 7 messages clear end
TRACE StateContext queue 7 complete
TRACE StateContext queue 8 000001B505A86D40 start
TRACE StateContext queue 8 messages 0
TRACE StateContext queue 8 messages clear start
TRACE StateContext queue 8 messages clear end
TRACE StateContext queue 8 complete
TRACE StateContext queue 9 000001B505A86E60 start
TRACE StateContext queue 9 messages 0
TRACE StateContext queue 9 messages clear start
TRACE StateContext queue 9 messages clear end
TRACE StateContext queue 9 complete
TRACE StateContext queue 10 000001B505A86F80 start
TRACE StateContext queue 10 messages 0
TRACE StateContext queue 10 messages clear start
TRACE StateContext queue 10 messages clear end
TRACE StateContext queue 10 complete
TRACE StateContext queue 11 000001B505A870A0 start
TRACE StateContext queue 11 messages 0
TRACE StateContext queue 11 messages clear start
TRACE StateContext queue 11 messages clear end
TRACE StateContext queue 11 complete
TRACE StateContext queue 12 000001B505A871C0 start
TRACE StateContext queue 12 messages 0
TRACE StateContext queue 12 messages clear start
TRACE StateContext queue 12 messages clear end
TRACE StateContext queue 12 complete
TRACE StateContext queue 13 000001B505A872E0 start
TRACE StateContext queue 13 messages 0
TRACE StateContext queue 13 messages clear start
TRACE StateContext queue 13 messages clear end
TRACE StateContext queue 13 complete
TRACE StateContext queue 14 000001B505A87400 start
TRACE StateContext queue 14 messages 0
TRACE StateContext queue 14 messages clear start
TRACE StateContext queue 14 messages clear end
TRACE StateContext queue 14 complete
TRACE StateContext all queues drained
TRACE StateContext states snapshotted 0
TRACE StateContext states cleared
TRACE StateContext queues cleared
TRACE StateContext shared listener cleared
TRACE StateContext unload end 000001B501C96180
TRACE base GraphicsScene node context removed
TRACE base GraphicsScene node context owner cleared
TRACE base GraphicsScene scene-node context done
TRACE StateManager remove context begin 000001B501C96320
TRACE StateManager context list size 39
TRACE StateManager context erase complete
TRACE StateContext unload start 000001B501C96320 state 7
TRACE StateContext queues snapshotted 15
TRACE StateContext queue 0 000001B505A3E770 start
TRACE StateContext queue 0 messages 0
TRACE StateContext queue 0 messages clear start
TRACE StateContext queue 0 messages clear end
TRACE StateContext queue 0 complete
TRACE StateContext queue 1 000001B505A3E890 start
TRACE StateContext queue 1 messages 0
TRACE StateContext queue 1 messages clear start
TRACE StateContext queue 1 messages clear end
TRACE StateContext queue 1 complete
TRACE StateContext queue 2 000001B505A3E9B0 start
TRACE StateContext queue 2 messages 0
TRACE StateContext queue 2 messages clear start
TRACE StateContext queue 2 messages clear end
TRACE StateContext queue 2 complete
TRACE StateContext queue 3 000001B505A3EAD0 start
TRACE StateContext queue 3 messages 0
TRACE StateContext queue 3 messages clear start
TRACE StateContext queue 3 messages clear end
TRACE StateContext queue 3 complete
TRACE StateContext queue 4 000001B505A3EBF0 start
TRACE StateContext queue 4 messages 0
TRACE StateContext queue 4 messages clear start
TRACE StateContext queue 4 messages clear end
TRACE StateContext queue 4 complete
TRACE StateContext queue 5 000001B505A3ED10 start
TRACE StateContext queue 5 messages 0
TRACE StateContext queue 5 messages clear start
TRACE StateContext queue 5 messages clear end
TRACE StateContext queue 5 complete
TRACE StateContext queue 6 000001B505A3EE30 start
TRACE StateContext queue 6 messages 0
TRACE StateContext queue 6 messages clear start
TRACE StateContext queue 6 messages clear end
TRACE StateContext queue 6 complete
TRACE StateContext queue 7 000001B505A3EF50 start
TRACE StateContext queue 7 messages 0
TRACE StateContext queue 7 messages clear start
TRACE StateContext queue 7 messages clear end
TRACE StateContext queue 7 complete
TRACE StateContext queue 8 000001B505A3F070 start
TRACE StateContext queue 8 messages 0
TRACE StateContext queue 8 messages clear start
TRACE StateContext queue 8 messages clear end
TRACE StateContext queue 8 complete
TRACE StateContext queue 9 000001B505A3F190 start
TRACE StateContext queue 9 messages 0
TRACE StateContext queue 9 messages clear start
TRACE StateContext queue 9 messages clear end
TRACE StateContext queue 9 complete
TRACE StateContext queue 10 000001B505A3F2B0 start
TRACE StateContext queue 10 messages 0
TRACE StateContext queue 10 messages clear start
TRACE StateContext queue 10 messages clear end
TRACE StateContext queue 10 complete
TRACE StateContext queue 11 000001B505A3F3D0 start
TRACE StateContext queue 11 messages 0
TRACE StateContext queue 11 messages clear start
TRACE StateContext queue 11 messages clear end
TRACE StateContext queue 11 complete
TRACE StateContext queue 12 000001B505A3F4F0 start
TRACE StateContext queue 12 messages 0
TRACE StateContext queue 12 messages clear start
TRACE StateContext queue 12 messages clear end
TRACE StateContext queue 12 complete
TRACE StateContext queue 13 000001B505A3F610 start
TRACE StateContext queue 13 messages 0
TRACE StateContext queue 13 messages clear start
TRACE StateContext queue 13 messages clear end
TRACE StateContext queue 13 complete
TRACE StateContext queue 14 000001B505A3F730 start
TRACE StateContext queue 14 messages 0
TRACE StateContext queue 14 messages clear start
TRACE StateContext queue 14 messages clear end
TRACE StateContext queue 14 complete
TRACE StateContext all queues drained
TRACE StateContext states snapshotted 0
TRACE StateContext states cleared
TRACE StateContext queues cleared
TRACE StateContext shared listener cleared
TRACE StateContext unload end 000001B501C96320
TRACE StateManager remove context begin 000001B501C96250
TRACE StateManager context list size 38
TRACE StateManager context erase complete
TRACE StateContext unload start 000001B501C96250 state 7
TRACE StateContext queues snapshotted 15
TRACE StateContext queue 0 000001B505A87520 start
TRACE StateContext queue 0 messages 0
TRACE StateContext queue 0 messages clear start
TRACE StateContext queue 0 messages clear end
TRACE StateContext queue 0 complete
TRACE StateContext queue 1 000001B505A87640 start
TRACE StateContext queue 1 messages 0
TRACE StateContext queue 1 messages clear start
TRACE StateContext queue 1 messages clear end
TRACE StateContext queue 1 complete
TRACE StateContext queue 2 000001B505A87760 start
TRACE StateContext queue 2 messages 0
TRACE StateContext queue 2 messages clear start
TRACE StateContext queue 2 messages clear end
TRACE StateContext queue 2 complete
TRACE StateContext queue 3 000001B505A87880 start
TRACE StateContext queue 3 messages 0
TRACE StateContext queue 3 messages clear start
TRACE StateContext queue 3 messages clear end
TRACE StateContext queue 3 complete
TRACE StateContext queue 4 000001B505A879A0 start
TRACE StateContext queue 4 messages 0
TRACE StateContext queue 4 messages clear start
TRACE StateContext queue 4 messages clear end
TRACE StateContext queue 4 complete
TRACE StateContext queue 5 000001B505A87AC0 start
TRACE StateContext queue 5 messages 0
TRACE StateContext queue 5 messages clear start
TRACE StateContext queue 5 messages clear end
TRACE StateContext queue 5 complete
TRACE StateContext queue 6 000001B505A3DD50 start
TRACE StateContext queue 6 messages 0
TRACE StateContext queue 6 messages clear start
TRACE StateContext queue 6 messages clear end
TRACE StateContext queue 6 complete
TRACE StateContext queue 7 000001B505A3DE70 start
TRACE StateContext queue 7 messages 0
TRACE StateContext queue 7 messages clear start
TRACE StateContext queue 7 messages clear end
TRACE StateContext queue 7 complete
TRACE StateContext queue 8 000001B505A3DF90 start
TRACE StateContext queue 8 messages 0
TRACE StateContext queue 8 messages clear start
TRACE StateContext queue 8 messages clear end
TRACE StateContext queue 8 complete
TRACE StateContext queue 9 000001B505A3E0B0 start
TRACE StateContext queue 9 messages 0
TRACE StateContext queue 9 messages clear start
TRACE StateContext queue 9 messages clear end
TRACE StateContext queue 9 complete
TRACE StateContext queue 10 000001B505A3E1D0 start
TRACE StateContext queue 10 messages 0
TRACE StateContext queue 10 messages clear start
TRACE StateContext queue 10 messages clear end
TRACE StateContext queue 10 complete
TRACE StateContext queue 11 000001B505A3E2F0 start
TRACE StateContext queue 11 messages 0
TRACE StateContext queue 11 messages clear start
TRACE StateContext queue 11 messages clear end
TRACE StateContext queue 11 complete
TRACE StateContext queue 12 000001B505A3E410 start
TRACE StateContext queue 12 messages 0
TRACE StateContext queue 12 messages clear start
TRACE StateContext queue 12 messages clear end
TRACE StateContext queue 12 complete
TRACE StateContext queue 13 000001B505A3E530 start
TRACE StateContext queue 13 messages 0
TRACE StateContext queue 13 messages clear start
TRACE StateContext queue 13 messages clear end
TRACE StateContext queue 13 complete
TRACE StateContext queue 14 000001B505A3E650 start
TRACE StateContext queue 14 messages 0
TRACE StateContext queue 14 messages clear start
TRACE StateContext queue 14 messages clear end
TRACE StateContext queue 14 complete
TRACE StateContext all queues drained
TRACE StateContext states snapshotted 0
TRACE StateContext states cleared
TRACE StateContext queues cleared
TRACE StateContext shared listener cleared
TRACE StateContext unload end 000001B501C96250
TRACE StateManager remove context begin 000001B501C963F0
TRACE StateManager context list size 37
TRACE StateManager context erase complete
TRACE StateContext unload start 000001B501C963F0 state 7
TRACE StateContext queues snapshotted 15
TRACE StateContext queue 0 000001B505A3F850 start
TRACE StateContext queue 0 messages 0
TRACE StateContext queue 0 messages clear start
TRACE StateContext queue 0 messages clear end
TRACE StateContext queue 0 complete
TRACE StateContext queue 1 000001B505A3F970 start
TRACE StateContext queue 1 messages 0
TRACE StateContext queue 1 messages clear start
TRACE StateContext queue 1 messages clear end
TRACE StateContext queue 1 complete
TRACE StateContext queue 2 000001B505A3FA90 start
TRACE StateContext queue 2 messages 0
TRACE StateContext queue 2 messages clear start
TRACE StateContext queue 2 messages clear end
TRACE StateContext queue 2 complete
TRACE StateContext queue 3 000001B505A3FBB0 start
TRACE StateContext queue 3 messages 0
TRACE StateContext queue 3 messages clear start
TRACE StateContext queue 3 messages clear end
TRACE StateContext queue 3 complete
TRACE StateContext queue 4 000001B505A3FCD0 start
TRACE StateContext queue 4 messages 0
TRACE StateContext queue 4 messages clear start
TRACE StateContext queue 4 messages clear end
TRACE StateContext queue 4 complete
TRACE StateContext queue 5 000001B505A3FDF0 start
TRACE StateContext queue 5 messages 0
TRACE StateContext queue 5 messages clear start
TRACE StateContext queue 5 messages clear end
TRACE StateContext queue 5 complete
TRACE StateContext queue 6 000001B505A3FF10 start
TRACE StateContext queue 6 messages 0
TRACE StateContext queue 6 messages clear start
TRACE StateContext queue 6 messages clear end
TRACE StateContext queue 6 complete
TRACE StateContext queue 7 000001B505A40030 start
TRACE StateContext queue 7 messages 0
TRACE StateContext queue 7 messages clear start
TRACE StateContext queue 7 messages clear end
TRACE StateContext queue 7 complete
TRACE StateContext queue 8 000001B505A40160 start
TRACE StateContext queue 8 messages 0
TRACE StateContext queue 8 messages clear start
TRACE StateContext queue 8 messages clear end
TRACE StateContext queue 8 complete
TRACE StateContext queue 9 000001B505A40280 start
TRACE StateContext queue 9 messages 0
TRACE StateContext queue 9 messages clear start
TRACE StateContext queue 9 messages clear end
TRACE StateContext queue 9 complete
TRACE StateContext queue 10 000001B505A403A0 start
TRACE StateContext queue 10 messages 0
TRACE StateContext queue 10 messages clear start
TRACE StateContext queue 10 messages clear end
TRACE StateContext queue 10 complete
TRACE StateContext queue 11 000001B505A404C0 start
TRACE StateContext queue 11 messages 0
TRACE StateContext queue 11 messages clear start
TRACE StateContext queue 11 messages clear end
TRACE StateContext queue 11 complete
TRACE StateContext queue 12 000001B505A405E0 start
TRACE StateContext queue 12 messages 0
TRACE StateContext queue 12 messages clear start
TRACE StateContext queue 12 messages clear end
TRACE StateContext queue 12 complete
TRACE StateContext queue 13 000001B505A40700 start
TRACE StateContext queue 13 messages 0
TRACE StateContext queue 13 messages clear start
TRACE StateContext queue 13 messages clear end
TRACE StateContext queue 13 complete
TRACE StateContext queue 14 000001B505A40820 start
TRACE StateContext queue 14 messages 0
TRACE StateContext queue 14 messages clear start
TRACE StateContext queue 14 messages clear end
TRACE StateContext queue 14 complete
TRACE StateContext all queues drained
TRACE StateContext states snapshotted 0
TRACE StateContext states cleared
TRACE StateContext queues cleared
TRACE StateContext shared listener cleared
TRACE StateContext unload end 000001B501C963F0
TRACE base GraphicsScene object contexts done
TRACE StateContext unload start 000001B501C96320 state 5
TRACE StateContext unload start 000001B501C96250 state 5
TRACE StateContext unload start 000001B501C963F0 state 5
TRACE StateManager remove context begin 000001B501C960B0
TRACE StateManager context list size 36
TRACE StateManager context erase complete
TRACE StateContext unload start 000001B501C960B0 state 7
TRACE StateContext queues snapshotted 15
TRACE StateContext queue 0 000001B50402AFD0 start
TRACE StateContext queue 0 messages 0
TRACE StateContext queue 0 messages clear start
TRACE StateContext queue 0 messages clear end
TRACE StateContext queue 0 complete
TRACE StateContext queue 1 000001B50402B0F0 start
TRACE StateContext queue 1 messages 0
TRACE StateContext queue 1 messages clear start
TRACE StateContext queue 1 messages clear end
TRACE StateContext queue 1 complete
TRACE StateContext queue 2 000001B50402B210 start
TRACE StateContext queue 2 messages 0
TRACE StateContext queue 2 messages clear start
TRACE StateContext queue 2 messages clear end
TRACE StateContext queue 2 complete
TRACE StateContext queue 3 000001B50402B330 start
TRACE StateContext queue 3 messages 0
TRACE StateContext queue 3 messages clear start
TRACE StateContext queue 3 messages clear end
TRACE StateContext queue 3 complete
TRACE StateContext queue 4 000001B505A857E0 start
TRACE StateContext queue 4 messages 0
TRACE StateContext queue 4 messages clear start
TRACE StateContext queue 4 messages clear end
TRACE StateContext queue 4 complete
TRACE StateContext queue 5 000001B505A85900 start
TRACE StateContext queue 5 messages 0
TRACE StateContext queue 5 messages clear start
TRACE StateContext queue 5 messages clear end
TRACE StateContext queue 5 complete
TRACE StateContext queue 6 000001B505A85A20 start
TRACE StateContext queue 6 messages 0
TRACE StateContext queue 6 messages clear start
TRACE StateContext queue 6 messages clear end
TRACE StateContext queue 6 complete
TRACE StateContext queue 7 000001B505A85B40 start
TRACE StateContext queue 7 messages 0
TRACE StateContext queue 7 messages clear start
TRACE StateContext queue 7 messages clear end
TRACE StateContext queue 7 complete
TRACE StateContext queue 8 000001B505A85C60 start
TRACE StateContext queue 8 messages 0
TRACE StateContext queue 8 messages clear start
TRACE StateContext queue 8 messages clear end
TRACE StateContext queue 8 complete
TRACE StateContext queue 9 000001B505A85D80 start
TRACE StateContext queue 9 messages 0
TRACE StateContext queue 9 messages clear start
TRACE StateContext queue 9 messages clear end
TRACE StateContext queue 9 complete
TRACE StateContext queue 10 000001B505A85EA0 start
TRACE StateContext queue 10 messages 0
TRACE StateContext queue 10 messages clear start
TRACE StateContext queue 10 messages clear end
TRACE StateContext queue 10 complete
TRACE StateContext queue 11 000001B505A85FC0 start
TRACE StateContext queue 11 messages 0
TRACE StateContext queue 11 messages clear start
TRACE StateContext queue 11 messages clear end
TRACE StateContext queue 11 complete
TRACE StateContext queue 12 000001B505A860E0 start
TRACE StateContext queue 12 messages 0
TRACE StateContext queue 12 messages clear start
TRACE StateContext queue 12 messages clear end
TRACE StateContext queue 12 complete
TRACE StateContext queue 13 000001B505A86200 start
TRACE StateContext queue 13 messages 0
TRACE StateContext queue 13 messages clear start
TRACE StateContext queue 13 messages clear end
TRACE StateContext queue 13 complete
TRACE StateContext queue 14 000001B505A86320 start
TRACE StateContext queue 14 messages 0
TRACE StateContext queue 14 messages clear start
TRACE StateContext queue 14 messages clear end
TRACE StateContext queue 14 complete
TRACE StateContext all queues drained
TRACE StateContext states snapshotted 2
TRACE StateContext states cleared
TRACE StateContext queues cleared
TRACE StateContext shared listener cleared
TRACE StateContext unload end 000001B501C960B0
TRACE StateContext unload start 000001B501C960B0 state 5
TRACE base GraphicsScene unload end
TRACE StateManager remove context begin 000001B501C95FE0
TRACE StateManager context list size 35
TRACE StateManager context erase complete
TRACE StateContext unload start 000001B501C95FE0 state 7
TRACE StateContext queues snapshotted 15
TRACE StateContext queue 0 000001B504029EF0 start
TRACE StateContext queue 0 messages 0
TRACE StateContext queue 0 messages clear start
TRACE StateContext queue 0 messages clear end
TRACE StateContext queue 0 complete
TRACE StateContext queue 1 000001B50402A010 start
TRACE StateContext queue 1 messages 0
TRACE StateContext queue 1 messages clear start
TRACE StateContext queue 1 messages clear end
TRACE StateContext queue 1 complete
TRACE StateContext queue 2 000001B50402A130 start
TRACE StateContext queue 2 messages 0
TRACE StateContext queue 2 messages clear start
TRACE StateContext queue 2 messages clear end
TRACE StateContext queue 2 complete
TRACE StateContext queue 3 000001B50402A250 start
TRACE StateContext queue 3 messages 0
TRACE StateContext queue 3 messages clear start
TRACE StateContext queue 3 messages clear end
TRACE StateContext queue 3 complete
TRACE StateContext queue 4 000001B50402A370 start
TRACE StateContext queue 4 messages 0
TRACE StateContext queue 4 messages clear start
TRACE StateContext queue 4 messages clear end
TRACE StateContext queue 4 complete
TRACE StateContext queue 5 000001B50402A490 start
TRACE StateContext queue 5 messages 0
TRACE StateContext queue 5 messages clear start
TRACE StateContext queue 5 messages clear end
TRACE StateContext queue 5 complete
TRACE StateContext queue 6 000001B50402A5B0 start
TRACE StateContext queue 6 messages 0
TRACE StateContext queue 6 messages clear start
TRACE StateContext queue 6 messages clear end
TRACE StateContext queue 6 complete
TRACE StateContext queue 7 000001B50402A6D0 start
TRACE StateContext queue 7 messages 0
TRACE StateContext queue 7 messages clear start
TRACE StateContext queue 7 messages clear end
TRACE StateContext queue 7 complete
TRACE StateContext queue 8 000001B50402A7F0 start
TRACE StateContext queue 8 messages 0
TRACE StateContext queue 8 messages clear start
TRACE StateContext queue 8 messages clear end
TRACE StateContext queue 8 complete
TRACE StateContext queue 9 000001B50402A910 start
TRACE StateContext queue 9 messages 0
TRACE StateContext queue 9 messages clear start
TRACE StateContext queue 9 messages clear end
TRACE StateContext queue 9 complete
TRACE StateContext queue 10 000001B50402AA30 start
TRACE StateContext queue 10 messages 0
TRACE StateContext queue 10 messages clear start
TRACE StateContext queue 10 messages clear end
TRACE StateContext queue 10 complete
TRACE StateContext queue 11 000001B50402AB50 start
TRACE StateContext queue 11 messages 0
TRACE StateContext queue 11 messages clear start
TRACE StateContext queue 11 messages clear end
TRACE StateContext queue 11 complete
TRACE StateContext queue 12 000001B50402AC70 start
TRACE StateContext queue 12 messages 0
TRACE StateContext queue 12 messages clear start
TRACE StateContext queue 12 messages clear end
TRACE StateContext queue 12 complete
TRACE StateContext queue 13 000001B50402AD90 start
TRACE StateContext queue 13 messages 0
TRACE StateContext queue 13 messages clear start
TRACE StateContext queue 13 messages clear end
TRACE StateContext queue 13 complete
TRACE StateContext queue 14 000001B50402AEB0 start
TRACE StateContext queue 14 messages 0
TRACE StateContext queue 14 messages clear start
TRACE StateContext queue 14 messages clear end
TRACE StateContext queue 14 complete
TRACE StateContext all queues drained
TRACE StateContext states snapshotted 2
TRACE StateContext states cleared
TRACE StateContext queues cleared
TRACE StateContext shared listener cleared
TRACE StateContext unload end 000001B501C95FE0
TRACE StateContext unload start 000001B501C95FE0 state 5
TRACE StateManager remove context begin 000001B501C95F10
TRACE StateManager context list size 34
TRACE StateManager context erase complete
TRACE StateContext unload start 000001B501C95F10 state 7
TRACE StateContext queues snapshotted 15
TRACE StateContext queue 0 000001B501C8DB50 start
TRACE StateContext queue 0 messages 0
TRACE StateContext queue 0 messages clear start
TRACE StateContext queue 0 messages clear end
TRACE StateContext queue 0 complete
TRACE StateContext queue 1 000001B501C8DC70 start
TRACE StateContext queue 1 messages 0
TRACE StateContext queue 1 messages clear start
TRACE StateContext queue 1 messages clear end
TRACE StateContext queue 1 complete
TRACE StateContext queue 2 000001B504029050 start
TRACE StateContext queue 2 messages 0
TRACE StateContext queue 2 messages clear start
TRACE StateContext queue 2 messages clear end
TRACE StateContext queue 2 complete
TRACE StateContext queue 3 000001B504029170 start
TRACE StateContext queue 3 messages 0
TRACE StateContext queue 3 messages clear start
TRACE StateContext queue 3 messages clear end
TRACE StateContext queue 3 complete
TRACE StateContext queue 4 000001B504029290 start
TRACE StateContext queue 4 messages 0
TRACE StateContext queue 4 messages clear start
TRACE StateContext queue 4 messages clear end
TRACE StateContext queue 4 complete
TRACE StateContext queue 5 000001B5040293B0 start
TRACE StateContext queue 5 messages 0
TRACE StateContext queue 5 messages clear start
TRACE StateContext queue 5 messages clear end
TRACE StateContext queue 5 complete
TRACE StateContext queue 6 000001B5040294D0 start
TRACE StateContext queue 6 messages 0
TRACE StateContext queue 6 messages clear start
TRACE StateContext queue 6 messages clear end
TRACE StateContext queue 6 complete
TRACE StateContext queue 7 000001B5040295F0 start
TRACE StateContext queue 7 messages 0
TRACE StateContext queue 7 messages clear start
TRACE StateContext queue 7 messages clear end
TRACE StateContext queue 7 complete
TRACE StateContext queue 8 000001B504029710 start
TRACE StateContext queue 8 messages 0
TRACE StateContext queue 8 messages clear start
TRACE StateContext queue 8 messages clear end
TRACE StateContext queue 8 complete
TRACE StateContext queue 9 000001B504029830 start
TRACE StateContext queue 9 messages 0
TRACE StateContext queue 9 messages clear start
TRACE StateContext queue 9 messages clear end
TRACE StateContext queue 9 complete
TRACE StateContext queue 10 000001B504029950 start
TRACE StateContext queue 10 messages 0
TRACE StateContext queue 10 messages clear start
TRACE StateContext queue 10 messages clear end
TRACE StateContext queue 10 complete
TRACE StateContext queue 11 000001B504029A70 start
TRACE StateContext queue 11 messages 0
TRACE StateContext queue 11 messages clear start
TRACE StateContext queue 11 messages clear end
TRACE StateContext queue 11 complete
TRACE StateContext queue 12 000001B504029B90 start
TRACE StateContext queue 12 messages 0
TRACE StateContext queue 12 messages clear start
TRACE StateContext queue 12 messages clear end
TRACE StateContext queue 12 complete
TRACE StateContext queue 13 000001B504029CB0 start
TRACE StateContext queue 13 messages 0
TRACE StateContext queue 13 messages clear start
TRACE StateContext queue 13 messages clear end
TRACE StateContext queue 13 complete
TRACE StateContext queue 14 000001B504029DD0 start
TRACE StateContext queue 14 messages 0
TRACE StateContext queue 14 messages clear start
TRACE StateContext queue 14 messages clear end
TRACE StateContext queue 14 complete
TRACE StateContext all queues drained
TRACE StateContext states snapshotted 0
TRACE StateContext states cleared
TRACE StateContext queues cleared
TRACE StateContext shared listener cleared
TRACE StateContext unload end 000001B501C95F10
TRACE StateContext unload start 000001B501C95F10 state 5
TRACE ApplicationManager graphics system done
TRACE StateContext unload start 000001B501C964C0 state 7
TRACE StateContext queues snapshotted 15
TRACE StateContext queue 0 000001B505A40940 start
TRACE StateContext queue 0 messages 0
TRACE StateContext queue 0 messages clear start
TRACE StateContext queue 0 messages clear end
TRACE StateContext queue 0 complete
TRACE StateContext queue 1 000001B505A40A60 start
TRACE StateContext queue 1 messages 0
TRACE StateContext queue 1 messages clear start
TRACE StateContext queue 1 messages clear end
TRACE StateContext queue 1 complete
TRACE StateContext queue 2 000001B505A40B80 start
TRACE StateContext queue 2 messages 0
TRACE StateContext queue 2 messages clear start
TRACE StateContext queue 2 messages clear end
TRACE StateContext queue 2 complete
TRACE StateContext queue 3 000001B505A40CA0 start
TRACE StateContext queue 3 messages 0
TRACE StateContext queue 3 messages clear start
TRACE StateContext queue 3 messages clear end
TRACE StateContext queue 3 complete
TRACE StateContext queue 4 000001B505A40DC0 start
TRACE StateContext queue 4 messages 0
TRACE StateContext queue 4 messages clear start
TRACE StateContext queue 4 messages clear end
TRACE StateContext queue 4 complete
TRACE StateContext queue 5 000001B505A40EE0 start
TRACE StateContext queue 5 messages 0
TRACE StateContext queue 5 messages clear start
TRACE StateContext queue 5 messages clear end
TRACE StateContext queue 5 complete
TRACE StateContext queue 6 000001B505A41000 start
TRACE StateContext queue 6 messages 0
TRACE StateContext queue 6 messages clear start
TRACE StateContext queue 6 messages clear end
TRACE StateContext queue 6 complete
TRACE StateContext queue 7 000001B505A41120 start
TRACE StateContext queue 7 messages 0
TRACE StateContext queue 7 messages clear start
TRACE StateContext queue 7 messages clear end
TRACE StateContext queue 7 complete
TRACE StateContext queue 8 000001B505A41240 start
TRACE StateContext queue 8 messages 0
TRACE StateContext queue 8 messages clear start
TRACE StateContext queue 8 messages clear end
TRACE StateContext queue 8 complete
TRACE StateContext queue 9 000001B505A41360 start
TRACE StateContext queue 9 messages 0
TRACE StateContext queue 9 messages clear start
TRACE StateContext queue 9 messages clear end
TRACE StateContext queue 9 complete
TRACE StateContext queue 10 000001B505A41480 start
TRACE StateContext queue 10 messages 0
TRACE StateContext queue 10 messages clear start
TRACE StateContext queue 10 messages clear end
TRACE StateContext queue 10 complete
TRACE StateContext queue 11 000001B505A415A0 start
TRACE StateContext queue 11 messages 0
TRACE StateContext queue 11 messages clear start
TRACE StateContext queue 11 messages clear end
TRACE StateContext queue 11 complete
TRACE StateContext queue 12 000001B505A416C0 start
TRACE StateContext queue 12 messages 0
TRACE StateContext queue 12 messages clear start
TRACE StateContext queue 12 messages clear end
TRACE StateContext queue 12 complete
TRACE StateContext queue 13 000001B505A417E0 start
TRACE StateContext queue 13 messages 0
TRACE StateContext queue 13 messages clear start
TRACE StateContext queue 13 messages clear end
TRACE StateContext queue 13 complete
TRACE StateContext queue 14 000001B505A41900 start
TRACE StateContext queue 14 messages 0
TRACE StateContext queue 14 messages clear start
TRACE StateContext queue 14 messages clear end
TRACE StateContext queue 14 complete
TRACE StateContext all queues drained
TRACE StateContext states snapshotted 1
TRACE StateContext states cleared
TRACE StateContext queues cleared
TRACE StateContext shared listener cleared
TRACE StateContext unload end 000001B501C964C0
TRACE StateContext unload start 000001B501C96590 state 7
TRACE StateContext queues snapshotted 15
TRACE StateContext queue 0 000001B505A41A20 start
TRACE StateContext queue 0 messages 0
TRACE StateContext queue 0 messages clear start
TRACE StateContext queue 0 messages clear end
TRACE StateContext queue 0 complete
TRACE StateContext queue 1 000001B505A41B40 start
TRACE StateContext queue 1 messages 0
TRACE StateContext queue 1 messages clear start
TRACE StateContext queue 1 messages clear end
TRACE StateContext queue 1 complete
TRACE StateContext queue 2 000001B505A41C60 start
TRACE StateContext queue 2 messages 0
TRACE StateContext queue 2 messages clear start
TRACE StateContext queue 2 messages clear end
TRACE StateContext queue 2 complete
TRACE StateContext queue 3 000001B505A41D80 start
TRACE StateContext queue 3 messages 0
TRACE StateContext queue 3 messages clear start
TRACE StateContext queue 3 messages clear end
TRACE StateContext queue 3 complete
TRACE StateContext queue 4 000001B505A41EA0 start
TRACE StateContext queue 4 messages 0
TRACE StateContext queue 4 messages clear start
TRACE StateContext queue 4 messages clear end
TRACE StateContext queue 4 complete
TRACE StateContext queue 5 000001B505A41FC0 start
TRACE StateContext queue 5 messages 0
TRACE StateContext queue 5 messages clear start
TRACE StateContext queue 5 messages clear end
TRACE StateContext queue 5 complete
TRACE StateContext queue 6 000001B505A420E0 start
TRACE StateContext queue 6 messages 0
TRACE StateContext queue 6 messages clear start
TRACE StateContext queue 6 messages clear end
TRACE StateContext queue 6 complete
TRACE StateContext queue 7 000001B505A42200 start
TRACE StateContext queue 7 messages 0
TRACE StateContext queue 7 messages clear start
TRACE StateContext queue 7 messages clear end
TRACE StateContext queue 7 complete
TRACE StateContext queue 8 000001B505A42320 start
TRACE StateContext queue 8 messages 0
TRACE StateContext queue 8 messages clear start
TRACE StateContext queue 8 messages clear end
TRACE StateContext queue 8 complete
TRACE StateContext queue 9 000001B505A42440 start
TRACE StateContext queue 9 messages 0
TRACE StateContext queue 9 messages clear start
TRACE StateContext queue 9 messages clear end
TRACE StateContext queue 9 complete
TRACE StateContext queue 10 000001B505C45460 start
TRACE StateContext queue 10 messages 0
TRACE StateContext queue 10 messages clear start
TRACE StateContext queue 10 messages clear end
TRACE StateContext queue 10 complete
TRACE StateContext queue 11 000001B505C45580 start
TRACE StateContext queue 11 messages 0
TRACE StateContext queue 11 messages clear start
TRACE StateContext queue 11 messages clear end
TRACE StateContext queue 11 complete
TRACE StateContext queue 12 000001B505C456A0 start
TRACE StateContext queue 12 messages 0
TRACE StateContext queue 12 messages clear start
TRACE StateContext queue 12 messages clear end
TRACE StateContext queue 12 complete
TRACE StateContext queue 13 000001B505C457C0 start
TRACE StateContext queue 13 messages 0
TRACE StateContext queue 13 messages clear start
TRACE StateContext queue 13 messages clear end
TRACE StateContext queue 13 complete
TRACE StateContext queue 14 000001B505C458E0 start
TRACE StateContext queue 14 messages 0
TRACE StateContext queue 14 messages clear start
TRACE StateContext queue 14 messages clear end
TRACE StateContext queue 14 complete
TRACE StateContext all queues drained
TRACE StateContext states snapshotted 1
TRACE StateContext states cleared
TRACE StateContext queues cleared
TRACE StateContext shared listener cleared
TRACE StateContext unload end 000001B501C96590
TRACE StateContext unload start 000001B501C96660 state 7
TRACE StateContext queues snapshotted 15
TRACE StateContext queue 0 000001B505C45A00 start
TRACE StateContext queue 0 messages 0
TRACE StateContext queue 0 messages clear start
TRACE StateContext queue 0 messages clear end
TRACE StateContext queue 0 complete
TRACE StateContext queue 1 000001B505C45B20 start
TRACE StateContext queue 1 messages 0
TRACE StateContext queue 1 messages clear start
TRACE StateContext queue 1 messages clear end
TRACE StateContext queue 1 complete
TRACE StateContext queue 2 000001B505C45C40 start
TRACE StateContext queue 2 messages 0
TRACE StateContext queue 2 messages clear start
TRACE StateContext queue 2 messages clear end
TRACE StateContext queue 2 complete
TRACE StateContext queue 3 000001B505C45D60 start
TRACE StateContext queue 3 messages 0
TRACE StateContext queue 3 messages clear start
TRACE StateContext queue 3 messages clear end
TRACE StateContext queue 3 complete
TRACE StateContext queue 4 000001B505C45E80 start
TRACE StateContext queue 4 messages 0
TRACE StateContext queue 4 messages clear start
TRACE StateContext queue 4 messages clear end
TRACE StateContext queue 4 complete
TRACE StateContext queue 5 000001B505C45FA0 start
TRACE StateContext queue 5 messages 0
TRACE StateContext queue 5 messages clear start
TRACE StateContext queue 5 messages clear end
TRACE StateContext queue 5 complete
TRACE StateContext queue 6 000001B505C460C0 start
TRACE StateContext queue 6 messages 0
TRACE StateContext queue 6 messages clear start
TRACE StateContext queue 6 messages clear end
TRACE StateContext queue 6 complete
TRACE StateContext queue 7 000001B505C461E0 start
TRACE StateContext queue 7 messages 0
TRACE StateContext queue 7 messages clear start
TRACE StateContext queue 7 messages clear end
TRACE StateContext queue 7 complete
TRACE StateContext queue 8 000001B505C46300 start
TRACE StateContext queue 8 messages 0
TRACE StateContext queue 8 messages clear start
TRACE StateContext queue 8 messages clear end
TRACE StateContext queue 8 complete
TRACE StateContext queue 9 000001B505C46420 start
TRACE StateContext queue 9 messages 0
TRACE StateContext queue 9 messages clear start
TRACE StateContext queue 9 messages clear end
TRACE StateContext queue 9 complete
TRACE StateContext queue 10 000001B505C46540 start
TRACE StateContext queue 10 messages 0
TRACE StateContext queue 10 messages clear start
TRACE StateContext queue 10 messages clear end
TRACE StateContext queue 10 complete
TRACE StateContext queue 11 000001B505C46660 start
TRACE StateContext queue 11 messages 0
TRACE StateContext queue 11 messages clear start
TRACE StateContext queue 11 messages clear end
TRACE StateContext queue 11 complete
TRACE StateContext queue 12 000001B505C46780 start
TRACE StateContext queue 12 messages 0
TRACE StateContext queue 12 messages clear start
TRACE StateContext queue 12 messages clear end
TRACE StateContext queue 12 complete
TRACE StateContext queue 13 000001B505C468A0 start
TRACE StateContext queue 13 messages 0
TRACE StateContext queue 13 messages clear start
TRACE StateContext queue 13 messages clear end
TRACE StateContext queue 13 complete
TRACE StateContext queue 14 000001B505C469C0 start
TRACE StateContext queue 14 messages 0
TRACE StateContext queue 14 messages clear start
TRACE StateContext queue 14 messages clear end
TRACE StateContext queue 14 complete
TRACE StateContext all queues drained
TRACE StateContext states snapshotted 1
TRACE StateContext states cleared
TRACE StateContext queues cleared
TRACE StateContext shared listener cleared
TRACE StateContext unload end 000001B501C96660
TRACE StateContext unload start 000001B501C96730 state 7
TRACE StateContext queues snapshotted 15
TRACE StateContext queue 0 000001B505C46AE0 start
TRACE StateContext queue 0 messages 0
TRACE StateContext queue 0 messages clear start
TRACE StateContext queue 0 messages clear end
TRACE StateContext queue 0 complete
TRACE StateContext queue 1 000001B505C46C00 start
TRACE StateContext queue 1 messages 0
TRACE StateContext queue 1 messages clear start
TRACE StateContext queue 1 messages clear end
TRACE StateContext queue 1 complete
TRACE StateContext queue 2 000001B505C46D20 start
TRACE StateContext queue 2 messages 0
TRACE StateContext queue 2 messages clear start
TRACE StateContext queue 2 messages clear end
TRACE StateContext queue 2 complete
TRACE StateContext queue 3 000001B505C46E40 start
TRACE StateContext queue 3 messages 0
TRACE StateContext queue 3 messages clear start
TRACE StateContext queue 3 messages clear end
TRACE StateContext queue 3 complete
TRACE StateContext queue 4 000001B505C46F60 start
TRACE StateContext queue 4 messages 0
TRACE StateContext queue 4 messages clear start
TRACE StateContext queue 4 messages clear end
TRACE StateContext queue 4 complete
TRACE StateContext queue 5 000001B505C47080 start
TRACE StateContext queue 5 messages 0
TRACE StateContext queue 5 messages clear start
TRACE StateContext queue 5 messages clear end
TRACE StateContext queue 5 complete
TRACE StateContext queue 6 000001B505C471A0 start
TRACE StateContext queue 6 messages 0
TRACE StateContext queue 6 messages clear start
TRACE StateContext queue 6 messages clear end
TRACE StateContext queue 6 complete
TRACE StateContext queue 7 000001B505C472C0 start
TRACE StateContext queue 7 messages 0
TRACE StateContext queue 7 messages clear start
TRACE StateContext queue 7 messages clear end
TRACE StateContext queue 7 complete
TRACE StateContext queue 8 000001B505C473E0 start
TRACE StateContext queue 8 messages 0
TRACE StateContext queue 8 messages clear start
TRACE StateContext queue 8 messages clear end
TRACE StateContext queue 8 complete
TRACE StateContext queue 9 000001B505C47500 start
TRACE StateContext queue 9 messages 0
TRACE StateContext queue 9 messages clear start
TRACE StateContext queue 9 messages clear end
TRACE StateContext queue 9 complete
TRACE StateContext queue 10 000001B505C47620 start
TRACE StateContext queue 10 messages 0
TRACE StateContext queue 10 messages clear start
TRACE StateContext queue 10 messages clear end
TRACE StateContext queue 10 complete
TRACE StateContext queue 11 000001B505C47740 start
TRACE StateContext queue 11 messages 0
TRACE StateContext queue 11 messages clear start
TRACE StateContext queue 11 messages clear end
TRACE StateContext queue 11 complete
TRACE StateContext queue 12 000001B57BF6FA30 start
TRACE StateContext queue 12 messages 0
TRACE StateContext queue 12 messages clear start
TRACE StateContext queue 12 messages clear end
TRACE StateContext queue 12 complete
TRACE StateContext queue 13 000001B57BF6FB50 start
TRACE StateContext queue 13 messages 0
TRACE StateContext queue 13 messages clear start
TRACE StateContext queue 13 messages clear end
TRACE StateContext queue 13 complete
TRACE StateContext queue 14 000001B57BF6FC70 start
TRACE StateContext queue 14 messages 0
TRACE StateContext queue 14 messages clear start
TRACE StateContext queue 14 messages clear end
TRACE StateContext queue 14 complete
TRACE StateContext all queues drained
TRACE StateContext states snapshotted 1
TRACE StateContext states cleared
TRACE StateContext queues cleared
TRACE StateContext shared listener cleared
TRACE StateContext unload end 000001B501C96730
TRACE StateContext unload start 000001B501C96800 state 7
TRACE StateContext queues snapshotted 15
TRACE StateContext queue 0 000001B57BF6FD90 start
TRACE StateContext queue 0 messages 0
TRACE StateContext queue 0 messages clear start
TRACE StateContext queue 0 messages clear end
TRACE StateContext queue 0 complete
TRACE StateContext queue 1 000001B57BF6FEB0 start
TRACE StateContext queue 1 messages 0
TRACE StateContext queue 1 messages clear start
TRACE StateContext queue 1 messages clear end
TRACE StateContext queue 1 complete
TRACE StateContext queue 2 000001B57BF6FFD0 start
TRACE StateContext queue 2 messages 0
TRACE StateContext queue 2 messages clear start
TRACE StateContext queue 2 messages clear end
TRACE StateContext queue 2 complete
TRACE StateContext queue 3 000001B57BF700F0 start
TRACE StateContext queue 3 messages 0
TRACE StateContext queue 3 messages clear start
TRACE StateContext queue 3 messages clear end
TRACE StateContext queue 3 complete
TRACE StateContext queue 4 000001B57BF70210 start
TRACE StateContext queue 4 messages 0
TRACE StateContext queue 4 messages clear start
TRACE StateContext queue 4 messages clear end
TRACE StateContext queue 4 complete
TRACE StateContext queue 5 000001B57BF70330 start
TRACE StateContext queue 5 messages 0
TRACE StateContext queue 5 messages clear start
TRACE StateContext queue 5 messages clear end
TRACE StateContext queue 5 complete
TRACE StateContext queue 6 000001B57BF70450 start
TRACE StateContext queue 6 messages 0
TRACE StateContext queue 6 messages clear start
TRACE StateContext queue 6 messages clear end
TRACE StateContext queue 6 complete
TRACE StateContext queue 7 000001B57BF70570 start
TRACE StateContext queue 7 messages 0
TRACE StateContext queue 7 messages clear start
TRACE StateContext queue 7 messages clear end
TRACE StateContext queue 7 complete
TRACE StateContext queue 8 000001B57BF70690 start
TRACE StateContext queue 8 messages 0
TRACE StateContext queue 8 messages clear start
TRACE StateContext queue 8 messages clear end
TRACE StateContext queue 8 complete
TRACE StateContext queue 9 000001B57BF707B0 start
TRACE StateContext queue 9 messages 0
TRACE StateContext queue 9 messages clear start
TRACE StateContext queue 9 messages clear end
TRACE StateContext queue 9 complete
TRACE StateContext queue 10 000001B57BF708D0 start
TRACE StateContext queue 10 messages 0
TRACE StateContext queue 10 messages clear start
TRACE StateContext queue 10 messages clear end
TRACE StateContext queue 10 complete
TRACE StateContext queue 11 000001B57BF709F0 start
TRACE StateContext queue 11 messages 0
TRACE StateContext queue 11 messages clear start
TRACE StateContext queue 11 messages clear end
TRACE StateContext queue 11 complete
TRACE StateContext queue 12 000001B57BF70B10 start
TRACE StateContext queue 12 messages 0
TRACE StateContext queue 12 messages clear start
TRACE StateContext queue 12 messages clear end
TRACE StateContext queue 12 complete
TRACE StateContext queue 13 000001B57BF70C30 start
TRACE StateContext queue 13 messages 0
TRACE StateContext queue 13 messages clear start
TRACE StateContext queue 13 messages clear end
TRACE StateContext queue 13 complete
TRACE StateContext queue 14 000001B57BF70D50 start
TRACE StateContext queue 14 messages 0
TRACE StateContext queue 14 messages clear start
TRACE StateContext queue 14 messages clear end
TRACE StateContext queue 14 complete
TRACE StateContext all queues drained
TRACE StateContext states snapshotted 1
TRACE StateContext states cleared
TRACE StateContext queues cleared
TRACE StateContext shared listener cleared
TRACE StateContext unload end 000001B501C96800
TRACE StateContext unload start 000001B501C968D0 state 7
TRACE StateContext queues snapshotted 15
TRACE StateContext queue 0 000001B57BF70E70 start
TRACE StateContext queue 0 messages 0
TRACE StateContext queue 0 messages clear start
TRACE StateContext queue 0 messages clear end
TRACE StateContext queue 0 complete
TRACE StateContext queue 1 000001B57BF70F90 start
TRACE StateContext queue 1 messages 0
TRACE StateContext queue 1 messages clear start
TRACE StateContext queue 1 messages clear end
TRACE StateContext queue 1 complete
TRACE StateContext queue 2 000001B57BF710B0 start
TRACE StateContext queue 2 messages 0
TRACE StateContext queue 2 messages clear start
TRACE StateContext queue 2 messages clear end
TRACE StateContext queue 2 complete
TRACE StateContext queue 3 000001B57BF711D0 start
TRACE StateContext queue 3 messages 0
TRACE StateContext queue 3 messages clear start
TRACE StateContext queue 3 messages clear end
TRACE StateContext queue 3 complete
TRACE StateContext queue 4 000001B57BF712F0 start
TRACE StateContext queue 4 messages 0
TRACE StateContext queue 4 messages clear start
TRACE StateContext queue 4 messages clear end
TRACE StateContext queue 4 complete
TRACE StateContext queue 5 000001B57BF71410 start
TRACE StateContext queue 5 messages 0
TRACE StateContext queue 5 messages clear start
TRACE StateContext queue 5 messages clear end
TRACE StateContext queue 5 complete
TRACE StateContext queue 6 000001B57BF71530 start
TRACE StateContext queue 6 messages 0
TRACE StateContext queue 6 messages clear start
TRACE StateContext queue 6 messages clear end
TRACE StateContext queue 6 complete
TRACE StateContext queue 7 000001B57BF71650 start
TRACE StateContext queue 7 messages 0
TRACE StateContext queue 7 messages clear start
TRACE StateContext queue 7 messages clear end
TRACE StateContext queue 7 complete
TRACE StateContext queue 8 000001B57BF71770 start
TRACE StateContext queue 8 messages 0
TRACE StateContext queue 8 messages clear start
TRACE StateContext queue 8 messages clear end
TRACE StateContext queue 8 complete
TRACE StateContext queue 9 000001B57BF71890 start
TRACE StateContext queue 9 messages 0
TRACE StateContext queue 9 messages clear start
TRACE StateContext queue 9 messages clear end
TRACE StateContext queue 9 complete
TRACE StateContext queue 10 000001B57BF719B0 start
TRACE StateContext queue 10 messages 0
TRACE StateContext queue 10 messages clear start
TRACE StateContext queue 10 messages clear end
TRACE StateContext queue 10 complete
TRACE StateContext queue 11 000001B57BF71AD0 start
TRACE StateContext queue 11 messages 0
TRACE StateContext queue 11 messages clear start
TRACE StateContext queue 11 messages clear end
TRACE StateContext queue 11 complete
TRACE StateContext queue 12 000001B57BF71BF0 start
TRACE StateContext queue 12 messages 0
TRACE StateContext queue 12 messages clear start
TRACE StateContext queue 12 messages clear end
TRACE StateContext queue 12 complete
TRACE StateContext queue 13 000001B57BF71D10 start
TRACE StateContext queue 13 messages 0
TRACE StateContext queue 13 messages clear start
TRACE StateContext queue 13 messages clear end
TRACE StateContext queue 13 complete
TRACE StateContext queue 14 000001B57BF71E40 start
TRACE StateContext queue 14 messages 0
TRACE StateContext queue 14 messages clear start
TRACE StateContext queue 14 messages clear end
TRACE StateContext queue 14 complete
TRACE StateContext all queues drained
TRACE StateContext states snapshotted 1
TRACE StateContext states cleared
TRACE StateContext queues cleared
TRACE StateContext shared listener cleared
TRACE StateContext unload end 000001B501C968D0
TRACE StateContext unload start 000001B501C969A0 state 7
TRACE StateContext queues snapshotted 15
TRACE StateContext queue 0 000001B57BF71F60 start
TRACE StateContext queue 0 messages 0
TRACE StateContext queue 0 messages clear start
TRACE StateContext queue 0 messages clear end
TRACE StateContext queue 0 complete
TRACE StateContext queue 1 000001B57BF72080 start
TRACE StateContext queue 1 messages 0
TRACE StateContext queue 1 messages clear start
TRACE StateContext queue 1 messages clear end
TRACE StateContext queue 1 complete
TRACE StateContext queue 2 000001B57BF721A0 start
TRACE StateContext queue 2 messages 0
TRACE StateContext queue 2 messages clear start
TRACE StateContext queue 2 messages clear end
TRACE StateContext queue 2 complete
TRACE StateContext queue 3 000001B57BF722C0 start
TRACE StateContext queue 3 messages 0
TRACE StateContext queue 3 messages clear start
TRACE StateContext queue 3 messages clear end
TRACE StateContext queue 3 complete
TRACE StateContext queue 4 000001B57BF723E0 start
TRACE StateContext queue 4 messages 0
TRACE StateContext queue 4 messages clear start
TRACE StateContext queue 4 messages clear end
TRACE StateContext queue 4 complete
TRACE StateContext queue 5 000001B57BF72500 start
TRACE StateContext queue 5 messages 0
TRACE StateContext queue 5 messages clear start
TRACE StateContext queue 5 messages clear end
TRACE StateContext queue 5 complete
TRACE StateContext queue 6 000001B57BF72620 start
TRACE StateContext queue 6 messages 0
TRACE StateContext queue 6 messages clear start
TRACE StateContext queue 6 messages clear end
TRACE StateContext queue 6 complete
TRACE StateContext queue 7 000001B57BF72740 start
TRACE StateContext queue 7 messages 0
TRACE StateContext queue 7 messages clear start
TRACE StateContext queue 7 messages clear end
TRACE StateContext queue 7 complete
TRACE StateContext queue 8 000001B57BF72860 start
TRACE StateContext queue 8 messages 0
TRACE StateContext queue 8 messages clear start
TRACE StateContext queue 8 messages clear end
TRACE StateContext queue 8 complete
TRACE StateContext queue 9 000001B57BF72980 start
TRACE StateContext queue 9 messages 0
TRACE StateContext queue 9 messages clear start
TRACE StateContext queue 9 messages clear end
TRACE StateContext queue 9 complete
TRACE StateContext queue 10 000001B57BF72AA0 start
TRACE StateContext queue 10 messages 0
TRACE StateContext queue 10 messages clear start
TRACE StateContext queue 10 messages clear end
TRACE StateContext queue 10 complete
TRACE StateContext queue 11 000001B57BF72BC0 start
TRACE StateContext queue 11 messages 0
TRACE StateContext queue 11 messages clear start
TRACE StateContext queue 11 messages clear end
TRACE StateContext queue 11 complete
TRACE StateContext queue 12 000001B57BF72CE0 start
TRACE StateContext queue 12 messages 0
TRACE StateContext queue 12 messages clear start
TRACE StateContext queue 12 messages clear end
TRACE StateContext queue 12 complete
TRACE StateContext queue 13 000001B57BF72E00 start
TRACE StateContext queue 13 messages 0
TRACE StateContext queue 13 messages clear start
TRACE StateContext queue 13 messages clear end
TRACE StateContext queue 13 complete
TRACE StateContext queue 14 000001B57BF72F20 start
TRACE StateContext queue 14 messages 0
TRACE StateContext queue 14 messages clear start
TRACE StateContext queue 14 messages clear end
TRACE StateContext queue 14 complete
TRACE StateContext all queues drained
TRACE StateContext states snapshotted 1
TRACE StateContext states cleared
TRACE StateContext queues cleared
TRACE StateContext shared listener cleared
TRACE StateContext unload end 000001B501C969A0
TRACE StateContext unload start 000001B501C96A70 state 7
TRACE StateContext queues snapshotted 15
TRACE StateContext queue 0 000001B57BF73040 start
TRACE StateContext queue 0 messages 0
TRACE StateContext queue 0 messages clear start
TRACE StateContext queue 0 messages clear end
TRACE StateContext queue 0 complete
TRACE StateContext queue 1 000001B57BF73160 start
TRACE StateContext queue 1 messages 0
TRACE StateContext queue 1 messages clear start
TRACE StateContext queue 1 messages clear end
TRACE StateContext queue 1 complete
TRACE StateContext queue 2 000001B57BF73280 start
TRACE StateContext queue 2 messages 0
TRACE StateContext queue 2 messages clear start
TRACE StateContext queue 2 messages clear end
TRACE StateContext queue 2 complete
TRACE StateContext queue 3 000001B57BF733A0 start
TRACE StateContext queue 3 messages 0
TRACE StateContext queue 3 messages clear start
TRACE StateContext queue 3 messages clear end
TRACE StateContext queue 3 complete
TRACE StateContext queue 4 000001B57BF734C0 start
TRACE StateContext queue 4 messages 0
TRACE StateContext queue 4 messages clear start
TRACE StateContext queue 4 messages clear end
TRACE StateContext queue 4 complete
TRACE StateContext queue 5 000001B57BF735E0 start
TRACE StateContext queue 5 messages 0
TRACE StateContext queue 5 messages clear start
TRACE StateContext queue 5 messages clear end
TRACE StateContext queue 5 complete
TRACE StateContext queue 6 000001B57BF73700 start
TRACE StateContext queue 6 messages 0
TRACE StateContext queue 6 messages clear start
TRACE StateContext queue 6 messages clear end
TRACE StateContext queue 6 complete
TRACE StateContext queue 7 000001B57BF73820 start
TRACE StateContext queue 7 messages 0
TRACE StateContext queue 7 messages clear start
TRACE StateContext queue 7 messages clear end
TRACE StateContext queue 7 complete
TRACE StateContext queue 8 000001B57BF73940 start
TRACE StateContext queue 8 messages 0
TRACE StateContext queue 8 messages clear start
TRACE StateContext queue 8 messages clear end
TRACE StateContext queue 8 complete
TRACE StateContext queue 9 000001B57BF73A60 start
TRACE StateContext queue 9 messages 0
TRACE StateContext queue 9 messages clear start
TRACE StateContext queue 9 messages clear end
TRACE StateContext queue 9 complete
TRACE StateContext queue 10 000001B57BF73B80 start
TRACE StateContext queue 10 messages 0
TRACE StateContext queue 10 messages clear start
TRACE StateContext queue 10 messages clear end
TRACE StateContext queue 10 complete
TRACE StateContext queue 11 000001B57BF73CA0 start
TRACE StateContext queue 11 messages 0
TRACE StateContext queue 11 messages clear start
TRACE StateContext queue 11 messages clear end
TRACE StateContext queue 11 complete
TRACE StateContext queue 12 000001B57BF73DC0 start
TRACE StateContext queue 12 messages 0
TRACE StateContext queue 12 messages clear start
TRACE StateContext queue 12 messages clear end
TRACE StateContext queue 12 complete
TRACE StateContext queue 13 000001B57BF73EE0 start
TRACE StateContext queue 13 messages 0
TRACE StateContext queue 13 messages clear start
TRACE StateContext queue 13 messages clear end
TRACE StateContext queue 13 complete
TRACE StateContext queue 14 000001B57BF74000 start
TRACE StateContext queue 14 messages 0
TRACE StateContext queue 14 messages clear start
TRACE StateContext queue 14 messages clear end
TRACE StateContext queue 14 complete
TRACE StateContext all queues drained
TRACE StateContext states snapshotted 1
TRACE StateContext states cleared
TRACE StateContext queues cleared
TRACE StateContext shared listener cleared
TRACE StateContext unload end 000001B501C96A70
TRACE StateContext unload start 000001B501C96B40 state 7
TRACE StateContext queues snapshotted 15
TRACE StateContext queue 0 000001B57BF74120 start
TRACE StateContext queue 0 messages 0
TRACE StateContext queue 0 messages clear start
TRACE StateContext queue 0 messages clear end
TRACE StateContext queue 0 complete
TRACE StateContext queue 1 000001B57BF7D580 start
TRACE StateContext queue 1 messages 0
TRACE StateContext queue 1 messages clear start
TRACE StateContext queue 1 messages clear end
TRACE StateContext queue 1 complete
TRACE StateContext queue 2 000001B57BF7D6A0 start
TRACE StateContext queue 2 messages 0
TRACE StateContext queue 2 messages clear start
TRACE StateContext queue 2 messages clear end
TRACE StateContext queue 2 complete
TRACE StateContext queue 3 000001B57BF7D7C0 start
TRACE StateContext queue 3 messages 0
TRACE StateContext queue 3 messages clear start
TRACE StateContext queue 3 messages clear end
TRACE StateContext queue 3 complete
TRACE StateContext queue 4 000001B57BF7D8E0 start
TRACE StateContext queue 4 messages 0
TRACE StateContext queue 4 messages clear start
TRACE StateContext queue 4 messages clear end
TRACE StateContext queue 4 complete
TRACE StateContext queue 5 000001B57BF7DA00 start
TRACE StateContext queue 5 messages 0
TRACE StateContext queue 5 messages clear start
TRACE StateContext queue 5 messages clear end
TRACE StateContext queue 5 complete
TRACE StateContext queue 6 000001B57BF7DB20 start
TRACE StateContext queue 6 messages 0
TRACE StateContext queue 6 messages clear start
TRACE StateContext queue 6 messages clear end
TRACE StateContext queue 6 complete
TRACE StateContext queue 7 000001B57BF7DC40 start
TRACE StateContext queue 7 messages 0
TRACE StateContext queue 7 messages clear start
TRACE StateContext queue 7 messages clear end
TRACE StateContext queue 7 complete
TRACE StateContext queue 8 000001B57BF7DD60 start
TRACE StateContext queue 8 messages 0
TRACE StateContext queue 8 messages clear start
TRACE StateContext queue 8 messages clear end
TRACE StateContext queue 8 complete
TRACE StateContext queue 9 000001B57BF7DE80 start
TRACE StateContext queue 9 messages 0
TRACE StateContext queue 9 messages clear start
TRACE StateContext queue 9 messages clear end
TRACE StateContext queue 9 complete
TRACE StateContext queue 10 000001B57BF7DFA0 start
TRACE StateContext queue 10 messages 0
TRACE StateContext queue 10 messages clear start
TRACE StateContext queue 10 messages clear end
TRACE StateContext queue 10 complete
TRACE StateContext queue 11 000001B57BF7E0C0 start
TRACE StateContext queue 11 messages 0
TRACE StateContext queue 11 messages clear start
TRACE StateContext queue 11 messages clear end
TRACE StateContext queue 11 complete
TRACE StateContext queue 12 000001B57BF7E1E0 start
TRACE StateContext queue 12 messages 0
TRACE StateContext queue 12 messages clear start
TRACE StateContext queue 12 messages clear end
TRACE StateContext queue 12 complete
TRACE StateContext queue 13 000001B57BF7E300 start
TRACE StateContext queue 13 messages 0
TRACE StateContext queue 13 messages clear start
TRACE StateContext queue 13 messages clear end
TRACE StateContext queue 13 complete
TRACE StateContext queue 14 000001B57BF7E420 start
TRACE StateContext queue 14 messages 0
TRACE StateContext queue 14 messages clear start
TRACE StateContext queue 14 messages clear end
TRACE StateContext queue 14 complete
TRACE StateContext all queues drained
TRACE StateContext states snapshotted 1
TRACE StateContext states cleared
TRACE StateContext queues cleared
TRACE StateContext shared listener cleared
TRACE StateContext unload end 000001B501C96B40
TRACE StateContext unload start 000001B501C96C10 state 7
TRACE StateContext queues snapshotted 15
TRACE StateContext queue 0 000001B57BF7E540 start
TRACE StateContext queue 0 messages 0
TRACE StateContext queue 0 messages clear start
TRACE StateContext queue 0 messages clear end
TRACE StateContext queue 0 complete
TRACE StateContext queue 1 000001B57BF7E660 start
TRACE StateContext queue 1 messages 0
TRACE StateContext queue 1 messages clear start
TRACE StateContext queue 1 messages clear end
TRACE StateContext queue 1 complete
TRACE StateContext queue 2 000001B57BF7E780 start
TRACE StateContext queue 2 messages 0
TRACE StateContext queue 2 messages clear start
TRACE StateContext queue 2 messages clear end
TRACE StateContext queue 2 complete
TRACE StateContext queue 3 000001B57BF7E8A0 start
TRACE StateContext queue 3 messages 0
TRACE StateContext queue 3 messages clear start
TRACE StateContext queue 3 messages clear end
TRACE StateContext queue 3 complete
TRACE StateContext queue 4 000001B57BF7E9C0 start
TRACE StateContext queue 4 messages 0
TRACE StateContext queue 4 messages clear start
TRACE StateContext queue 4 messages clear end
TRACE StateContext queue 4 complete
TRACE StateContext queue 5 000001B57BF7EAE0 start
TRACE StateContext queue 5 messages 0
TRACE StateContext queue 5 messages clear start
TRACE StateContext queue 5 messages clear end
TRACE StateContext queue 5 complete
TRACE StateContext queue 6 000001B57BF7EC00 start
TRACE StateContext queue 6 messages 0
TRACE StateContext queue 6 messages clear start
TRACE StateContext queue 6 messages clear end
TRACE StateContext queue 6 complete
TRACE StateContext queue 7 000001B57BF7ED20 start
TRACE StateContext queue 7 messages 0
TRACE StateContext queue 7 messages clear start
TRACE StateContext queue 7 messages clear end
TRACE StateContext queue 7 complete
TRACE StateContext queue 8 000001B57BF7EE40 start
TRACE StateContext queue 8 messages 0
TRACE StateContext queue 8 messages clear start
TRACE StateContext queue 8 messages clear end
TRACE StateContext queue 8 complete
TRACE StateContext queue 9 000001B57BF7EF60 start
TRACE StateContext queue 9 messages 0
TRACE StateContext queue 9 messages clear start
TRACE StateContext queue 9 messages clear end
TRACE StateContext queue 9 complete
TRACE StateContext queue 10 000001B57BF7F080 start
TRACE StateContext queue 10 messages 0
TRACE StateContext queue 10 messages clear start
TRACE StateContext queue 10 messages clear end
TRACE StateContext queue 10 complete
TRACE StateContext queue 11 000001B57BF7F1A0 start
TRACE StateContext queue 11 messages 0
TRACE StateContext queue 11 messages clear start
TRACE StateContext queue 11 messages clear end
TRACE StateContext queue 11 complete
TRACE StateContext queue 12 000001B57BF7F2C0 start
TRACE StateContext queue 12 messages 0
TRACE StateContext queue 12 messages clear start
TRACE StateContext queue 12 messages clear end
TRACE StateContext queue 12 complete
TRACE StateContext queue 13 000001B57BF7F3E0 start
TRACE StateContext queue 13 messages 0
TRACE StateContext queue 13 messages clear start
TRACE StateContext queue 13 messages clear end
TRACE StateContext queue 13 complete
TRACE StateContext queue 14 000001B57BF7F500 start
TRACE StateContext queue 14 messages 0
TRACE StateContext queue 14 messages clear start
TRACE StateContext queue 14 messages clear end
TRACE StateContext queue 14 complete
TRACE StateContext all queues drained
TRACE StateContext states snapshotted 1
TRACE StateContext states cleared
TRACE StateContext queues cleared
TRACE StateContext shared listener cleared
TRACE StateContext unload end 000001B501C96C10
TRACE StateContext unload start 000001B501C96CE0 state 7
TRACE StateContext queues snapshotted 15
TRACE StateContext queue 0 000001B57BF7F620 start
TRACE StateContext queue 0 messages 0
TRACE StateContext queue 0 messages clear start
TRACE StateContext queue 0 messages clear end
TRACE StateContext queue 0 complete
TRACE StateContext queue 1 000001B57BF7F740 start
TRACE StateContext queue 1 messages 0
TRACE StateContext queue 1 messages clear start
TRACE StateContext queue 1 messages clear end
TRACE StateContext queue 1 complete
TRACE StateContext queue 2 000001B57BF7F860 start
TRACE StateContext queue 2 messages 0
TRACE StateContext queue 2 messages clear start
TRACE StateContext queue 2 messages clear end
TRACE StateContext queue 2 complete
TRACE StateContext queue 3 000001B57C082CD0 start
TRACE StateContext queue 3 messages 0
TRACE StateContext queue 3 messages clear start
TRACE StateContext queue 3 messages clear end
TRACE StateContext queue 3 complete
TRACE StateContext queue 4 000001B57C082DF0 start
TRACE StateContext queue 4 messages 0
TRACE StateContext queue 4 messages clear start
TRACE StateContext queue 4 messages clear end
TRACE StateContext queue 4 complete
TRACE StateContext queue 5 000001B57C082F10 start
TRACE StateContext queue 5 messages 0
TRACE StateContext queue 5 messages clear start
TRACE StateContext queue 5 messages clear end
TRACE StateContext queue 5 complete
TRACE StateContext queue 6 000001B57C083030 start
TRACE StateContext queue 6 messages 0
TRACE StateContext queue 6 messages clear start
TRACE StateContext queue 6 messages clear end
TRACE StateContext queue 6 complete
TRACE StateContext queue 7 000001B57C083150 start
TRACE StateContext queue 7 messages 0
TRACE StateContext queue 7 messages clear start
TRACE StateContext queue 7 messages clear end
TRACE StateContext queue 7 complete
TRACE StateContext queue 8 000001B57C083270 start
TRACE StateContext queue 8 messages 0
TRACE StateContext queue 8 messages clear start
TRACE StateContext queue 8 messages clear end
TRACE StateContext queue 8 complete
TRACE StateContext queue 9 000001B57C083390 start
TRACE StateContext queue 9 messages 0
TRACE StateContext queue 9 messages clear start
TRACE StateContext queue 9 messages clear end
TRACE StateContext queue 9 complete
TRACE StateContext queue 10 000001B57C0834B0 start
TRACE StateContext queue 10 messages 0
TRACE StateContext queue 10 messages clear start
TRACE StateContext queue 10 messages clear end
TRACE StateContext queue 10 complete
TRACE StateContext queue 11 000001B57C0835D0 start
TRACE StateContext queue 11 messages 0
TRACE StateContext queue 11 messages clear start
TRACE StateContext queue 11 messages clear end
TRACE StateContext queue 11 complete
TRACE StateContext queue 12 000001B57C0836F0 start
TRACE StateContext queue 12 messages 0
TRACE StateContext queue 12 messages clear start
TRACE StateContext queue 12 messages clear end
TRACE StateContext queue 12 complete
TRACE StateContext queue 13 000001B57C083810 start
TRACE StateContext queue 13 messages 0
TRACE StateContext queue 13 messages clear start
TRACE StateContext queue 13 messages clear end
TRACE StateContext queue 13 complete
TRACE StateContext queue 14 000001B57C083930 start
TRACE StateContext queue 14 messages 0
TRACE StateContext queue 14 messages clear start
TRACE StateContext queue 14 messages clear end
TRACE StateContext queue 14 complete
TRACE StateContext all queues drained
TRACE StateContext states snapshotted 1
TRACE StateContext states cleared
TRACE StateContext queues cleared
TRACE StateContext shared listener cleared
TRACE StateContext unload end 000001B501C96CE0
TRACE StateContext unload start 000001B501C96DB0 state 7
TRACE StateContext queues snapshotted 15
TRACE StateContext queue 0 000001B57C083A50 start
TRACE StateContext queue 0 messages 0
TRACE StateContext queue 0 messages clear start
TRACE StateContext queue 0 messages clear end
TRACE StateContext queue 0 complete
TRACE StateContext queue 1 000001B57C083B70 start
TRACE StateContext queue 1 messages 0
TRACE StateContext queue 1 messages clear start
TRACE StateContext queue 1 messages clear end
TRACE StateContext queue 1 complete
TRACE StateContext queue 2 000001B57C083C90 start
TRACE StateContext queue 2 messages 0
TRACE StateContext queue 2 messages clear start
TRACE StateContext queue 2 messages clear end
TRACE StateContext queue 2 complete
TRACE StateContext queue 3 000001B57C083DB0 start
TRACE StateContext queue 3 messages 0
TRACE StateContext queue 3 messages clear start
TRACE StateContext queue 3 messages clear end
TRACE StateContext queue 3 complete
TRACE StateContext queue 4 000001B57C083ED0 start
TRACE StateContext queue 4 messages 0
TRACE StateContext queue 4 messages clear start
TRACE StateContext queue 4 messages clear end
TRACE StateContext queue 4 complete
TRACE StateContext queue 5 000001B57C083FF0 start
TRACE StateContext queue 5 messages 0
TRACE StateContext queue 5 messages clear start
TRACE StateContext queue 5 messages clear end
TRACE StateContext queue 5 complete
TRACE StateContext queue 6 000001B57C084110 start
TRACE StateContext queue 6 messages 0
TRACE StateContext queue 6 messages clear start
TRACE StateContext queue 6 messages clear end
TRACE StateContext queue 6 complete
TRACE StateContext queue 7 000001B57C084230 start
TRACE StateContext queue 7 messages 0
TRACE StateContext queue 7 messages clear start
TRACE StateContext queue 7 messages clear end
TRACE StateContext queue 7 complete
TRACE StateContext queue 8 000001B57C084350 start
TRACE StateContext queue 8 messages 0
TRACE StateContext queue 8 messages clear start
TRACE StateContext queue 8 messages clear end
TRACE StateContext queue 8 complete
TRACE StateContext queue 9 000001B57C084470 start
TRACE StateContext queue 9 messages 0
TRACE StateContext queue 9 messages clear start
TRACE StateContext queue 9 messages clear end
TRACE StateContext queue 9 complete
TRACE StateContext queue 10 000001B57C084590 start
TRACE StateContext queue 10 messages 0
TRACE StateContext queue 10 messages clear start
TRACE StateContext queue 10 messages clear end
TRACE StateContext queue 10 complete
TRACE StateContext queue 11 000001B57C0846B0 start
TRACE StateContext queue 11 messages 0
TRACE StateContext queue 11 messages clear start
TRACE StateContext queue 11 messages clear end
TRACE StateContext queue 11 complete
TRACE StateContext queue 12 000001B57C0847D0 start
TRACE StateContext queue 12 messages 0
TRACE StateContext queue 12 messages clear start
TRACE StateContext queue 12 messages clear end
TRACE StateContext queue 12 complete
TRACE StateContext queue 13 000001B57C0848F0 start
TRACE StateContext queue 13 messages 0
TRACE StateContext queue 13 messages clear start
TRACE StateContext queue 13 messages clear end
TRACE StateContext queue 13 complete
TRACE StateContext queue 14 000001B57C084A10 start
TRACE StateContext queue 14 messages 0
TRACE StateContext queue 14 messages clear start
TRACE StateContext queue 14 messages clear end
TRACE StateContext queue 14 complete
TRACE StateContext all queues drained
TRACE StateContext states snapshotted 1
TRACE StateContext states cleared
TRACE StateContext queues cleared
TRACE StateContext shared listener cleared
TRACE StateContext unload end 000001B501C96DB0
TRACE StateContext unload start 000001B501C96E80 state 7
TRACE StateContext queues snapshotted 15
TRACE StateContext queue 0 000001B57C084B30 start
TRACE StateContext queue 0 messages 0
TRACE StateContext queue 0 messages clear start
TRACE StateContext queue 0 messages clear end
TRACE StateContext queue 0 complete
TRACE StateContext queue 1 000001B57C084C50 start
TRACE StateContext queue 1 messages 0
TRACE StateContext queue 1 messages clear start
TRACE StateContext queue 1 messages clear end
TRACE StateContext queue 1 complete
TRACE StateContext queue 2 000001B57C084D70 start
TRACE StateContext queue 2 messages 0
TRACE StateContext queue 2 messages clear start
TRACE StateContext queue 2 messages clear end
TRACE StateContext queue 2 complete
TRACE StateContext queue 3 000001B57C084E90 start
TRACE StateContext queue 3 messages 0
TRACE StateContext queue 3 messages clear start
TRACE StateContext queue 3 messages clear end
TRACE StateContext queue 3 complete
TRACE StateContext queue 4 000001B57C084FB0 start
TRACE StateContext queue 4 messages 0
TRACE StateContext queue 4 messages clear start
TRACE StateContext queue 4 messages clear end
TRACE StateContext queue 4 complete
TRACE StateContext queue 5 000001B57C085FD0 start
TRACE StateContext queue 5 messages 0
TRACE StateContext queue 5 messages clear start
TRACE StateContext queue 5 messages clear end
TRACE StateContext queue 5 complete
TRACE StateContext queue 6 000001B57C0860F0 start
TRACE StateContext queue 6 messages 0
TRACE StateContext queue 6 messages clear start
TRACE StateContext queue 6 messages clear end
TRACE StateContext queue 6 complete
TRACE StateContext queue 7 000001B57C086210 start
TRACE StateContext queue 7 messages 0
TRACE StateContext queue 7 messages clear start
TRACE StateContext queue 7 messages clear end
TRACE StateContext queue 7 complete
TRACE StateContext queue 8 000001B57C086330 start
TRACE StateContext queue 8 messages 0
TRACE StateContext queue 8 messages clear start
TRACE StateContext queue 8 messages clear end
TRACE StateContext queue 8 complete
TRACE StateContext queue 9 000001B57C086450 start
TRACE StateContext queue 9 messages 0
TRACE StateContext queue 9 messages clear start
TRACE StateContext queue 9 messages clear end
TRACE StateContext queue 9 complete
TRACE StateContext queue 10 000001B57C086570 start
TRACE StateContext queue 10 messages 0
TRACE StateContext queue 10 messages clear start
TRACE StateContext queue 10 messages clear end
TRACE StateContext queue 10 complete
TRACE StateContext queue 11 000001B57C086690 start
TRACE StateContext queue 11 messages 0
TRACE StateContext queue 11 messages clear start
TRACE StateContext queue 11 messages clear end
TRACE StateContext queue 11 complete
TRACE StateContext queue 12 000001B57C0867B0 start
TRACE StateContext queue 12 messages 0
TRACE StateContext queue 12 messages clear start
TRACE StateContext queue 12 messages clear end
TRACE StateContext queue 12 complete
TRACE StateContext queue 13 000001B57C0868D0 start
TRACE StateContext queue 13 messages 0
TRACE StateContext queue 13 messages clear start
TRACE StateContext queue 13 messages clear end
TRACE StateContext queue 13 complete
TRACE StateContext queue 14 000001B57C0869F0 start
TRACE StateContext queue 14 messages 0
TRACE StateContext queue 14 messages clear start
TRACE StateContext queue 14 messages clear end
TRACE StateContext queue 14 complete
TRACE StateContext all queues drained
TRACE StateContext states snapshotted 1
TRACE StateContext states cleared
TRACE StateContext queues cleared
TRACE StateContext shared listener cleared
TRACE StateContext unload end 000001B501C96E80
TRACE StateContext unload start 000001B501C96F50 state 7
TRACE StateContext queues snapshotted 15
TRACE StateContext queue 0 000001B57C086B10 start
TRACE StateContext queue 0 messages 0
TRACE StateContext queue 0 messages clear start
TRACE StateContext queue 0 messages clear end
TRACE StateContext queue 0 complete
TRACE StateContext queue 1 000001B57C086C30 start
TRACE StateContext queue 1 messages 0
TRACE StateContext queue 1 messages clear start
TRACE StateContext queue 1 messages clear end
TRACE StateContext queue 1 complete
TRACE StateContext queue 2 000001B57C086D50 start
TRACE StateContext queue 2 messages 0
TRACE StateContext queue 2 messages clear start
TRACE StateContext queue 2 messages clear end
TRACE StateContext queue 2 complete
TRACE StateContext queue 3 000001B57C086E70 start
TRACE StateContext queue 3 messages 0
TRACE StateContext queue 3 messages clear start
TRACE StateContext queue 3 messages clear end
TRACE StateContext queue 3 complete
TRACE StateContext queue 4 000001B57C086F90 start
TRACE StateContext queue 4 messages 0
TRACE StateContext queue 4 messages clear start
TRACE StateContext queue 4 messages clear end
TRACE StateContext queue 4 complete
TRACE StateContext queue 5 000001B57C0870B0 start
TRACE StateContext queue 5 messages 0
TRACE StateContext queue 5 messages clear start
TRACE StateContext queue 5 messages clear end
TRACE StateContext queue 5 complete
TRACE StateContext queue 6 000001B57C0871D0 start
TRACE StateContext queue 6 messages 0
TRACE StateContext queue 6 messages clear start
TRACE StateContext queue 6 messages clear end
TRACE StateContext queue 6 complete
TRACE StateContext queue 7 000001B57C0872F0 start
TRACE StateContext queue 7 messages 0
TRACE StateContext queue 7 messages clear start
TRACE StateContext queue 7 messages clear end
TRACE StateContext queue 7 complete
TRACE StateContext queue 8 000001B57C087410 start
TRACE StateContext queue 8 messages 0
TRACE StateContext queue 8 messages clear start
TRACE StateContext queue 8 messages clear end
TRACE StateContext queue 8 complete
TRACE StateContext queue 9 000001B57C087530 start
TRACE StateContext queue 9 messages 0
TRACE StateContext queue 9 messages clear start
TRACE StateContext queue 9 messages clear end
TRACE StateContext queue 9 complete
TRACE StateContext queue 10 000001B57C087650 start
TRACE StateContext queue 10 messages 0
TRACE StateContext queue 10 messages clear start
TRACE StateContext queue 10 messages clear end
TRACE StateContext queue 10 complete
TRACE StateContext queue 11 000001B57C087770 start
TRACE StateContext queue 11 messages 0
TRACE StateContext queue 11 messages clear start
TRACE StateContext queue 11 messages clear end
TRACE StateContext queue 11 complete
TRACE StateContext queue 12 000001B57C087890 start
TRACE StateContext queue 12 messages 0
TRACE StateContext queue 12 messages clear start
TRACE StateContext queue 12 messages clear end
TRACE StateContext queue 12 complete
TRACE StateContext queue 13 000001B57C0879B0 start
TRACE StateContext queue 13 messages 0
TRACE StateContext queue 13 messages clear start
TRACE StateContext queue 13 messages clear end
TRACE StateContext queue 13 complete
TRACE StateContext queue 14 000001B57C087AD0 start
TRACE StateContext queue 14 messages 0
TRACE StateContext queue 14 messages clear start
TRACE StateContext queue 14 messages clear end
TRACE StateContext queue 14 complete
TRACE StateContext all queues drained
TRACE StateContext states snapshotted 1
TRACE StateContext states cleared
TRACE StateContext queues cleared
TRACE StateContext shared listener cleared
TRACE StateContext unload end 000001B501C96F50
TRACE StateContext unload start 000001B501C97020 state 7
TRACE StateContext queues snapshotted 15
TRACE StateContext queue 0 000001B57C087BF0 start
TRACE StateContext queue 0 messages 0
TRACE StateContext queue 0 messages clear start
TRACE StateContext queue 0 messages clear end
TRACE StateContext queue 0 complete
TRACE StateContext queue 1 000001B57C087D10 start
TRACE StateContext queue 1 messages 0
TRACE StateContext queue 1 messages clear start
TRACE StateContext queue 1 messages clear end
TRACE StateContext queue 1 complete
TRACE StateContext queue 2 000001B57C087E30 start
TRACE StateContext queue 2 messages 0
TRACE StateContext queue 2 messages clear start
TRACE StateContext queue 2 messages clear end
TRACE StateContext queue 2 complete
TRACE StateContext queue 3 000001B57C087F50 start
TRACE StateContext queue 3 messages 0
TRACE StateContext queue 3 messages clear start
TRACE StateContext queue 3 messages clear end
TRACE StateContext queue 3 complete
TRACE StateContext queue 4 000001B57C088070 start
TRACE StateContext queue 4 messages 0
TRACE StateContext queue 4 messages clear start
TRACE StateContext queue 4 messages clear end
TRACE StateContext queue 4 complete
TRACE StateContext queue 5 000001B57C088190 start
TRACE StateContext queue 5 messages 0
TRACE StateContext queue 5 messages clear start
TRACE StateContext queue 5 messages clear end
TRACE StateContext queue 5 complete
TRACE StateContext queue 6 000001B57C0882B0 start
TRACE StateContext queue 6 messages 0
TRACE StateContext queue 6 messages clear start
TRACE StateContext queue 6 messages clear end
TRACE StateContext queue 6 complete
TRACE StateContext queue 7 000001B57C0A5EB0 start
TRACE StateContext queue 7 messages 0
TRACE StateContext queue 7 messages clear start
TRACE StateContext queue 7 messages clear end
TRACE StateContext queue 7 complete
TRACE StateContext queue 8 000001B57C0A5FD0 start
TRACE StateContext queue 8 messages 0
TRACE StateContext queue 8 messages clear start
TRACE StateContext queue 8 messages clear end
TRACE StateContext queue 8 complete
TRACE StateContext queue 9 000001B57C0A60F0 start
TRACE StateContext queue 9 messages 0
TRACE StateContext queue 9 messages clear start
TRACE StateContext queue 9 messages clear end
TRACE StateContext queue 9 complete
TRACE StateContext queue 10 000001B57C0A6210 start
TRACE StateContext queue 10 messages 0
TRACE StateContext queue 10 messages clear start
TRACE StateContext queue 10 messages clear end
TRACE StateContext queue 10 complete
TRACE StateContext queue 11 000001B57C0A6330 start
TRACE StateContext queue 11 messages 0
TRACE StateContext queue 11 messages clear start
TRACE StateContext queue 11 messages clear end
TRACE StateContext queue 11 complete
TRACE StateContext queue 12 000001B57C0A6450 start
TRACE StateContext queue 12 messages 0
TRACE StateContext queue 12 messages clear start
TRACE StateContext queue 12 messages clear end
TRACE StateContext queue 12 complete
TRACE StateContext queue 13 000001B57C0A6570 start
TRACE StateContext queue 13 messages 0
TRACE StateContext queue 13 messages clear start
TRACE StateContext queue 13 messages clear end
TRACE StateContext queue 13 complete
TRACE StateContext queue 14 000001B57C0A6690 start
TRACE StateContext queue 14 messages 0
TRACE StateContext queue 14 messages clear start
TRACE StateContext queue 14 messages clear end
TRACE StateContext queue 14 complete
TRACE StateContext all queues drained
TRACE StateContext states snapshotted 1
TRACE StateContext states cleared
TRACE StateContext queues cleared
TRACE StateContext shared listener cleared
TRACE StateContext unload end 000001B501C97020
TRACE StateContext unload start 000001B501C970F0 state 7
TRACE StateContext queues snapshotted 15
TRACE StateContext queue 0 000001B57C0A67B0 start
TRACE StateContext queue 0 messages 0
TRACE StateContext queue 0 messages clear start
TRACE StateContext queue 0 messages clear end
TRACE StateContext queue 0 complete
TRACE StateContext queue 1 000001B57C0A68D0 start
TRACE StateContext queue 1 messages 0
TRACE StateContext queue 1 messages clear start
TRACE StateContext queue 1 messages clear end
TRACE StateContext queue 1 complete
TRACE StateContext queue 2 000001B57C0A69F0 start
TRACE StateContext queue 2 messages 0
TRACE StateContext queue 2 messages clear start
TRACE StateContext queue 2 messages clear end
TRACE StateContext queue 2 complete
TRACE StateContext queue 3 000001B57C0A6B10 start
TRACE StateContext queue 3 messages 0
TRACE StateContext queue 3 messages clear start
TRACE StateContext queue 3 messages clear end
TRACE StateContext queue 3 complete
TRACE StateContext queue 4 000001B57C0A6C30 start
TRACE StateContext queue 4 messages 0
TRACE StateContext queue 4 messages clear start
TRACE StateContext queue 4 messages clear end
TRACE StateContext queue 4 complete
TRACE StateContext queue 5 000001B57C0A6D50 start
TRACE StateContext queue 5 messages 0
TRACE StateContext queue 5 messages clear start
TRACE StateContext queue 5 messages clear end
TRACE StateContext queue 5 complete
TRACE StateContext queue 6 000001B57C0A6E70 start
TRACE StateContext queue 6 messages 0
TRACE StateContext queue 6 messages clear start
TRACE StateContext queue 6 messages clear end
TRACE StateContext queue 6 complete
TRACE StateContext queue 7 000001B57C0A6F90 start
TRACE StateContext queue 7 messages 0
TRACE StateContext queue 7 messages clear start
TRACE StateContext queue 7 messages clear end
TRACE StateContext queue 7 complete
TRACE StateContext queue 8 000001B57C0A70B0 start
TRACE StateContext queue 8 messages 0
TRACE StateContext queue 8 messages clear start
TRACE StateContext queue 8 messages clear end
TRACE StateContext queue 8 complete
TRACE StateContext queue 9 000001B57C0A71D0 start
TRACE StateContext queue 9 messages 0
TRACE StateContext queue 9 messages clear start
TRACE StateContext queue 9 messages clear end
TRACE StateContext queue 9 complete
TRACE StateContext queue 10 000001B57C0A72F0 start
TRACE StateContext queue 10 messages 0
TRACE StateContext queue 10 messages clear start
TRACE StateContext queue 10 messages clear end
TRACE StateContext queue 10 complete
TRACE StateContext queue 11 000001B57C0A7410 start
TRACE StateContext queue 11 messages 0
TRACE StateContext queue 11 messages clear start
TRACE StateContext queue 11 messages clear end
TRACE StateContext queue 11 complete
TRACE StateContext queue 12 000001B57C0A7530 start
TRACE StateContext queue 12 messages 0
TRACE StateContext queue 12 messages clear start
TRACE StateContext queue 12 messages clear end
TRACE StateContext queue 12 complete
TRACE StateContext queue 13 000001B57C0A7650 start
TRACE StateContext queue 13 messages 0
TRACE StateContext queue 13 messages clear start
TRACE StateContext queue 13 messages clear end
TRACE StateContext queue 13 complete
TRACE StateContext queue 14 000001B57C0A7770 start
TRACE StateContext queue 14 messages 0
TRACE StateContext queue 14 messages clear start
TRACE StateContext queue 14 messages clear end
TRACE StateContext queue 14 complete
TRACE StateContext all queues drained
TRACE StateContext states snapshotted 1
TRACE StateContext states cleared
TRACE StateContext queues cleared
TRACE StateContext shared listener cleared
TRACE StateContext unload end 000001B501C970F0
TRACE StateContext unload start 000001B501C971C0 state 7
TRACE StateContext queues snapshotted 15
TRACE StateContext queue 0 000001B57C0A7890 start
TRACE StateContext queue 0 messages 0
TRACE StateContext queue 0 messages clear start
TRACE StateContext queue 0 messages clear end
TRACE StateContext queue 0 complete
TRACE StateContext queue 1 000001B57C0A79B0 start
TRACE StateContext queue 1 messages 0
TRACE StateContext queue 1 messages clear start
TRACE StateContext queue 1 messages clear end
TRACE StateContext queue 1 complete
TRACE StateContext queue 2 000001B57C0A7AD0 start
TRACE StateContext queue 2 messages 0
TRACE StateContext queue 2 messages clear start
TRACE StateContext queue 2 messages clear end
TRACE StateContext queue 2 complete
TRACE StateContext queue 3 000001B57C0A7BF0 start
TRACE StateContext queue 3 messages 0
TRACE StateContext queue 3 messages clear start
TRACE StateContext queue 3 messages clear end
TRACE StateContext queue 3 complete
TRACE StateContext queue 4 000001B57C0A7D10 start
TRACE StateContext queue 4 messages 0
TRACE StateContext queue 4 messages clear start
TRACE StateContext queue 4 messages clear end
TRACE StateContext queue 4 complete
TRACE StateContext queue 5 000001B57C0A7E30 start
TRACE StateContext queue 5 messages 0
TRACE StateContext queue 5 messages clear start
TRACE StateContext queue 5 messages clear end
TRACE StateContext queue 5 complete
TRACE StateContext queue 6 000001B57C0A7F50 start
TRACE StateContext queue 6 messages 0
TRACE StateContext queue 6 messages clear start
TRACE StateContext queue 6 messages clear end
TRACE StateContext queue 6 complete
TRACE StateContext queue 7 000001B57C0A8070 start
TRACE StateContext queue 7 messages 0
TRACE StateContext queue 7 messages clear start
TRACE StateContext queue 7 messages clear end
TRACE StateContext queue 7 complete
TRACE StateContext queue 8 000001B57C0A8190 start
TRACE StateContext queue 8 messages 0
TRACE StateContext queue 8 messages clear start
TRACE StateContext queue 8 messages clear end
TRACE StateContext queue 8 complete
TRACE StateContext queue 9 000001B57C0A82C0 start
TRACE StateContext queue 9 messages 0
TRACE StateContext queue 9 messages clear start
TRACE StateContext queue 9 messages clear end
TRACE StateContext queue 9 complete
TRACE StateContext queue 10 000001B57C0A83E0 start
TRACE StateContext queue 10 messages 0
TRACE StateContext queue 10 messages clear start
TRACE StateContext queue 10 messages clear end
TRACE StateContext queue 10 complete
TRACE StateContext queue 11 000001B57C0A8500 start
TRACE StateContext queue 11 messages 0
TRACE StateContext queue 11 messages clear start
TRACE StateContext queue 11 messages clear end
TRACE StateContext queue 11 complete
TRACE StateContext queue 12 000001B57C0A8620 start
TRACE StateContext queue 12 messages 0
TRACE StateContext queue 12 messages clear start
TRACE StateContext queue 12 messages clear end
TRACE StateContext queue 12 complete
TRACE StateContext queue 13 000001B57C0A8740 start
TRACE StateContext queue 13 messages 0
TRACE StateContext queue 13 messages clear start
TRACE StateContext queue 13 messages clear end
TRACE StateContext queue 13 complete
TRACE StateContext queue 14 000001B57C0A8860 start
TRACE StateContext queue 14 messages 0
TRACE StateContext queue 14 messages clear start
TRACE StateContext queue 14 messages clear end
TRACE StateContext queue 14 complete
TRACE StateContext all queues drained
TRACE StateContext states snapshotted 1
TRACE StateContext states cleared
TRACE StateContext queues cleared
TRACE StateContext shared listener cleared
TRACE StateContext unload end 000001B501C971C0
TRACE StateContext unload start 000001B501C97290 state 7
TRACE StateContext queues snapshotted 15
TRACE StateContext queue 0 000001B57C0A8980 start
TRACE StateContext queue 0 messages 0
TRACE StateContext queue 0 messages clear start
TRACE StateContext queue 0 messages clear end
TRACE StateContext queue 0 complete
TRACE StateContext queue 1 000001B57C0A8AA0 start
TRACE StateContext queue 1 messages 0
TRACE StateContext queue 1 messages clear start
TRACE StateContext queue 1 messages clear end
TRACE StateContext queue 1 complete
TRACE StateContext queue 2 000001B57C0A8BC0 start
TRACE StateContext queue 2 messages 0
TRACE StateContext queue 2 messages clear start
TRACE StateContext queue 2 messages clear end
TRACE StateContext queue 2 complete
TRACE StateContext queue 3 000001B57C0A8CE0 start
TRACE StateContext queue 3 messages 0
TRACE StateContext queue 3 messages clear start
TRACE StateContext queue 3 messages clear end
TRACE StateContext queue 3 complete
TRACE StateContext queue 4 000001B57C0A8E00 start
TRACE StateContext queue 4 messages 0
TRACE StateContext queue 4 messages clear start
TRACE StateContext queue 4 messages clear end
TRACE StateContext queue 4 complete
TRACE StateContext queue 5 000001B57C0A8F20 start
TRACE StateContext queue 5 messages 0
TRACE StateContext queue 5 messages clear start
TRACE StateContext queue 5 messages clear end
TRACE StateContext queue 5 complete
TRACE StateContext queue 6 000001B57C0A9040 start
TRACE StateContext queue 6 messages 0
TRACE StateContext queue 6 messages clear start
TRACE StateContext queue 6 messages clear end
TRACE StateContext queue 6 complete
TRACE StateContext queue 7 000001B57C0A9160 start
TRACE StateContext queue 7 messages 0
TRACE StateContext queue 7 messages clear start
TRACE StateContext queue 7 messages clear end
TRACE StateContext queue 7 complete
TRACE StateContext queue 8 000001B57C0A9280 start
TRACE StateContext queue 8 messages 0
TRACE StateContext queue 8 messages clear start
TRACE StateContext queue 8 messages clear end
TRACE StateContext queue 8 complete
TRACE StateContext queue 9 000001B57C0A93A0 start
TRACE StateContext queue 9 messages 0
TRACE StateContext queue 9 messages clear start
TRACE StateContext queue 9 messages clear end
TRACE StateContext queue 9 complete
TRACE StateContext queue 10 000001B57C0A94C0 start
TRACE StateContext queue 10 messages 0
TRACE StateContext queue 10 messages clear start
TRACE StateContext queue 10 messages clear end
TRACE StateContext queue 10 complete
TRACE StateContext queue 11 000001B57C0A95E0 start
TRACE StateContext queue 11 messages 0
TRACE StateContext queue 11 messages clear start
TRACE StateContext queue 11 messages clear end
TRACE StateContext queue 11 complete
TRACE StateContext queue 12 000001B57C0A9700 start
TRACE StateContext queue 12 messages 0
TRACE StateContext queue 12 messages clear start
TRACE StateContext queue 12 messages clear end
TRACE StateContext queue 12 complete
TRACE StateContext queue 13 000001B57C0A9820 start
TRACE StateContext queue 13 messages 0
TRACE StateContext queue 13 messages clear start
TRACE StateContext queue 13 messages clear end
TRACE StateContext queue 13 complete
TRACE StateContext queue 14 000001B57C0A9940 start
TRACE StateContext queue 14 messages 0
TRACE StateContext queue 14 messages clear start
TRACE StateContext queue 14 messages clear end
TRACE StateContext queue 14 complete
TRACE StateContext all queues drained
TRACE StateContext states snapshotted 1
TRACE StateContext states cleared
TRACE StateContext queues cleared
TRACE StateContext shared listener cleared
TRACE StateContext unload end 000001B501C97290
TRACE StateContext unload start 000001B501C97360 state 7
TRACE StateContext queues snapshotted 15
TRACE StateContext queue 0 000001B57C0A9A60 start
TRACE StateContext queue 0 messages 0
TRACE StateContext queue 0 messages clear start
TRACE StateContext queue 0 messages clear end
TRACE StateContext queue 0 complete
TRACE StateContext queue 1 000001B57C0A9B80 start
TRACE StateContext queue 1 messages 0
TRACE StateContext queue 1 messages clear start
TRACE StateContext queue 1 messages clear end
TRACE StateContext queue 1 complete
TRACE StateContext queue 2 000001B57C0A9CA0 start
TRACE StateContext queue 2 messages 0
TRACE StateContext queue 2 messages clear start
TRACE StateContext queue 2 messages clear end
TRACE StateContext queue 2 complete
TRACE StateContext queue 3 000001B57C0A9DC0 start
TRACE StateContext queue 3 messages 0
TRACE StateContext queue 3 messages clear start
TRACE StateContext queue 3 messages clear end
TRACE StateContext queue 3 complete
TRACE StateContext queue 4 000001B57C0A9EE0 start
TRACE StateContext queue 4 messages 0
TRACE StateContext queue 4 messages clear start
TRACE StateContext queue 4 messages clear end
TRACE StateContext queue 4 complete
TRACE StateContext queue 5 000001B57C0AA000 start
TRACE StateContext queue 5 messages 0
TRACE StateContext queue 5 messages clear start
TRACE StateContext queue 5 messages clear end
TRACE StateContext queue 5 complete
TRACE StateContext queue 6 000001B57C0AA120 start
TRACE StateContext queue 6 messages 0
TRACE StateContext queue 6 messages clear start
TRACE StateContext queue 6 messages clear end
TRACE StateContext queue 6 complete
TRACE StateContext queue 7 000001B57C0AA240 start
TRACE StateContext queue 7 messages 0
TRACE StateContext queue 7 messages clear start
TRACE StateContext queue 7 messages clear end
TRACE StateContext queue 7 complete
TRACE StateContext queue 8 000001B57C0AA360 start
TRACE StateContext queue 8 messages 0
TRACE StateContext queue 8 messages clear start
TRACE StateContext queue 8 messages clear end
TRACE StateContext queue 8 complete
TRACE StateContext queue 9 000001B57C0AA480 start
TRACE StateContext queue 9 messages 0
TRACE StateContext queue 9 messages clear start
TRACE StateContext queue 9 messages clear end
TRACE StateContext queue 9 complete
TRACE StateContext queue 10 000001B57C0AA5A0 start
TRACE StateContext queue 10 messages 0
TRACE StateContext queue 10 messages clear start
TRACE StateContext queue 10 messages clear end
TRACE StateContext queue 10 complete
TRACE StateContext queue 11 000001B57C0D1EB0 start
TRACE StateContext queue 11 messages 0
TRACE StateContext queue 11 messages clear start
TRACE StateContext queue 11 messages clear end
TRACE StateContext queue 11 complete
TRACE StateContext queue 12 000001B57C0D1FD0 start
TRACE StateContext queue 12 messages 0
TRACE StateContext queue 12 messages clear start
TRACE StateContext queue 12 messages clear end
TRACE StateContext queue 12 complete
TRACE StateContext queue 13 000001B57C0D20F0 start
TRACE StateContext queue 13 messages 0
TRACE StateContext queue 13 messages clear start
TRACE StateContext queue 13 messages clear end
TRACE StateContext queue 13 complete
TRACE StateContext queue 14 000001B57C0D2210 start
TRACE StateContext queue 14 messages 0
TRACE StateContext queue 14 messages clear start
TRACE StateContext queue 14 messages clear end
TRACE StateContext queue 14 complete
TRACE StateContext all queues drained
TRACE StateContext states snapshotted 1
TRACE StateContext states cleared
TRACE StateContext queues cleared
TRACE StateContext shared listener cleared
TRACE StateContext unload end 000001B501C97360
TRACE StateContext unload start 000001B501C97430 state 7
TRACE StateContext queues snapshotted 15
TRACE StateContext queue 0 000001B57C0D2330 start
TRACE StateContext queue 0 messages 0
TRACE StateContext queue 0 messages clear start
TRACE StateContext queue 0 messages clear end
TRACE StateContext queue 0 complete
TRACE StateContext queue 1 000001B57C0D2450 start
TRACE StateContext queue 1 messages 0
TRACE StateContext queue 1 messages clear start
TRACE StateContext queue 1 messages clear end
TRACE StateContext queue 1 complete
TRACE StateContext queue 2 000001B57C0D2570 start
TRACE StateContext queue 2 messages 0
TRACE StateContext queue 2 messages clear start
TRACE StateContext queue 2 messages clear end
TRACE StateContext queue 2 complete
TRACE StateContext queue 3 000001B57C0D2690 start
TRACE StateContext queue 3 messages 0
TRACE StateContext queue 3 messages clear start
TRACE StateContext queue 3 messages clear end
TRACE StateContext queue 3 complete
TRACE StateContext queue 4 000001B57C0D27B0 start
TRACE StateContext queue 4 messages 0
TRACE StateContext queue 4 messages clear start
TRACE StateContext queue 4 messages clear end
TRACE StateContext queue 4 complete
TRACE StateContext queue 5 000001B57C0D28D0 start
TRACE StateContext queue 5 messages 0
TRACE StateContext queue 5 messages clear start
TRACE StateContext queue 5 messages clear end
TRACE StateContext queue 5 complete
TRACE StateContext queue 6 000001B57C0D29F0 start
TRACE StateContext queue 6 messages 0
TRACE StateContext queue 6 messages clear start
TRACE StateContext queue 6 messages clear end
TRACE StateContext queue 6 complete
TRACE StateContext queue 7 000001B57C0D2B10 start
TRACE StateContext queue 7 messages 0
TRACE StateContext queue 7 messages clear start
TRACE StateContext queue 7 messages clear end
TRACE StateContext queue 7 complete
TRACE StateContext queue 8 000001B57C0D2C30 start
TRACE StateContext queue 8 messages 0
TRACE StateContext queue 8 messages clear start
TRACE StateContext queue 8 messages clear end
TRACE StateContext queue 8 complete
TRACE StateContext queue 9 000001B57C0D2D50 start
TRACE StateContext queue 9 messages 0
TRACE StateContext queue 9 messages clear start
TRACE StateContext queue 9 messages clear end
TRACE StateContext queue 9 complete
TRACE StateContext queue 10 000001B57C0D2E70 start
TRACE StateContext queue 10 messages 0
TRACE StateContext queue 10 messages clear start
TRACE StateContext queue 10 messages clear end
TRACE StateContext queue 10 complete
TRACE StateContext queue 11 000001B57C0D2F90 start
TRACE StateContext queue 11 messages 0
TRACE StateContext queue 11 messages clear start
TRACE StateContext queue 11 messages clear end
TRACE StateContext queue 11 complete
TRACE StateContext queue 12 000001B57C0D30B0 start
TRACE StateContext queue 12 messages 0
TRACE StateContext queue 12 messages clear start
TRACE StateContext queue 12 messages clear end
TRACE StateContext queue 12 complete
TRACE StateContext queue 13 000001B57C0D31D0 start
TRACE StateContext queue 13 messages 0
TRACE StateContext queue 13 messages clear start
TRACE StateContext queue 13 messages clear end
TRACE StateContext queue 13 complete
TRACE StateContext queue 14 000001B57C0D32F0 start
TRACE StateContext queue 14 messages 0
TRACE StateContext queue 14 messages clear start
TRACE StateContext queue 14 messages clear end
TRACE StateContext queue 14 complete
TRACE StateContext all queues drained
TRACE StateContext states snapshotted 1
TRACE StateContext states cleared
TRACE StateContext queues cleared
TRACE StateContext shared listener cleared
TRACE StateContext unload end 000001B501C97430
TRACE StateContext unload start 000001B501C97500 state 7
TRACE StateContext queues snapshotted 15
TRACE StateContext queue 0 000001B57C0D3410 start
TRACE StateContext queue 0 messages 0
TRACE StateContext queue 0 messages clear start
TRACE StateContext queue 0 messages clear end
TRACE StateContext queue 0 complete
TRACE StateContext queue 1 000001B57C0D3530 start
TRACE StateContext queue 1 messages 0
TRACE StateContext queue 1 messages clear start
TRACE StateContext queue 1 messages clear end
TRACE StateContext queue 1 complete
TRACE StateContext queue 2 000001B57C0D3650 start
TRACE StateContext queue 2 messages 0
TRACE StateContext queue 2 messages clear start
TRACE StateContext queue 2 messages clear end
TRACE StateContext queue 2 complete
TRACE StateContext queue 3 000001B57C0D3770 start
TRACE StateContext queue 3 messages 0
TRACE StateContext queue 3 messages clear start
TRACE StateContext queue 3 messages clear end
TRACE StateContext queue 3 complete
TRACE StateContext queue 4 000001B57C0D3890 start
TRACE StateContext queue 4 messages 0
TRACE StateContext queue 4 messages clear start
TRACE StateContext queue 4 messages clear end
TRACE StateContext queue 4 complete
TRACE StateContext queue 5 000001B57C0D39B0 start
TRACE StateContext queue 5 messages 0
TRACE StateContext queue 5 messages clear start
TRACE StateContext queue 5 messages clear end
TRACE StateContext queue 5 complete
TRACE StateContext queue 6 000001B57C0D3AD0 start
TRACE StateContext queue 6 messages 0
TRACE StateContext queue 6 messages clear start
TRACE StateContext queue 6 messages clear end
TRACE StateContext queue 6 complete
TRACE StateContext queue 7 000001B57C0D3BF0 start
TRACE StateContext queue 7 messages 0
TRACE StateContext queue 7 messages clear start
TRACE StateContext queue 7 messages clear end
TRACE StateContext queue 7 complete
TRACE StateContext queue 8 000001B57C0D3D10 start
TRACE StateContext queue 8 messages 0
TRACE StateContext queue 8 messages clear start
TRACE StateContext queue 8 messages clear end
TRACE StateContext queue 8 complete
TRACE StateContext queue 9 000001B57C0D3E30 start
TRACE StateContext queue 9 messages 0
TRACE StateContext queue 9 messages clear start
TRACE StateContext queue 9 messages clear end
TRACE StateContext queue 9 complete
TRACE StateContext queue 10 000001B57C0D3F50 start
TRACE StateContext queue 10 messages 0
TRACE StateContext queue 10 messages clear start
TRACE StateContext queue 10 messages clear end
TRACE StateContext queue 10 complete
TRACE StateContext queue 11 000001B57C0D4070 start
TRACE StateContext queue 11 messages 0
TRACE StateContext queue 11 messages clear start
TRACE StateContext queue 11 messages clear end
TRACE StateContext queue 11 complete
TRACE StateContext queue 12 000001B57C0D4190 start
TRACE StateContext queue 12 messages 0
TRACE StateContext queue 12 messages clear start
TRACE StateContext queue 12 messages clear end
TRACE StateContext queue 12 complete
TRACE StateContext queue 13 000001B57C118470 start
TRACE StateContext queue 13 messages 0
TRACE StateContext queue 13 messages clear start
TRACE StateContext queue 13 messages clear end
TRACE StateContext queue 13 complete
TRACE StateContext queue 14 000001B57C118590 start
TRACE StateContext queue 14 messages 0
TRACE StateContext queue 14 messages clear start
TRACE StateContext queue 14 messages clear end
TRACE StateContext queue 14 complete
TRACE StateContext all queues drained
TRACE StateContext states snapshotted 1
TRACE StateContext states cleared
TRACE StateContext queues cleared
TRACE StateContext shared listener cleared
TRACE StateContext unload end 000001B501C97500
TRACE StateContext unload start 000001B501C975D0 state 7
TRACE StateContext queues snapshotted 15
TRACE StateContext queue 0 000001B57C1186B0 start
TRACE StateContext queue 0 messages 0
TRACE StateContext queue 0 messages clear start
TRACE StateContext queue 0 messages clear end
TRACE StateContext queue 0 complete
TRACE StateContext queue 1 000001B57C1187D0 start
TRACE StateContext queue 1 messages 0
TRACE StateContext queue 1 messages clear start
TRACE StateContext queue 1 messages clear end
TRACE StateContext queue 1 complete
TRACE StateContext queue 2 000001B57C1188F0 start
TRACE StateContext queue 2 messages 0
TRACE StateContext queue 2 messages clear start
TRACE StateContext queue 2 messages clear end
TRACE StateContext queue 2 complete
TRACE StateContext queue 3 000001B57C118A10 start
TRACE StateContext queue 3 messages 0
TRACE StateContext queue 3 messages clear start
TRACE StateContext queue 3 messages clear end
TRACE StateContext queue 3 complete
TRACE StateContext queue 4 000001B57C118B30 start
TRACE StateContext queue 4 messages 0
TRACE StateContext queue 4 messages clear start
TRACE StateContext queue 4 messages clear end
TRACE StateContext queue 4 complete
TRACE StateContext queue 5 000001B57C118C50 start
TRACE StateContext queue 5 messages 0
TRACE StateContext queue 5 messages clear start
TRACE StateContext queue 5 messages clear end
TRACE StateContext queue 5 complete
TRACE StateContext queue 6 000001B57C118D70 start
TRACE StateContext queue 6 messages 0
TRACE StateContext queue 6 messages clear start
TRACE StateContext queue 6 messages clear end
TRACE StateContext queue 6 complete
TRACE StateContext queue 7 000001B57C118E90 start
TRACE StateContext queue 7 messages 0
TRACE StateContext queue 7 messages clear start
TRACE StateContext queue 7 messages clear end
TRACE StateContext queue 7 complete
TRACE StateContext queue 8 000001B57C118FB0 start
TRACE StateContext queue 8 messages 0
TRACE StateContext queue 8 messages clear start
TRACE StateContext queue 8 messages clear end
TRACE StateContext queue 8 complete
TRACE StateContext queue 9 000001B57C1190D0 start
TRACE StateContext queue 9 messages 0
TRACE StateContext queue 9 messages clear start
TRACE StateContext queue 9 messages clear end
TRACE StateContext queue 9 complete
TRACE StateContext queue 10 000001B57C1191F0 start
TRACE StateContext queue 10 messages 0
TRACE StateContext queue 10 messages clear start
TRACE StateContext queue 10 messages clear end
TRACE StateContext queue 10 complete
TRACE StateContext queue 11 000001B57C119310 start
TRACE StateContext queue 11 messages 0
TRACE StateContext queue 11 messages clear start
TRACE StateContext queue 11 messages clear end
TRACE StateContext queue 11 complete
TRACE StateContext queue 12 000001B57C119430 start
TRACE StateContext queue 12 messages 0
TRACE StateContext queue 12 messages clear start
TRACE StateContext queue 12 messages clear end
TRACE StateContext queue 12 complete
TRACE StateContext queue 13 000001B57C119550 start
TRACE StateContext queue 13 messages 0
TRACE StateContext queue 13 messages clear start
TRACE StateContext queue 13 messages clear end
TRACE StateContext queue 13 complete
TRACE StateContext queue 14 000001B57C119670 start
TRACE StateContext queue 14 messages 0
TRACE StateContext queue 14 messages clear start
TRACE StateContext queue 14 messages clear end
TRACE StateContext queue 14 complete
TRACE StateContext all queues drained
TRACE StateContext states snapshotted 1
TRACE StateContext states cleared
TRACE StateContext queues cleared
TRACE StateContext shared listener cleared
TRACE StateContext unload end 000001B501C975D0
TRACE StateContext unload start 000001B501C976A0 state 7
TRACE StateContext queues snapshotted 15
TRACE StateContext queue 0 000001B57C119790 start
TRACE StateContext queue 0 messages 0
TRACE StateContext queue 0 messages clear start
TRACE StateContext queue 0 messages clear end
TRACE StateContext queue 0 complete
TRACE StateContext queue 1 000001B57C1198B0 start
TRACE StateContext queue 1 messages 0
TRACE StateContext queue 1 messages clear start
TRACE StateContext queue 1 messages clear end
TRACE StateContext queue 1 complete
TRACE StateContext queue 2 000001B57C1199D0 start
TRACE StateContext queue 2 messages 0
TRACE StateContext queue 2 messages clear start
TRACE StateContext queue 2 messages clear end
TRACE StateContext queue 2 complete
TRACE StateContext queue 3 000001B57C119AF0 start
TRACE StateContext queue 3 messages 0
TRACE StateContext queue 3 messages clear start
TRACE StateContext queue 3 messages clear end
TRACE StateContext queue 3 complete
TRACE StateContext queue 4 000001B57C119C10 start
TRACE StateContext queue 4 messages 0
TRACE StateContext queue 4 messages clear start
TRACE StateContext queue 4 messages clear end
TRACE StateContext queue 4 complete
TRACE StateContext queue 5 000001B57C119D30 start
TRACE StateContext queue 5 messages 0
TRACE StateContext queue 5 messages clear start
TRACE StateContext queue 5 messages clear end
TRACE StateContext queue 5 complete
TRACE StateContext queue 6 000001B57C119E50 start
TRACE StateContext queue 6 messages 0
TRACE StateContext queue 6 messages clear start
TRACE StateContext queue 6 messages clear end
TRACE StateContext queue 6 complete
TRACE StateContext queue 7 000001B57C119F70 start
TRACE StateContext queue 7 messages 0
TRACE StateContext queue 7 messages clear start
TRACE StateContext queue 7 messages clear end
TRACE StateContext queue 7 complete
TRACE StateContext queue 8 000001B57C11A090 start
TRACE StateContext queue 8 messages 0
TRACE StateContext queue 8 messages clear start
TRACE StateContext queue 8 messages clear end
TRACE StateContext queue 8 complete
TRACE StateContext queue 9 000001B57C11A1B0 start
TRACE StateContext queue 9 messages 0
TRACE StateContext queue 9 messages clear start
TRACE StateContext queue 9 messages clear end
TRACE StateContext queue 9 complete
TRACE StateContext queue 10 000001B57C11A2D0 start
TRACE StateContext queue 10 messages 0
TRACE StateContext queue 10 messages clear start
TRACE StateContext queue 10 messages clear end
TRACE StateContext queue 10 complete
TRACE StateContext queue 11 000001B57C11A3F0 start
TRACE StateContext queue 11 messages 0
TRACE StateContext queue 11 messages clear start
TRACE StateContext queue 11 messages clear end
TRACE StateContext queue 11 complete
TRACE StateContext queue 12 000001B57C11A510 start
TRACE StateContext queue 12 messages 0
TRACE StateContext queue 12 messages clear start
TRACE StateContext queue 12 messages clear end
TRACE StateContext queue 12 complete
TRACE StateContext queue 13 000001B57C11A630 start
TRACE StateContext queue 13 messages 0
TRACE StateContext queue 13 messages clear start
TRACE StateContext queue 13 messages clear end
TRACE StateContext queue 13 complete
TRACE StateContext queue 14 000001B57C11A750 start
TRACE StateContext queue 14 messages 0
TRACE StateContext queue 14 messages clear start
TRACE StateContext queue 14 messages clear end
TRACE StateContext queue 14 complete
TRACE StateContext all queues drained
TRACE StateContext states snapshotted 1
TRACE StateContext states cleared
TRACE StateContext queues cleared
TRACE StateContext shared listener cleared
TRACE StateContext unload end 000001B501C976A0
TRACE StateContext unload start 000001B501C97770 state 7
TRACE StateContext queues snapshotted 15
TRACE StateContext queue 0 000001B57C11A880 start
TRACE StateContext queue 0 messages 0
TRACE StateContext queue 0 messages clear start
TRACE StateContext queue 0 messages clear end
TRACE StateContext queue 0 complete
TRACE StateContext queue 1 000001B57C11A9A0 start
TRACE StateContext queue 1 messages 0
TRACE StateContext queue 1 messages clear start
TRACE StateContext queue 1 messages clear end
TRACE StateContext queue 1 complete
TRACE StateContext queue 2 000001B57C11AAC0 start
TRACE StateContext queue 2 messages 0
TRACE StateContext queue 2 messages clear start
TRACE StateContext queue 2 messages clear end
TRACE StateContext queue 2 complete
TRACE StateContext queue 3 000001B57C11ABE0 start
TRACE StateContext queue 3 messages 0
TRACE StateContext queue 3 messages clear start
TRACE StateContext queue 3 messages clear end
TRACE StateContext queue 3 complete
TRACE StateContext queue 4 000001B57C11AD00 start
TRACE StateContext queue 4 messages 0
TRACE StateContext queue 4 messages clear start
TRACE StateContext queue 4 messages clear end
TRACE StateContext queue 4 complete
TRACE StateContext queue 5 000001B57C11AE20 start
TRACE StateContext queue 5 messages 0
TRACE StateContext queue 5 messages clear start
TRACE StateContext queue 5 messages clear end
TRACE StateContext queue 5 complete
TRACE StateContext queue 6 000001B57C11AF40 start
TRACE StateContext queue 6 messages 0
TRACE StateContext queue 6 messages clear start
TRACE StateContext queue 6 messages clear end
TRACE StateContext queue 6 complete
TRACE StateContext queue 7 000001B57C11B060 start
TRACE StateContext queue 7 messages 0
TRACE StateContext queue 7 messages clear start
TRACE StateContext queue 7 messages clear end
TRACE StateContext queue 7 complete
TRACE StateContext queue 8 000001B57C11B180 start
TRACE StateContext queue 8 messages 0
TRACE StateContext queue 8 messages clear start
TRACE StateContext queue 8 messages clear end
TRACE StateContext queue 8 complete
TRACE StateContext queue 9 000001B57C11B2A0 start
TRACE StateContext queue 9 messages 0
TRACE StateContext queue 9 messages clear start
TRACE StateContext queue 9 messages clear end
TRACE StateContext queue 9 complete
TRACE StateContext queue 10 000001B57C11B3C0 start
TRACE StateContext queue 10 messages 0
TRACE StateContext queue 10 messages clear start
TRACE StateContext queue 10 messages clear end
TRACE StateContext queue 10 complete
TRACE StateContext queue 11 000001B57C11B4E0 start
TRACE StateContext queue 11 messages 0
TRACE StateContext queue 11 messages clear start
TRACE StateContext queue 11 messages clear end
TRACE StateContext queue 11 complete
TRACE StateContext queue 12 000001B57C11B600 start
TRACE StateContext queue 12 messages 0
TRACE StateContext queue 12 messages clear start
TRACE StateContext queue 12 messages clear end
TRACE StateContext queue 12 complete
TRACE StateContext queue 13 000001B57C11B720 start
TRACE StateContext queue 13 messages 0
TRACE StateContext queue 13 messages clear start
TRACE StateContext queue 13 messages clear end
TRACE StateContext queue 13 complete
TRACE StateContext queue 14 000001B57C11B840 start
TRACE StateContext queue 14 messages 0
TRACE StateContext queue 14 messages clear start
TRACE StateContext queue 14 messages clear end
TRACE StateContext queue 14 complete
TRACE StateContext all queues drained
TRACE StateContext states snapshotted 1
TRACE StateContext states cleared
TRACE StateContext queues cleared
TRACE StateContext shared listener cleared
TRACE StateContext unload end 000001B501C97770
TRACE StateContext unload start 000001B5040BE1D0 state 7
TRACE StateContext queues snapshotted 15
TRACE StateContext queue 0 000001B57C11B960 start
TRACE StateContext queue 0 messages 0
TRACE StateContext queue 0 messages clear start
TRACE StateContext queue 0 messages clear end
TRACE StateContext queue 0 complete
TRACE StateContext queue 1 000001B57C11BA80 start
TRACE StateContext queue 1 messages 0
TRACE StateContext queue 1 messages clear start
TRACE StateContext queue 1 messages clear end
TRACE StateContext queue 1 complete
TRACE StateContext queue 2 000001B57C11BBA0 start
TRACE StateContext queue 2 messages 0
TRACE StateContext queue 2 messages clear start
TRACE StateContext queue 2 messages clear end
TRACE StateContext queue 2 complete
TRACE StateContext queue 3 000001B57C11BCC0 start
TRACE StateContext queue 3 messages 0
TRACE StateContext queue 3 messages clear start
TRACE StateContext queue 3 messages clear end
TRACE StateContext queue 3 complete
TRACE StateContext queue 4 000001B57C11BDE0 start
TRACE StateContext queue 4 messages 0
TRACE StateContext queue 4 messages clear start
TRACE StateContext queue 4 messages clear end
TRACE StateContext queue 4 complete
TRACE StateContext queue 5 000001B57C11BF00 start
TRACE StateContext queue 5 messages 0
TRACE StateContext queue 5 messages clear start
TRACE StateContext queue 5 messages clear end
TRACE StateContext queue 5 complete
TRACE StateContext queue 6 000001B57C11C020 start
TRACE StateContext queue 6 messages 0
TRACE StateContext queue 6 messages clear start
TRACE StateContext queue 6 messages clear end
TRACE StateContext queue 6 complete
TRACE StateContext queue 7 000001B57C11C140 start
TRACE StateContext queue 7 messages 0
TRACE StateContext queue 7 messages clear start
TRACE StateContext queue 7 messages clear end
TRACE StateContext queue 7 complete
TRACE StateContext queue 8 000001B57C11C260 start
TRACE StateContext queue 8 messages 0
TRACE StateContext queue 8 messages clear start
TRACE StateContext queue 8 messages clear end
TRACE StateContext queue 8 complete
TRACE StateContext queue 9 000001B57C11C380 start
TRACE StateContext queue 9 messages 0
TRACE StateContext queue 9 messages clear start
TRACE StateContext queue 9 messages clear end
TRACE StateContext queue 9 complete
TRACE StateContext queue 10 000001B57C11C4A0 start
TRACE StateContext queue 10 messages 0
TRACE StateContext queue 10 messages clear start
TRACE StateContext queue 10 messages clear end
TRACE StateContext queue 10 complete
TRACE StateContext queue 11 000001B57C11C5C0 start
TRACE StateContext queue 11 messages 0
TRACE StateContext queue 11 messages clear start
TRACE StateContext queue 11 messages clear end
TRACE StateContext queue 11 complete
TRACE StateContext queue 12 000001B57C11C6E0 start
TRACE StateContext queue 12 messages 0
TRACE StateContext queue 12 messages clear start
TRACE StateContext queue 12 messages clear end
TRACE StateContext queue 12 complete
TRACE StateContext queue 13 000001B57C11C800 start
TRACE StateContext queue 13 messages 0
TRACE StateContext queue 13 messages clear start
TRACE StateContext queue 13 messages clear end
TRACE StateContext queue 13 complete
TRACE StateContext queue 14 000001B57C11C920 start
TRACE StateContext queue 14 messages 0
TRACE StateContext queue 14 messages clear start
TRACE StateContext queue 14 messages clear end
TRACE StateContext queue 14 complete
TRACE StateContext all queues drained
TRACE StateContext states snapshotted 1
TRACE StateContext states cleared
TRACE StateContext queues cleared
TRACE StateContext shared listener cleared
TRACE StateContext unload end 000001B5040BE1D0
TRACE StateContext unload start 000001B5040BE2A0 state 7
TRACE StateContext queues snapshotted 15
TRACE StateContext queue 0 000001B57C11CA40 start
TRACE StateContext queue 0 messages 0
TRACE StateContext queue 0 messages clear start
TRACE StateContext queue 0 messages clear end
TRACE StateContext queue 0 complete
TRACE StateContext queue 1 000001B57C11CB60 start
TRACE StateContext queue 1 messages 0
TRACE StateContext queue 1 messages clear start
TRACE StateContext queue 1 messages clear end
TRACE StateContext queue 1 complete
TRACE StateContext queue 2 000001B57C116060 start
TRACE StateContext queue 2 messages 0
TRACE StateContext queue 2 messages clear start
TRACE StateContext queue 2 messages clear end
TRACE StateContext queue 2 complete
TRACE StateContext queue 3 000001B57C116180 start
TRACE StateContext queue 3 messages 0
TRACE StateContext queue 3 messages clear start
TRACE StateContext queue 3 messages clear end
TRACE StateContext queue 3 complete
TRACE StateContext queue 4 000001B57C1162A0 start
TRACE StateContext queue 4 messages 0
TRACE StateContext queue 4 messages clear start
TRACE StateContext queue 4 messages clear end
TRACE StateContext queue 4 complete
TRACE StateContext queue 5 000001B57C1163C0 start
TRACE StateContext queue 5 messages 0
TRACE StateContext queue 5 messages clear start
TRACE StateContext queue 5 messages clear end
TRACE StateContext queue 5 complete
TRACE StateContext queue 6 000001B57C1164E0 start
TRACE StateContext queue 6 messages 0
TRACE StateContext queue 6 messages clear start
TRACE StateContext queue 6 messages clear end
TRACE StateContext queue 6 complete
TRACE StateContext queue 7 000001B57C116600 start
TRACE StateContext queue 7 messages 0
TRACE StateContext queue 7 messages clear start
TRACE StateContext queue 7 messages clear end
TRACE StateContext queue 7 complete
TRACE StateContext queue 8 000001B57C116720 start
TRACE StateContext queue 8 messages 0
TRACE StateContext queue 8 messages clear start
TRACE StateContext queue 8 messages clear end
TRACE StateContext queue 8 complete
TRACE StateContext queue 9 000001B57C116840 start
TRACE StateContext queue 9 messages 0
TRACE StateContext queue 9 messages clear start
TRACE StateContext queue 9 messages clear end
TRACE StateContext queue 9 complete
TRACE StateContext queue 10 000001B57C116960 start
TRACE StateContext queue 10 messages 0
TRACE StateContext queue 10 messages clear start
TRACE StateContext queue 10 messages clear end
TRACE StateContext queue 10 complete
TRACE StateContext queue 11 000001B57C116A80 start
TRACE StateContext queue 11 messages 0
TRACE StateContext queue 11 messages clear start
TRACE StateContext queue 11 messages clear end
TRACE StateContext queue 11 complete
TRACE StateContext queue 12 000001B57C116BA0 start
TRACE StateContext queue 12 messages 0
TRACE StateContext queue 12 messages clear start
TRACE StateContext queue 12 messages clear end
TRACE StateContext queue 12 complete
TRACE StateContext queue 13 000001B57C116CC0 start
TRACE StateContext queue 13 messages 0
TRACE StateContext queue 13 messages clear start
TRACE StateContext queue 13 messages clear end
TRACE StateContext queue 13 complete
TRACE StateContext queue 14 000001B57C116DE0 start
TRACE StateContext queue 14 messages 0
TRACE StateContext queue 14 messages clear start
TRACE StateContext queue 14 messages clear end
TRACE StateContext queue 14 complete
TRACE StateContext all queues drained
TRACE StateContext states snapshotted 1
TRACE StateContext states cleared
TRACE StateContext queues cleared
TRACE StateContext shared listener cleared
TRACE StateContext unload end 000001B5040BE2A0
TRACE StateContext unload start 000001B5040BE370 state 7
TRACE StateContext queues snapshotted 15
TRACE StateContext queue 0 000001B57C116F00 start
TRACE StateContext queue 0 messages 0
TRACE StateContext queue 0 messages clear start
TRACE StateContext queue 0 messages clear end
TRACE StateContext queue 0 complete
TRACE StateContext queue 1 000001B57C117020 start
TRACE StateContext queue 1 messages 0
TRACE StateContext queue 1 messages clear start
TRACE StateContext queue 1 messages clear end
TRACE StateContext queue 1 complete
TRACE StateContext queue 2 000001B57C117140 start
TRACE StateContext queue 2 messages 0
TRACE StateContext queue 2 messages clear start
TRACE StateContext queue 2 messages clear end
TRACE StateContext queue 2 complete
TRACE StateContext queue 3 000001B57C117260 start
TRACE StateContext queue 3 messages 0
TRACE StateContext queue 3 messages clear start
TRACE StateContext queue 3 messages clear end
TRACE StateContext queue 3 complete
TRACE StateContext queue 4 000001B57C117380 start
TRACE StateContext queue 4 messages 0
TRACE StateContext queue 4 messages clear start
TRACE StateContext queue 4 messages clear end
TRACE StateContext queue 4 complete
TRACE StateContext queue 5 000001B57C1174A0 start
TRACE StateContext queue 5 messages 0
TRACE StateContext queue 5 messages clear start
TRACE StateContext queue 5 messages clear end
TRACE StateContext queue 5 complete
TRACE StateContext queue 6 000001B57C1175C0 start
TRACE StateContext queue 6 messages 0
TRACE StateContext queue 6 messages clear start
TRACE StateContext queue 6 messages clear end
TRACE StateContext queue 6 complete
TRACE StateContext queue 7 000001B57C1176E0 start
TRACE StateContext queue 7 messages 0
TRACE StateContext queue 7 messages clear start
TRACE StateContext queue 7 messages clear end
TRACE StateContext queue 7 complete
TRACE StateContext queue 8 000001B57C117800 start
TRACE StateContext queue 8 messages 0
TRACE StateContext queue 8 messages clear start
TRACE StateContext queue 8 messages clear end
TRACE StateContext queue 8 complete
TRACE StateContext queue 9 000001B57C117920 start
TRACE StateContext queue 9 messages 0
TRACE StateContext queue 9 messages clear start
TRACE StateContext queue 9 messages clear end
TRACE StateContext queue 9 complete
TRACE StateContext queue 10 000001B57C117A40 start
TRACE StateContext queue 10 messages 0
TRACE StateContext queue 10 messages clear start
TRACE StateContext queue 10 messages clear end
TRACE StateContext queue 10 complete
TRACE StateContext queue 11 000001B57C117B60 start
TRACE StateContext queue 11 messages 0
TRACE StateContext queue 11 messages clear start
TRACE StateContext queue 11 messages clear end
TRACE StateContext queue 11 complete
TRACE StateContext queue 12 000001B57C117C80 start
TRACE StateContext queue 12 messages 0
TRACE StateContext queue 12 messages clear start
TRACE StateContext queue 12 messages clear end
TRACE StateContext queue 12 complete
TRACE StateContext queue 13 000001B57C117DA0 start
TRACE StateContext queue 13 messages 0
TRACE StateContext queue 13 messages clear start
TRACE StateContext queue 13 messages clear end
TRACE StateContext queue 13 complete
TRACE StateContext queue 14 000001B57C117EC0 start
TRACE StateContext queue 14 messages 0
TRACE StateContext queue 14 messages clear start
TRACE StateContext queue 14 messages clear end
TRACE StateContext queue 14 complete
TRACE StateContext all queues drained
TRACE StateContext states snapshotted 1
TRACE StateContext states cleared
TRACE StateContext queues cleared
TRACE StateContext shared listener cleared
TRACE StateContext unload end 000001B5040BE370
TRACE StateContext unload start 000001B5040BE440 state 7
TRACE StateContext queues snapshotted 15
TRACE StateContext queue 0 000001B57C117FE0 start
TRACE StateContext queue 0 messages 0
TRACE StateContext queue 0 messages clear start
TRACE StateContext queue 0 messages clear end
TRACE StateContext queue 0 complete
TRACE StateContext queue 1 000001B57C118100 start
TRACE StateContext queue 1 messages 0
TRACE StateContext queue 1 messages clear start
TRACE StateContext queue 1 messages clear end
TRACE StateContext queue 1 complete
TRACE StateContext queue 2 000001B57C118220 start
TRACE StateContext queue 2 messages 0
TRACE StateContext queue 2 messages clear start
TRACE StateContext queue 2 messages clear end
TRACE StateContext queue 2 complete
TRACE StateContext queue 3 000001B57C118340 start
TRACE StateContext queue 3 messages 0
TRACE StateContext queue 3 messages clear start
TRACE StateContext queue 3 messages clear end
TRACE StateContext queue 3 complete
TRACE StateContext queue 4 000001B57C11F0A0 start
TRACE StateContext queue 4 messages 0
TRACE StateContext queue 4 messages clear start
TRACE StateContext queue 4 messages clear end
TRACE StateContext queue 4 complete
TRACE StateContext queue 5 000001B57C11F1C0 start
TRACE StateContext queue 5 messages 0
TRACE StateContext queue 5 messages clear start
TRACE StateContext queue 5 messages clear end
TRACE StateContext queue 5 complete
TRACE StateContext queue 6 000001B57C11F2E0 start
TRACE StateContext queue 6 messages 0
TRACE StateContext queue 6 messages clear start
TRACE StateContext queue 6 messages clear end
TRACE StateContext queue 6 complete
TRACE StateContext queue 7 000001B57C11F400 start
TRACE StateContext queue 7 messages 0
TRACE StateContext queue 7 messages clear start
TRACE StateContext queue 7 messages clear end
TRACE StateContext queue 7 complete
TRACE StateContext queue 8 000001B57C11F520 start
TRACE StateContext queue 8 messages 0
TRACE StateContext queue 8 messages clear start
TRACE StateContext queue 8 messages clear end
TRACE StateContext queue 8 complete
TRACE StateContext queue 9 000001B57C11F640 start
TRACE StateContext queue 9 messages 0
TRACE StateContext queue 9 messages clear start
TRACE StateContext queue 9 messages clear end
TRACE StateContext queue 9 complete
TRACE StateContext queue 10 000001B57C11F760 start
TRACE StateContext queue 10 messages 0
TRACE StateContext queue 10 messages clear start
TRACE StateContext queue 10 messages clear end
TRACE StateContext queue 10 complete
TRACE StateContext queue 11 000001B57C11F880 start
TRACE StateContext queue 11 messages 0
TRACE StateContext queue 11 messages clear start
TRACE StateContext queue 11 messages clear end
TRACE StateContext queue 11 complete
TRACE StateContext queue 12 000001B57C11F9A0 start
TRACE StateContext queue 12 messages 0
TRACE StateContext queue 12 messages clear start
TRACE StateContext queue 12 messages clear end
TRACE StateContext queue 12 complete
TRACE StateContext queue 13 000001B57C11FAC0 start
TRACE StateContext queue 13 messages 0
TRACE StateContext queue 13 messages clear start
TRACE StateContext queue 13 messages clear end
TRACE StateContext queue 13 complete
TRACE StateContext queue 14 000001B57C11FBE0 start
TRACE StateContext queue 14 messages 0
TRACE StateContext queue 14 messages clear start
TRACE StateContext queue 14 messages clear end
TRACE StateContext queue 14 complete
TRACE StateContext all queues drained
TRACE StateContext states snapshotted 1
TRACE StateContext states cleared
TRACE StateContext queues cleared
TRACE StateContext shared listener cleared
TRACE StateContext unload end 000001B5040BE440
TRACE StateContext unload start 000001B5040BE510 state 7
TRACE StateContext queues snapshotted 15
TRACE StateContext queue 0 000001B57C11FD00 start
TRACE StateContext queue 0 messages 0
TRACE StateContext queue 0 messages clear start
TRACE StateContext queue 0 messages clear end
TRACE StateContext queue 0 complete
TRACE StateContext queue 1 000001B57C11FE20 start
TRACE StateContext queue 1 messages 0
TRACE StateContext queue 1 messages clear start
TRACE StateContext queue 1 messages clear end
TRACE StateContext queue 1 complete
TRACE StateContext queue 2 000001B57C11FF40 start
TRACE StateContext queue 2 messages 0
TRACE StateContext queue 2 messages clear start
TRACE StateContext queue 2 messages clear end
TRACE StateContext queue 2 complete
TRACE StateContext queue 3 000001B57C120060 start
TRACE StateContext queue 3 messages 0
TRACE StateContext queue 3 messages clear start
TRACE StateContext queue 3 messages clear end
TRACE StateContext queue 3 complete
TRACE StateContext queue 4 000001B57C120180 start
TRACE StateContext queue 4 messages 0
TRACE StateContext queue 4 messages clear start
TRACE StateContext queue 4 messages clear end
TRACE StateContext queue 4 complete
TRACE StateContext queue 5 000001B57C1202A0 start
TRACE StateContext queue 5 messages 0
TRACE StateContext queue 5 messages clear start
TRACE StateContext queue 5 messages clear end
TRACE StateContext queue 5 complete
TRACE StateContext queue 6 000001B57C1203C0 start
TRACE StateContext queue 6 messages 0
TRACE StateContext queue 6 messages clear start
TRACE StateContext queue 6 messages clear end
TRACE StateContext queue 6 complete
TRACE StateContext queue 7 000001B57C1204E0 start
TRACE StateContext queue 7 messages 0
TRACE StateContext queue 7 messages clear start
TRACE StateContext queue 7 messages clear end
TRACE StateContext queue 7 complete
TRACE StateContext queue 8 000001B57C120600 start
TRACE StateContext queue 8 messages 0
TRACE StateContext queue 8 messages clear start
TRACE StateContext queue 8 messages clear end
TRACE StateContext queue 8 complete
TRACE StateContext queue 9 000001B57C120720 start
TRACE StateContext queue 9 messages 0
TRACE StateContext queue 9 messages clear start
TRACE StateContext queue 9 messages clear end
TRACE StateContext queue 9 complete
TRACE StateContext queue 10 000001B57C120840 start
TRACE StateContext queue 10 messages 0
TRACE StateContext queue 10 messages clear start
TRACE StateContext queue 10 messages clear end
TRACE StateContext queue 10 complete
TRACE StateContext queue 11 000001B57C120960 start
TRACE StateContext queue 11 messages 0
TRACE StateContext queue 11 messages clear start
TRACE StateContext queue 11 messages clear end
TRACE StateContext queue 11 complete
TRACE StateContext queue 12 000001B57C120A80 start
TRACE StateContext queue 12 messages 0
TRACE StateContext queue 12 messages clear start
TRACE StateContext queue 12 messages clear end
TRACE StateContext queue 12 complete
TRACE StateContext queue 13 000001B57C120BA0 start
TRACE StateContext queue 13 messages 0
TRACE StateContext queue 13 messages clear start
TRACE StateContext queue 13 messages clear end
TRACE StateContext queue 13 complete
TRACE StateContext queue 14 000001B57C120CC0 start
TRACE StateContext queue 14 messages 0
TRACE StateContext queue 14 messages clear start
TRACE StateContext queue 14 messages clear end
TRACE StateContext queue 14 complete
TRACE StateContext all queues drained
TRACE StateContext states snapshotted 1
TRACE StateContext states cleared
TRACE StateContext queues cleared
TRACE StateContext shared listener cleared
TRACE StateContext unload end 000001B5040BE510
TRACE StateContext unload start 000001B5040BE5E0 state 7
TRACE StateContext queues snapshotted 15
TRACE StateContext queue 0 000001B57C120DE0 start
TRACE StateContext queue 0 messages 0
TRACE StateContext queue 0 messages clear start
TRACE StateContext queue 0 messages clear end
TRACE StateContext queue 0 complete
TRACE StateContext queue 1 000001B57C120F00 start
TRACE StateContext queue 1 messages 0
TRACE StateContext queue 1 messages clear start
TRACE StateContext queue 1 messages clear end
TRACE StateContext queue 1 complete
TRACE StateContext queue 2 000001B57C121020 start
TRACE StateContext queue 2 messages 0
TRACE StateContext queue 2 messages clear start
TRACE StateContext queue 2 messages clear end
TRACE StateContext queue 2 complete
TRACE StateContext queue 3 000001B57C121140 start
TRACE StateContext queue 3 messages 0
TRACE StateContext queue 3 messages clear start
TRACE StateContext queue 3 messages clear end
TRACE StateContext queue 3 complete
TRACE StateContext queue 4 000001B57C121260 start
TRACE StateContext queue 4 messages 0
TRACE StateContext queue 4 messages clear start
TRACE StateContext queue 4 messages clear end
TRACE StateContext queue 4 complete
TRACE StateContext queue 5 000001B57C121380 start
TRACE StateContext queue 5 messages 0
TRACE StateContext queue 5 messages clear start
TRACE StateContext queue 5 messages clear end
TRACE StateContext queue 5 complete
TRACE StateContext queue 6 000001B57C11CC90 start
TRACE StateContext queue 6 messages 0
TRACE StateContext queue 6 messages clear start
TRACE StateContext queue 6 messages clear end
TRACE StateContext queue 6 complete
TRACE StateContext queue 7 000001B57C11CDB0 start
TRACE StateContext queue 7 messages 0
TRACE StateContext queue 7 messages clear start
TRACE StateContext queue 7 messages clear end
TRACE StateContext queue 7 complete
TRACE StateContext queue 8 000001B57C11CED0 start
TRACE StateContext queue 8 messages 0
TRACE StateContext queue 8 messages clear start
TRACE StateContext queue 8 messages clear end
TRACE StateContext queue 8 complete
TRACE StateContext queue 9 000001B57C11CFF0 start
TRACE StateContext queue 9 messages 0
TRACE StateContext queue 9 messages clear start
TRACE StateContext queue 9 messages clear end
TRACE StateContext queue 9 complete
TRACE StateContext queue 10 000001B57C11D110 start
TRACE StateContext queue 10 messages 0
TRACE StateContext queue 10 messages clear start
TRACE StateContext queue 10 messages clear end
TRACE StateContext queue 10 complete
TRACE StateContext queue 11 000001B57C11D230 start
TRACE StateContext queue 11 messages 0
TRACE StateContext queue 11 messages clear start
TRACE StateContext queue 11 messages clear end
TRACE StateContext queue 11 complete
TRACE StateContext queue 12 000001B57C11D350 start
TRACE StateContext queue 12 messages 0
TRACE StateContext queue 12 messages clear start
TRACE StateContext queue 12 messages clear end
TRACE StateContext queue 12 complete
TRACE StateContext queue 13 000001B57C11D470 start
TRACE StateContext queue 13 messages 0
TRACE StateContext queue 13 messages clear start
TRACE StateContext queue 13 messages clear end
TRACE StateContext queue 13 complete
TRACE StateContext queue 14 000001B57C11D590 start
TRACE StateContext queue 14 messages 0
TRACE StateContext queue 14 messages clear start
TRACE StateContext queue 14 messages clear end
TRACE StateContext queue 14 complete
TRACE StateContext all queues drained
TRACE StateContext states snapshotted 1
TRACE StateContext states cleared
TRACE StateContext queues cleared
TRACE StateContext shared listener cleared
TRACE StateContext unload end 000001B5040BE5E0
TRACE StateContext unload start 000001B5040BE6B0 state 7
TRACE StateContext queues snapshotted 15
TRACE StateContext queue 0 000001B57C11D6B0 start
TRACE StateContext queue 0 messages 0
TRACE StateContext queue 0 messages clear start
TRACE StateContext queue 0 messages clear end
TRACE StateContext queue 0 complete
TRACE StateContext queue 1 000001B57C11D7D0 start
TRACE StateContext queue 1 messages 0
TRACE StateContext queue 1 messages clear start
TRACE StateContext queue 1 messages clear end
TRACE StateContext queue 1 complete
TRACE StateContext queue 2 000001B57C11D8F0 start
TRACE StateContext queue 2 messages 0
TRACE StateContext queue 2 messages clear start
TRACE StateContext queue 2 messages clear end
TRACE StateContext queue 2 complete
TRACE StateContext queue 3 000001B57C11DA10 start
TRACE StateContext queue 3 messages 0
TRACE StateContext queue 3 messages clear start
TRACE StateContext queue 3 messages clear end
TRACE StateContext queue 3 complete
TRACE StateContext queue 4 000001B57C11DB30 start
TRACE StateContext queue 4 messages 0
TRACE StateContext queue 4 messages clear start
TRACE StateContext queue 4 messages clear end
TRACE StateContext queue 4 complete
TRACE StateContext queue 5 000001B57C11DC50 start
TRACE StateContext queue 5 messages 0
TRACE StateContext queue 5 messages clear start
TRACE StateContext queue 5 messages clear end
TRACE StateContext queue 5 complete
TRACE StateContext queue 6 000001B57C11DD70 start
TRACE StateContext queue 6 messages 0
TRACE StateContext queue 6 messages clear start
TRACE StateContext queue 6 messages clear end
TRACE StateContext queue 6 complete
TRACE StateContext queue 7 000001B57C11DE90 start
TRACE StateContext queue 7 messages 0
TRACE StateContext queue 7 messages clear start
TRACE StateContext queue 7 messages clear end
TRACE StateContext queue 7 complete
TRACE StateContext queue 8 000001B57C11DFB0 start
TRACE StateContext queue 8 messages 0
TRACE StateContext queue 8 messages clear start
TRACE StateContext queue 8 messages clear end
TRACE StateContext queue 8 complete
TRACE StateContext queue 9 000001B57C11E0D0 start
TRACE StateContext queue 9 messages 0
TRACE StateContext queue 9 messages clear start
TRACE StateContext queue 9 messages clear end
TRACE StateContext queue 9 complete
TRACE StateContext queue 10 000001B57C11E1F0 start
TRACE StateContext queue 10 messages 0
TRACE StateContext queue 10 messages clear start
TRACE StateContext queue 10 messages clear end
TRACE StateContext queue 10 complete
TRACE StateContext queue 11 000001B57C11E310 start
TRACE StateContext queue 11 messages 0
TRACE StateContext queue 11 messages clear start
TRACE StateContext queue 11 messages clear end
TRACE StateContext queue 11 complete
TRACE StateContext queue 12 000001B57C11E430 start
TRACE StateContext queue 12 messages 0
TRACE StateContext queue 12 messages clear start
TRACE StateContext queue 12 messages clear end
TRACE StateContext queue 12 complete
TRACE StateContext queue 13 000001B57C11E550 start
TRACE StateContext queue 13 messages 0
TRACE StateContext queue 13 messages clear start
TRACE StateContext queue 13 messages clear end
TRACE StateContext queue 13 complete
TRACE StateContext queue 14 000001B57C11E670 start
TRACE StateContext queue 14 messages 0
TRACE StateContext queue 14 messages clear start
TRACE StateContext queue 14 messages clear end
TRACE StateContext queue 14 complete
TRACE StateContext all queues drained
TRACE StateContext states snapshotted 1
TRACE StateContext states cleared
TRACE StateContext queues cleared
TRACE StateContext shared listener cleared
TRACE StateContext unload end 000001B5040BE6B0
TRACE StateContext unload start 000001B5040BE780 state 7
TRACE StateContext queues snapshotted 15
TRACE StateContext queue 0 000001B57C11E790 start
TRACE StateContext queue 0 messages 0
TRACE StateContext queue 0 messages clear start
TRACE StateContext queue 0 messages clear end
TRACE StateContext queue 0 complete
TRACE StateContext queue 1 000001B57C11E8B0 start
TRACE StateContext queue 1 messages 0
TRACE StateContext queue 1 messages clear start
TRACE StateContext queue 1 messages clear end
TRACE StateContext queue 1 complete
TRACE StateContext queue 2 000001B57C11E9D0 start
TRACE StateContext queue 2 messages 0
TRACE StateContext queue 2 messages clear start
TRACE StateContext queue 2 messages clear end
TRACE StateContext queue 2 complete
TRACE StateContext queue 3 000001B57C11EAF0 start
TRACE StateContext queue 3 messages 0
TRACE StateContext queue 3 messages clear start
TRACE StateContext queue 3 messages clear end
TRACE StateContext queue 3 complete
TRACE StateContext queue 4 000001B57C11EC10 start
TRACE StateContext queue 4 messages 0
TRACE StateContext queue 4 messages clear start
TRACE StateContext queue 4 messages clear end
TRACE StateContext queue 4 complete
TRACE StateContext queue 5 000001B57C11ED30 start
TRACE StateContext queue 5 messages 0
TRACE StateContext queue 5 messages clear start
TRACE StateContext queue 5 messages clear end
TRACE StateContext queue 5 complete
TRACE StateContext queue 6 000001B57C11EE50 start
TRACE StateContext queue 6 messages 0
TRACE StateContext queue 6 messages clear start
TRACE StateContext queue 6 messages clear end
TRACE StateContext queue 6 complete
TRACE StateContext queue 7 000001B57C11EF70 start
TRACE StateContext queue 7 messages 0
TRACE StateContext queue 7 messages clear start
TRACE StateContext queue 7 messages clear end
TRACE StateContext queue 7 complete
TRACE StateContext queue 8 000001B57C125CD0 start
TRACE StateContext queue 8 messages 0
TRACE StateContext queue 8 messages clear start
TRACE StateContext queue 8 messages clear end
TRACE StateContext queue 8 complete
TRACE StateContext queue 9 000001B57C125DF0 start
TRACE StateContext queue 9 messages 0
TRACE StateContext queue 9 messages clear start
TRACE StateContext queue 9 messages clear end
TRACE StateContext queue 9 complete
TRACE StateContext queue 10 000001B57C125F10 start
TRACE StateContext queue 10 messages 0
TRACE StateContext queue 10 messages clear start
TRACE StateContext queue 10 messages clear end
TRACE StateContext queue 10 complete
TRACE StateContext queue 11 000001B57C126030 start
TRACE StateContext queue 11 messages 0
TRACE StateContext queue 11 messages clear start
TRACE StateContext queue 11 messages clear end
TRACE StateContext queue 11 complete
TRACE StateContext queue 12 000001B57C126150 start
TRACE StateContext queue 12 messages 0
TRACE StateContext queue 12 messages clear start
TRACE StateContext queue 12 messages clear end
TRACE StateContext queue 12 complete
TRACE StateContext queue 13 000001B57C126270 start
TRACE StateContext queue 13 messages 0
TRACE StateContext queue 13 messages clear start
TRACE StateContext queue 13 messages clear end
TRACE StateContext queue 13 complete
TRACE StateContext queue 14 000001B57C126390 start
TRACE StateContext queue 14 messages 0
TRACE StateContext queue 14 messages clear start
TRACE StateContext queue 14 messages clear end
TRACE StateContext queue 14 complete
TRACE StateContext all queues drained
TRACE StateContext states snapshotted 1
TRACE StateContext states cleared
TRACE StateContext queues cleared
TRACE StateContext shared listener cleared
TRACE StateContext unload end 000001B5040BE780
TRACE StateContext unload start 000001B5040BE850 state 7
TRACE StateContext queues snapshotted 15
TRACE StateContext queue 0 000001B57C1264B0 start
TRACE StateContext queue 0 messages 0
TRACE StateContext queue 0 messages clear start
TRACE StateContext queue 0 messages clear end
TRACE StateContext queue 0 complete
TRACE StateContext queue 1 000001B57C1265D0 start
TRACE StateContext queue 1 messages 0
TRACE StateContext queue 1 messages clear start
TRACE StateContext queue 1 messages clear end
TRACE StateContext queue 1 complete
TRACE StateContext queue 2 000001B57C1266F0 start
TRACE StateContext queue 2 messages 0
TRACE StateContext queue 2 messages clear start
TRACE StateContext queue 2 messages clear end
TRACE StateContext queue 2 complete
TRACE StateContext queue 3 000001B57C126810 start
TRACE StateContext queue 3 messages 0
TRACE StateContext queue 3 messages clear start
TRACE StateContext queue 3 messages clear end
TRACE StateContext queue 3 complete
TRACE StateContext queue 4 000001B57C126930 start
TRACE StateContext queue 4 messages 0
TRACE StateContext queue 4 messages clear start
TRACE StateContext queue 4 messages clear end
TRACE StateContext queue 4 complete
TRACE StateContext queue 5 000001B57C126A50 start
TRACE StateContext queue 5 messages 0
TRACE StateContext queue 5 messages clear start
TRACE StateContext queue 5 messages clear end
TRACE StateContext queue 5 complete
TRACE StateContext queue 6 000001B57C126B70 start
TRACE StateContext queue 6 messages 0
TRACE StateContext queue 6 messages clear start
TRACE StateContext queue 6 messages clear end
TRACE StateContext queue 6 complete
TRACE StateContext queue 7 000001B57C126C90 start
TRACE StateContext queue 7 messages 0
TRACE StateContext queue 7 messages clear start
TRACE StateContext queue 7 messages clear end
TRACE StateContext queue 7 complete
TRACE StateContext queue 8 000001B57C126DB0 start
TRACE StateContext queue 8 messages 0
TRACE StateContext queue 8 messages clear start
TRACE StateContext queue 8 messages clear end
TRACE StateContext queue 8 complete
TRACE StateContext queue 9 000001B57C126ED0 start
TRACE StateContext queue 9 messages 0
TRACE StateContext queue 9 messages clear start
TRACE StateContext queue 9 messages clear end
TRACE StateContext queue 9 complete
TRACE StateContext queue 10 000001B57C126FF0 start
TRACE StateContext queue 10 messages 0
TRACE StateContext queue 10 messages clear start
TRACE StateContext queue 10 messages clear end
TRACE StateContext queue 10 complete
TRACE StateContext queue 11 000001B57C127110 start
TRACE StateContext queue 11 messages 0
TRACE StateContext queue 11 messages clear start
TRACE StateContext queue 11 messages clear end
TRACE StateContext queue 11 complete
TRACE StateContext queue 12 000001B57C127230 start
TRACE StateContext queue 12 messages 0
TRACE StateContext queue 12 messages clear start
TRACE StateContext queue 12 messages clear end
TRACE StateContext queue 12 complete
TRACE StateContext queue 13 000001B57C127350 start
TRACE StateContext queue 13 messages 0
TRACE StateContext queue 13 messages clear start
TRACE StateContext queue 13 messages clear end
TRACE StateContext queue 13 complete
TRACE StateContext queue 14 000001B57C127470 start
TRACE StateContext queue 14 messages 0
TRACE StateContext queue 14 messages clear start
TRACE StateContext queue 14 messages clear end
TRACE StateContext queue 14 complete
TRACE StateContext all queues drained
TRACE StateContext states snapshotted 1
TRACE StateContext states cleared
TRACE StateContext queues cleared
TRACE StateContext shared listener cleared
TRACE StateContext unload end 000001B5040BE850
TRACE StateContext unload start 000001B501C96590 state 5
TRACE StateContext unload start 000001B501C96180 state 5
TRACE StateContext unload start 000001B501C964C0 state 5
TRACE StateContext unload start 000001B501C96660 state 5
TRACE StateContext unload start 000001B501C96730 state 5
TRACE StateContext unload start 000001B501C96800 state 5
TRACE StateContext unload start 000001B501C968D0 state 5
TRACE StateContext unload start 000001B501C969A0 state 5
TRACE StateContext unload start 000001B501C96A70 state 5
TRACE StateContext unload start 000001B501C96B40 state 5
TRACE StateContext unload start 000001B501C96C10 state 5
TRACE StateContext unload start 000001B501C96CE0 state 5
TRACE StateContext unload start 000001B501C96DB0 state 5
TRACE StateContext unload start 000001B501C96E80 state 5
TRACE StateContext unload start 000001B501C96F50 state 5
TRACE StateContext unload start 000001B501C97020 state 5
TRACE StateContext unload start 000001B501C970F0 state 5
TRACE StateContext unload start 000001B501C971C0 state 5
TRACE StateContext unload start 000001B501C97290 state 5
TRACE StateContext unload start 000001B501C97360 state 5
TRACE StateContext unload start 000001B501C97430 state 5
TRACE StateContext unload start 000001B501C97500 state 5
TRACE StateContext unload start 000001B501C975D0 state 5
TRACE StateContext unload start 000001B501C976A0 state 5
TRACE StateContext unload start 000001B501C97770 state 5
TRACE StateContext unload start 000001B5040BE1D0 state 5
TRACE StateContext unload start 000001B5040BE2A0 state 5
TRACE StateContext unload start 000001B5040BE370 state 5
TRACE StateContext unload start 000001B5040BE440 state 5
TRACE StateContext unload start 000001B5040BE510 state 5
TRACE StateContext unload start 000001B5040BE5E0 state 5
TRACE StateContext unload start 000001B5040BE6B0 state 5
TRACE StateContext unload start 000001B5040BE780 state 5
TRACE StateContext unload start 000001B5040BE850 state 5
TRACE ApplicationManager plugins unloaded
TRACE ApplicationManager managers unloaded
TRACE ApplicationManager unload end
