Fsm manager created.
DLL version matches the host executable version. DLL version: 0.10.0 Host version: 0.10.0
DLL version matches the host executable version. DLL version: 0.10.0 Host version: 0.10.0
DLL version matches the host executable version. DLL version: 0.10.0 Host version: 0.10.0
DLL version matches the host executable version. DLL version: 0.10.0 Host version: 0.10.0
DLL version matches the host executable version. DLL version: 0.10.0 Host version: 0.10.0
DLL version matches the host executable version. DLL version: 0.10.0 Host version: 0.10.0
DLL version matches the host executable version. DLL version: 0.10.0 Host version: 0.10.0
Unable to load library: WPOISInput.dll
DLL version mismatch. Recompile required. DLL version: 0.0.0 Host version: 0.10.0
DLL version matches the host executable version. DLL version: 0.10.0 Host version: 0.10.0
Pool memory allocated.
FileSystem created.
SoundManager created.
ScriptManager created.
Create scene manager.
WPGraphics: initialization started; requested API=Automatic
WPGraphics: native graphics system and frame callback ready.
WPGraphics: scene, pipeline, window, material, texture, shader and UI factories registered.
WPGraphics: texture manager loaded.
WPGraphics: font, material and overlay manager loading requested.
WPGraphics: UI plugin loaded; ImGui manager loading requested.
WPGraphics: initialization completed in 44 ms; renderer configuration follows.
WPGraphics: configuration started; requested API=Automatic, create window=yes
WPGraphics: creating window 'DefaultWindow', 1280x720, fullscreen=no
WPGraphics/Window: loading 'DefaultWindow' at 1280x720
WPGraphics/Window: 'DefaultWindow' initialized.
WPGraphics: window 'DefaultWindow' ready; active API=Automatic
WPGraphics: creating DirectX 11 renderer.
WPGraphics/DX11: initializing renderer at 1280x720; native window=available
WPGraphics/DX11: renderer ready; shaders, depth testing and initial viewport configured.
WPGraphics: renderer loaded; active API=DirectX 11
WPGraphics: resource group manager loaded.
GraphicsPipeline: Constructor called
WPGraphics/Pipeline: initializing CPU post-processing at 1280x720; quality=2
GraphicsPipeline: Initialized.
WPGraphics/Pipeline: ready; TAA=1, AO=1, SSR=0, bloom=1, exposure=1, DOF=0, motion blur=0, contact shadows=1, CSM=1
Loading Debug
WPGraphics: configuration completed in 608 ms; active API=DirectX 11; CPU pipeline applies to the software main window.
GraphicsSystem created.
Resources loaded.
SceneManager(s) created.
Cameras created.
Viewports created.
Mesh loader created.
Create input system.
UI created.
RenderUI created.
Renderpipeline created.
Physics created.
RenderWindow created.
Finished creating base components.
Asset catalog requires an open parameterized database backend.
Loaded: ../../../../../Media/Scripts/Lua/AI/CreateGameEvaluator.lua
Loaded: ../../../../../Media/Scripts/Lua/AI/CreateSceneGoal.lua
Loaded: ../../../../../Media/Scripts/Lua/AI/Goal.lua
Loaded: ../../../../../Media/Scripts/Lua/AI/PromptProcessor.lua
Loaded: ../../../../../Media/Scripts/Lua/Editor/AboutDialog.lua
Loaded: BaseEditor.lua
Loaded: ../../../../../Media/Scripts/Lua/Editor/AnimationEditor.lua
Loaded: ../../../../../Media/Scripts/Lua/Editor/BaseEditor.lua
Loaded: ../../../../../Media/Scripts/Lua/Editor/Editor.lua
Loaded: ../../../../../Media/Scripts/Lua/Editor/EditorUI.lua
Loaded: ../../../../../Media/Scripts/Lua/Editor/GameTemplateDefinition.lua
Loaded: ../../../../../Media/Scripts/Lua/Editor/GameTemplateGeneratorEditor.lua
Loaded: ../../../../../Media/Scripts/Lua/Editor/InputManager.lua
Loaded: ../../../../../Media/Scripts/Lua/Editor/MaterialEditor.lua
Loaded: ../../../../../Media/Scripts/Lua/Editor/PackageEditor.lua
Loaded: ../../../../../Media/Scripts/Lua/Editor/ParticleEditor.lua
Loaded: ../../../../../Media/Scripts/Lua/Editor/ProceduralModelEditor.lua
Loaded: ../../../../../Media/Scripts/Lua/Editor/ProceduralTextureEditor.lua
Loaded: ../../../../../Media/Scripts/Lua/Editor/ProjectSettings.lua
Loaded: ../../../../../Media/Scripts/Lua/Editor/ResourceSelect.lua
Loaded: ../../../../../Media/Scripts/Lua/Editor/SceneBuilderEditor.lua
Loaded: ../../../../../Media/Scripts/Lua/Editor/ShaderEditor.lua
Loaded: ../../../../../Media/Scripts/Lua/Editor/SoundEditor.lua
Loaded: ../../../../../Media/Scripts/Lua/Editor/TerrainEditor.lua
Loaded: BaseComponent.lua
Loaded: ../../../../../Media/Scripts/Lua/Game/Builders/ApplicationSceneBuilder.lua
Loaded: ../../../../../Media/Scripts/Lua/Game/Builders/DataDrivenGameTemplateGenerator.lua
Loaded: ../../../../../Media/Scripts/Lua/Game/Builders/GameSceneBuilder.lua
Loaded: ../../../../../Media/Scripts/Lua/Game/Builders/GameTemplateDefinition.lua
Loaded: ../../../../../Media/Scripts/Lua/Game/Builders/GameTemplateGenerator.lua
Loaded: ../../../../../Media/Scripts/Lua/Game/Builders/GameTemplateGenre.lua
Loaded: ../../../../../Media/Scripts/Lua/Game/Builders/GenerateGameManager.lua
Loaded: ../../../../../Media/Scripts/Lua/Game/Builders/MenuBuilder.lua
Loaded: ../../../../../Media/Scripts/Lua/Game/Builders/SystemSettingsMenuBuilder.lua
Loaded: ../../../../../Media/Scripts/Lua/Game/Builders/TemplateGeneratedMarker.lua
Loaded: ../../../../../Media/Scripts/Lua/Game/Builders/TemplatePlayerController.lua
Loaded: ../../../../../Media/Scripts/Lua/Game/Builders/TemplateSpawnDefinition.lua
Loaded: CatchGameCore.lua
Loaded: ../../../../../Media/Scripts/Lua/Game/CatchGame/CatchGame.lua
Loaded: ../../../../../Media/Scripts/Lua/Game/CatchGame/CatchGameCore.lua
Loaded: ../../../../../Media/Scripts/Lua/Game/Core/Application.lua
Loaded: ../../../../../Media/Scripts/Lua/Game/Core/BaseComponent.lua
Loaded: ../../../../../Media/Scripts/Lua/Game/Core/GameSceneBuilder.lua
Loaded: ../../../../../Media/Scripts/Lua/Game/Core/LanguageSetters.lua
Loaded: ../../../../../Media/Scripts/Lua/Game/Core/RacingGameApplication.lua
Loaded: ../../../../../Media/Scripts/Lua/Game/Core/SampleVehicleAdvanced.lua
Loaded: ../../../../../Media/Scripts/Lua/Game/Core/TranslationObject.lua
Loaded: ../../../../../Media/Scripts/Lua/Game/Core/i18n.lua
Loaded: MissionRuntime.lua
Loaded: MissionObjective.lua
Loaded: MissionDefinition.lua
Loaded: ../../../../../Media/Scripts/Lua/Game/Mission/MissionAuthoring.lua
Loaded: MissionState.lua
Loaded: MissionLibrary.lua
Loaded: MissionManager.lua
Loaded: MissionHUD.lua
Loaded: ../../../../../Media/Scripts/Lua/Game/Mission/MissionBootstrap.lua
Loaded: ../../../../../Media/Scripts/Lua/Game/Mission/MissionDefinition.lua
Loaded: MissionAuthoring.lua
Loaded: ../../../../../Media/Scripts/Lua/Game/Mission/MissionEditorWindow.lua
Loaded: ../../../../../Media/Scripts/Lua/Game/Mission/MissionHUD.lua
Loaded: ../../../../../Media/Scripts/Lua/Game/Mission/MissionLibrary.lua
Loaded: ../../../../../Media/Scripts/Lua/Game/Mission/MissionManager.lua
Loaded: ../../../../../Media/Scripts/Lua/Game/Mission/MissionObjective.lua
Loaded: ../../../../../Media/Scripts/Lua/Game/Mission/MissionObjectiveSceneMarker.lua
Loaded: ../../../../../Media/Scripts/Lua/Game/Mission/MissionRuntime.lua
Loaded: ../../../../../Media/Scripts/Lua/Game/Mission/MissionState.lua
Loaded: ../../../../../Media/Scripts/Lua/Game/Mission/MissionTrigger.lua
Loaded: MissionEditorWindow.lua
Loaded: MissionObjectiveSceneMarker.lua
Loaded: MissionTrigger.lua
Loaded: MissionBootstrap.lua
Loaded: ../../../../../Media/Scripts/Lua/Game/Mission/Missions.lua
Loaded: ../../../../../Media/Scripts/Lua/Game/Procedural/BackGarden.lua
Loaded: ../../../../../Media/Scripts/Lua/Game/Procedural/Bin.lua
Loaded: ../../../../../Media/Scripts/Lua/Game/Procedural/Block.lua
Loaded: ../../../../../Media/Scripts/Lua/Game/Procedural/BlockGenerator.lua
Loaded: ../../../../../Media/Scripts/Lua/Game/Procedural/BlockNode.lua
Loaded: ../../../../../Media/Scripts/Lua/Game/Procedural/Building.lua
Loaded: ../../../../../Media/Scripts/Lua/Game/Procedural/BuildingGenerator.lua
Loaded: ../../../../../Media/Scripts/Lua/Game/Procedural/CityCell.lua
Loaded: ../../../../../Media/Scripts/Lua/Game/Procedural/CityGenerator.lua
Loaded: ../../../../../Media/Scripts/Lua/Game/Procedural/FrontGarden.lua
Loaded: ../../../../../Media/Scripts/Lua/Game/Procedural/LampPost.lua
Loaded: ../../../../../Media/Scripts/Lua/Game/Procedural/LampPostGenerator.lua
Loaded: ProceduralObject.lua
Loaded: ../../../../../Media/Scripts/Lua/Game/Procedural/Lot.lua
Loaded: ../../../../../Media/Scripts/Lua/Game/Procedural/LotGenerator.lua
Loaded: ../../../../../Media/Scripts/Lua/Game/Procedural/LotNode.lua
Loaded: ../../../../../Media/Scripts/Lua/Game/Procedural/MainBuilding.lua
Loaded: ../../../../../Media/Scripts/Lua/Game/Procedural/ProceduralCity.lua
Loaded: ../../../../../Media/Scripts/Lua/Game/Procedural/ProceduralGenerator.lua
Loaded: ../../../../../Media/Scripts/Lua/Game/Procedural/ProceduralGroup.lua
Loaded: ../../../../../Media/Scripts/Lua/Game/Procedural/ProceduralNetwork.lua
Loaded: ../../../../../Media/Scripts/Lua/Game/Procedural/ProceduralNode.lua
Loaded: ../../../../../Media/Scripts/Lua/Game/Procedural/ProceduralObject.lua
Loaded: ../../../../../Media/Scripts/Lua/Game/Procedural/ProceduralPath.lua
Loaded: ../../../../../Media/Scripts/Lua/Game/Procedural/ProceduralRenderable.lua
Loaded: ../../../../../Media/Scripts/Lua/Game/Procedural/ProceduralRenderer.lua
Loaded: ../../../../../Media/Scripts/Lua/Game/Procedural/ProceduralScene.lua
Loaded: ../../../../../Media/Scripts/Lua/Game/Procedural/ProceduralTerrain.lua
Loaded: ../../../../../Media/Scripts/Lua/Game/Procedural/River.lua
Loaded: ../../../../../Media/Scripts/Lua/Game/Procedural/RiverGenerator.lua
Loaded: ../../../../../Media/Scripts/Lua/Game/Procedural/RiverNode.lua
Loaded: ../../../../../Media/Scripts/Lua/Game/Procedural/Road.lua
Loaded: ../../../../../Media/Scripts/Lua/Game/Procedural/RoadConnection.lua
Loaded: ../../../../../Media/Scripts/Lua/Game/Procedural/RoadElement.lua
Loaded: ../../../../../Media/Scripts/Lua/Game/Procedural/RoadGenerator.lua
Loaded: ../../../../../Media/Scripts/Lua/Game/Procedural/RoadGroup.lua
Loaded: ../../../../../Media/Scripts/Lua/Game/Procedural/RoadNetwork.lua
Loaded: ../../../../../Media/Scripts/Lua/Game/Procedural/RoadNode.lua
Loaded: ../../../../../Media/Scripts/Lua/Game/Procedural/RoadSection.lua
Loaded: ../../../../../Media/Scripts/Lua/Game/Procedural/Sidewalk.lua
Loaded: ../../../../../Media/Scripts/Lua/Game/Procedural/SidewalkGenerator.lua
Loaded: ../../../../../Media/Scripts/Lua/Game/Procedural/SidewalkGroup.lua
Loaded: ../../../../../Media/Scripts/Lua/Game/Procedural/SidewalkNetwork.lua
Loaded: ../../../../../Media/Scripts/Lua/Game/Procedural/SidewalkNode.lua
Loaded: ../../../../../Media/Scripts/Lua/Game/Procedural/TerrainGenerator.lua
Loaded: ../../../../../Media/Scripts/Lua/Game/Procedural/TrafficGenerator.lua
Loaded: ../../../../../Media/Scripts/Lua/Game/Procedural/TreeGenerator.lua
Loaded: ../../../../../Media/Scripts/Lua/Game/Racing/CheckPoint.lua
Loaded: ../../../../../Media/Scripts/Lua/Game/Racing/Laps.lua
Loaded: ../../../../../Media/Scripts/Lua/Game/Racing/Racing/DroneGate.lua
Loaded: ../../../../../Media/Scripts/Lua/Game/Racing/Racing/Misc/DataLoader.lua
Loaded: ../../../../../Media/Scripts/Lua/Game/Racing/Racing/Misc/FramerateCounter.lua
Loaded: ../../../../../Media/Scripts/Lua/Game/Racing/Racing/Misc/MenuManager.lua
Loaded: ../../../../../Media/Scripts/Lua/Game/Racing/Racing/Misc/MenuScript.lua
Loaded: ../../../../../Media/Scripts/Lua/Game/Racing/Racing/Misc/MobileControlManager.lua
Loaded: ../../../../../Media/Scripts/Lua/Game/Racing/Racing/Misc/PlayerData.lua
Loaded: ../../../../../Media/Scripts/Lua/Game/Racing/Racing/Misc/TextAlpha.lua
Loaded: ../../../../../Media/Scripts/Lua/Game/Racing/Racing/Misc/VehicleUpgrades.lua
Loaded: ../../../../../Media/Scripts/Lua/Game/Racing/Racing/Race/Helpers/CheckpointContainer.lua
Loaded: ../../../../../Media/Scripts/Lua/Game/Racing/Racing/Race/Helpers/PathCreator.lua
Loaded: ../../../../../Media/Scripts/Lua/Game/Racing/Racing/Race/Helpers/SpawnpointContainer.lua
Loaded: ../../../../../Media/Scripts/Lua/Game/Racing/Racing/Race/Others/Brakezone.lua
Loaded: ../../../../../Media/Scripts/Lua/Game/Racing/Racing/Race/Others/CameraSwitcher.lua
Loaded: ../../../../../Media/Scripts/Lua/Game/Racing/Racing/Race/Others/Checkpoint.lua
Loaded: ../../../../../Media/Scripts/Lua/Game/Racing/Racing/Race/Others/GhostVehicle.lua
Loaded: ../../../../../Media/Scripts/Lua/Game/Racing/Racing/Race/Others/MinimapFollowTarget.lua
Loaded: ../../../../../Media/Scripts/Lua/Game/Racing/Racing/Race/Others/PlayerCamera.lua
Loaded: ../../../../../Media/Scripts/Lua/Game/Racing/Racing/Race/Others/PlayerFPCamera.lua
Loaded: ../../../../../Media/Scripts/Lua/Game/Racing/Racing/Race/Others/RaceRewards.lua
Loaded: ../../../../../Media/Scripts/Lua/Game/Racing/Racing/Race/Others/RacerName.lua
Loaded: ../../../../../Media/Scripts/Lua/Game/Racing/Racing/Race/Others/RacerPointer.lua
Loaded: ../../../../../Media/Scripts/Lua/Game/Racing/Racing/Race/Others/ReplayCamera.lua
Loaded: ../../../../../Media/Scripts/Lua/Game/Racing/Racing/Race/Others/ReplayManager.lua
Loaded: ../../../../../Media/Scripts/Lua/Game/Racing/Racing/Race/Others/TimeTrialConfig.lua
Loaded: ../../../../../Media/Scripts/Lua/Game/Racing/Racing/Race/Others/UIButton.lua
Loaded: ../../../../../Media/Scripts/Lua/Game/Racing/Racing/Race/Others/WaypointArrow.lua
Loaded: ../../../../../Media/Scripts/Lua/Game/Racing/Racing/Race/System/ProgressTracker.lua
Loaded: ../../../../../Media/Scripts/Lua/Game/Racing/Racing/Race/System/RaceManager.lua
Loaded: ../../../../../Media/Scripts/Lua/Game/Racing/Racing/Race/System/RaceManagerView.lua
Loaded: ../../../../../Media/Scripts/Lua/Game/Racing/Racing/Race/System/RaceManagerViewPUN.lua
Loaded: ../../../../../Media/Scripts/Lua/Game/Racing/Racing/Race/System/RaceManagerViewSteam.lua
Loaded: ../../../../../Media/Scripts/Lua/Game/Racing/Racing/Race/System/RaceView.lua
Loaded: ../../../../../Media/Scripts/Lua/Game/Racing/Racing/Race/System/RaceViewPUN.lua
Loaded: ../../../../../Media/Scripts/Lua/Game/Racing/Racing/Race/System/RaceViewSteam.lua
Loaded: ../../../../../Media/Scripts/Lua/Game/Racing/Racing/Race/System/RankManager.lua
Loaded: ../../../../../Media/Scripts/Lua/Game/Racing/Racing/Race/System/SoundManager.lua
Loaded: ../../../../../Media/Scripts/Lua/Game/Racing/Racing/Race/System/Statistics.lua
Loaded: ../../../../../Media/Scripts/Lua/Game/Racing/Racing/Race/System/WaypointCircuit.lua
Loaded: ../../../../../Media/Scripts/Lua/Game/Racing/Racing/Race/UI/RaceCompletedUI.lua
Loaded: ../../../../../Media/Scripts/Lua/Game/Racing/Racing/Race/UI/RaceStandingsUI.lua
Loaded: ../../../../../Media/Scripts/Lua/Game/Racing/Racing/Race/UI/RaceUI.lua
Loaded: ../../../../../Media/Scripts/Lua/Game/Racing/Racing/Vehicle/Car_Controller.lua
Loaded: ../../../../../Media/Scripts/Lua/Game/Racing/Racing/Vehicle/Drone_Controller.lua
Loaded: ../../../../../Media/Scripts/Lua/Game/Racing/Racing/Vehicle/Input/OpponentControl.lua
Loaded: ../../../../../Media/Scripts/Lua/Game/Racing/Racing/Vehicle/Input/PlayerControl.lua
Loaded: ../../../../../Media/Scripts/Lua/Game/Racing/Racing/Vehicle/Motorbike_Controller.lua
Loaded: ../../../../../Media/Scripts/Lua/Game/Racing/Racing/Vehicle/Skidmark.lua
Loaded: ../../../../../Media/Scripts/Lua/Game/Racing/Racing/Vehicle/Wheels.lua
Loaded: Road.lua
Loaded: ../../../../../Media/Scripts/Lua/Game/UnitTests/lua_unit_tests.lua
Loaded: ../../../../../Media/Scripts/Lua/Game/Vehicle/Vehicle.lua
Loaded: UIDialog.lua
Loaded: FlightDialog.lua
Loaded: FlightWorkbench.lua
Loaded: ../../../../../Media/Scripts/Lua/UI/AirFoilPanel.lua
Loaded: FlightHUD.lua
Loaded: ../../../../../Media/Scripts/Lua/UI/CGModeInfo.lua
Loaded: Settings.lua
Loaded: FlightSetup.lua
Loaded: ../../../../../Media/Scripts/Lua/UI/CameraSettingsDialog.lua
Loaded: FlightOnline.lua
Loaded: ../../../../../Media/Scripts/Lua/UI/ChatDialog.lua
Loaded: ../../../../../Media/Scripts/Lua/UI/ColourPicker.lua
Loaded: ../../../../../Media/Scripts/Lua/UI/ComponentChange.lua
Loaded: ../../../../../Media/Scripts/Lua/UI/ComponentConfig.lua
Loaded: ../../../../../Media/Scripts/Lua/UI/ComponentSelector.lua
Loaded: ../../../../../Media/Scripts/Lua/UI/ConeModes.lua
Loaded: ../../../../../Media/Scripts/Lua/UI/DemoHud.lua
Loaded: ../../../../../Media/Scripts/Lua/UI/DevPanel.lua
Loaded: FlightMedia.lua
Loaded: ../../../../../Media/Scripts/Lua/UI/FileBrowserDialog.lua
Loaded: ../../../../../Media/Scripts/Lua/UI/FixedWingDialog.lua
Loaded: SceneSelect.lua
Loaded: VehicleSelect.lua
Loaded: ../../../../../Media/Scripts/Lua/UI/FlightAliases.lua
Loaded: ../../../../../Media/Scripts/Lua/UI/FlightDialog.lua
Loaded: ../../../../../Media/Scripts/Lua/UI/FlightHUD.lua
Loaded: ../../../../../Media/Scripts/Lua/UI/FlightMedia.lua
Loaded: ../../../../../Media/Scripts/Lua/UI/FlightOnline.lua
Loaded: ../../../../../Media/Scripts/Lua/UI/FlightRecorder.lua
Loaded: ../../../../../Media/Scripts/Lua/UI/FlightSetup.lua
Loaded: ../../../../../Media/Scripts/Lua/UI/FlightWorkbench.lua
Loaded: ../../../../../Media/Scripts/Lua/UI/Hud.lua
Loaded: ../../../../../Media/Scripts/Lua/UI/InformationText.lua
Loaded: ../../../../../Media/Scripts/Lua/UI/InputConfiguration.lua
Loaded: ../../../../../Media/Scripts/Lua/UI/MessageBoxConfirm.lua
Loaded: ../../../../../Media/Scripts/Lua/UI/ModelEditor.lua
Loaded: FlightAliases.lua
Loaded: ../../../../../Media/Scripts/Lua/UI/ModelHangerDialog.lua
Loaded: ../../../../../Media/Scripts/Lua/UI/ModelSettings.lua
Loaded: ../../../../../Media/Scripts/Lua/UI/Mp3PlayerDialog.lua
Loaded: ../../../../../Media/Scripts/Lua/UI/OnlineMenu.lua
Loaded: ../../../../../Media/Scripts/Lua/UI/RaceSettings.lua
Loaded: ../../../../../Media/Scripts/Lua/UI/SceneEditorManagerGUI.lua
Loaded: ../../../../../Media/Scripts/Lua/UI/SceneIcon.lua
Loaded: ../../../../../Media/Scripts/Lua/UI/SceneSelect.lua
Loaded: ../../../../../Media/Scripts/Lua/UI/ScenerySelector.lua
Loaded: ../../../../../Media/Scripts/Lua/UI/Settings.lua
Loaded: ../../../../../Media/Scripts/Lua/UI/SettingsAudio.lua
Loaded: ../../../../../Media/Scripts/Lua/UI/SettingsGeneral.lua
Loaded: ../../../../../Media/Scripts/Lua/UI/SettingsGraphics.lua
Loaded: ../../../../../Media/Scripts/Lua/UI/SettingsRegion.lua
Loaded: ../../../../../Media/Scripts/Lua/UI/SettingsSimulation.lua
Loaded: ../../../../../Media/Scripts/Lua/UI/SettingsUI.lua
Loaded: ../../../../../Media/Scripts/Lua/UI/SettingsUserData.lua
Loaded: ../../../../../Media/Scripts/Lua/UI/SetupWizardDialog.lua
Loaded: ../../../../../Media/Scripts/Lua/UI/Splash.lua
Loaded: ../../../../../Media/Scripts/Lua/UI/StartMenu.lua
Loaded: ../../../../../Media/Scripts/Lua/UI/StatsMenu.lua
Loaded: ../../../../../Media/Scripts/Lua/UI/SwitchIndicators.lua
Loaded: ../../../../../Media/Scripts/Lua/UI/SwitchIndicatorsPanel.lua
Loaded: ../../../../../Media/Scripts/Lua/UI/SystemSettings.lua
Loaded: ../../../../../Media/Scripts/Lua/UI/Tooltip.lua
Loaded: ../../../../../Media/Scripts/Lua/UI/TrainingHud.lua
Loaded: ../../../../../Media/Scripts/Lua/UI/TrainingMenu.lua
Loaded: ../../../../../Media/Scripts/Lua/UI/TransmitterSelect.lua
Loaded: ../../../../../Media/Scripts/Lua/UI/TransmittersPanel.lua
Loaded: ../../../../../Media/Scripts/Lua/UI/UIDialog.lua
Loaded: ../../../../../Media/Scripts/Lua/UI/UIManager.lua
Loaded: ../../../../../Media/Scripts/Lua/UI/UnityDialog.lua
Loaded: ../../../../../Media/Scripts/Lua/UI/VehicleEditor.lua
Loaded: ../../../../../Media/Scripts/Lua/UI/VehicleIcon.lua
Loaded: ../../../../../Media/Scripts/Lua/UI/VehicleSelect.lua
Loaded: ../../../../../Media/Scripts/Lua/UI/VehiclesPanel.lua
Loaded: ../../../../../Media/Scripts/Lua/UI/VirtualTransmitter.lua
Loaded: ../../../../../Media/Scripts/Lua/UI/VisualTransmitterDialog.lua
Component Loaded: workphone::scene::ProceduralRaceScene Actor: Procedural Grand Prix
Component Loaded: workphone::scene::CollisionBox Actor: Procedural Grand Prix
Component Loaded: workphone::scene::Rigidbody Actor: Procedural Grand Prix
Component Loaded: workphone::scene::CarController Actor: Procedural Grand Prix
Component Loaded: workphone::scene::CollisionBox Actor: Circuit collision plane
Component Loaded: workphone::scene::Rigidbody Actor: Circuit collision plane
Asset catalog requires an open parameterized database backend.
Asset catalog requires an open parameterized database backend.
Asset catalog requires an open parameterized database backend.
Asset catalog requires an open parameterized database backend.
Asset catalog requires an open parameterized database backend.
Asset catalog requires an open parameterized database backend.
Asset catalog requires an open parameterized database backend.
Asset catalog requires an open parameterized database backend.
Asset catalog requires an open parameterized database backend.
Asset catalog requires an open parameterized database backend.
Asset catalog requires an open parameterized database backend.
Asset catalog requires an open parameterized database backend.
Asset catalog requires an open parameterized database backend.
Asset catalog requires an open parameterized database backend.
Asset catalog requires an open parameterized database backend.
Asset catalog requires an open parameterized database backend.
Asset catalog requires an open parameterized database backend.
Asset catalog requires an open parameterized database backend.
Asset catalog requires an open parameterized database backend.
Asset catalog requires an open parameterized database backend.
Asset catalog requires an open parameterized database backend.
Asset catalog requires an open parameterized database backend.
Asset catalog requires an open parameterized database backend.
Asset catalog requires an open parameterized database backend.
Asset catalog requires an open parameterized database backend.
Asset catalog requires an open parameterized database backend.
Asset catalog requires an open parameterized database backend.
Asset catalog requires an open parameterized database backend.
Asset catalog requires an open parameterized database backend.
Asset catalog requires an open parameterized database backend.
Asset catalog requires an open parameterized database backend.
Asset catalog requires an open parameterized database backend.
Asset catalog requires an open parameterized database backend.
Asset catalog requires an open parameterized database backend.
Asset catalog requires an open parameterized database backend.
Asset catalog requires an open parameterized database backend.
Asset catalog requires an open parameterized database backend.
Asset catalog requires an open parameterized database backend.
Asset catalog requires an open parameterized database backend.
Asset catalog requires an open parameterized database backend.
Asset catalog requires an open parameterized database backend.
Asset catalog requires an open parameterized database backend.
Asset catalog requires an open parameterized database backend.
Asset catalog requires an open parameterized database backend.
Asset catalog requires an open parameterized database backend.
Asset catalog requires an open parameterized database backend.
Asset catalog requires an open parameterized database backend.
Asset catalog requires an open parameterized database backend.
Asset catalog requires an open parameterized database backend.
Asset catalog requires an open parameterized database backend.
Asset catalog requires an open parameterized database backend.
Asset catalog requires an open parameterized database backend.
Asset catalog requires an open parameterized database backend.
Asset catalog requires an open parameterized database backend.
Asset catalog requires an open parameterized database backend.
Asset catalog requires an open parameterized database backend.
Asset catalog requires an open parameterized database backend.
Asset catalog requires an open parameterized database backend.
Asset catalog requires an open parameterized database backend.
Asset catalog requires an open parameterized database backend.
Asset catalog requires an open parameterized database backend.
Asset catalog requires an open parameterized database backend.
Asset catalog requires an open parameterized database backend.
Asset catalog requires an open parameterized database backend.
Asset catalog requires an open parameterized database backend.
Asset catalog requires an open parameterized database backend.
Asset catalog requires an open parameterized database backend.
Asset catalog requires an open parameterized database backend.
Asset catalog requires an open parameterized database backend.
Asset catalog requires an open parameterized database backend.
Asset catalog requires an open parameterized database backend.
Asset catalog requires an open parameterized database backend.
Asset catalog requires an open parameterized database backend.
Asset catalog requires an open parameterized database backend.
Asset catalog requires an open parameterized database backend.
Asset catalog requires an open parameterized database backend.
Asset catalog requires an open parameterized database backend.
Asset catalog requires an open parameterized database backend.
Asset catalog requires an open parameterized database backend.
Asset catalog requires an open parameterized database backend.
Asset catalog requires an open parameterized database backend.
Asset catalog requires an open parameterized database backend.
Asset catalog requires an open parameterized database backend.
Asset catalog requires an open parameterized database backend.
Asset catalog requires an open parameterized database backend.
Asset catalog requires an open parameterized database backend.
Asset catalog requires an open parameterized database backend.
Asset catalog requires an open parameterized database backend.
Asset catalog requires an open parameterized database backend.
Asset catalog requires an open parameterized database backend.
Asset catalog requires an open parameterized database backend.
Asset catalog requires an open parameterized database backend.
Asset catalog requires an open parameterized database backend.
Asset catalog requires an open parameterized database backend.
Asset catalog requires an open parameterized database backend.
Asset catalog requires an open parameterized database backend.
Asset catalog requires an open parameterized database backend.
Asset catalog requires an open parameterized database backend.
Asset catalog requires an open parameterized database backend.
Asset catalog requires an open parameterized database backend.
Asset catalog requires an open parameterized database backend.
Asset catalog requires an open parameterized database backend.
Asset catalog requires an open parameterized database backend.
Asset catalog requires an open parameterized database backend.
Asset catalog requires an open parameterized database backend.
Asset catalog requires an open parameterized database backend.
Asset catalog requires an open parameterized database backend.
Asset catalog requires an open parameterized database backend.
Asset catalog requires an open parameterized database backend.
Asset catalog requires an open parameterized database backend.
Asset catalog requires an open parameterized database backend.
Asset catalog requires an open parameterized database backend.
Asset catalog requires an open parameterized database backend.
Asset catalog requires an open parameterized database backend.
Asset catalog requires an open parameterized database backend.
Asset catalog requires an open parameterized database backend.
Asset catalog requires an open parameterized database backend.
Asset catalog requires an open parameterized database backend.
Asset catalog requires an open parameterized database backend.
Asset catalog requires an open parameterized database backend.
Asset catalog requires an open parameterized database backend.
Asset catalog requires an open parameterized database backend.
Asset catalog requires an open parameterized database backend.
Asset catalog requires an open parameterized database backend.
Asset catalog requires an open parameterized database backend.
Asset catalog requires an open parameterized database backend.
Asset catalog requires an open parameterized database backend.
Asset catalog requires an open parameterized database backend.
Asset catalog requires an open parameterized database backend.
Asset catalog requires an open parameterized database backend.
Asset catalog requires an open parameterized database backend.
Asset catalog requires an open parameterized database backend.
Asset catalog requires an open parameterized database backend.
Asset catalog requires an open parameterized database backend.
Asset catalog requires an open parameterized database backend.
Asset catalog requires an open parameterized database backend.
Asset catalog requires an open parameterized database backend.
Asset catalog requires an open parameterized database backend.
Asset catalog requires an open parameterized database backend.
Asset catalog requires an open parameterized database backend.
Asset catalog requires an open parameterized database backend.
Asset catalog requires an open parameterized database backend.
Asset catalog requires an open parameterized database backend.
Asset catalog requires an open parameterized database backend.
Asset catalog requires an open parameterized database backend.
Asset catalog requires an open parameterized database backend.
Asset catalog requires an open parameterized database backend.
Asset catalog requires an open parameterized database backend.
Asset catalog requires an open parameterized database backend.
Asset catalog requires an open parameterized database backend.
Asset catalog requires an open parameterized database backend.
Asset catalog requires an open parameterized database backend.
Asset catalog requires an open parameterized database backend.
Asset catalog requires an open parameterized database backend.
Asset catalog requires an open parameterized database backend.
Asset catalog requires an open parameterized database backend.
Asset catalog requires an open parameterized database backend.
Asset catalog requires an open parameterized database backend.
Asset catalog requires an open parameterized database backend.
Asset catalog requires an open parameterized database backend.
Asset catalog requires an open parameterized database backend.
Asset catalog requires an open parameterized database backend.
Asset catalog requires an open parameterized database backend.
Asset catalog requires an open parameterized database backend.
Asset catalog requires an open parameterized database backend.
Asset catalog requires an open parameterized database backend.
Asset catalog requires an open parameterized database backend.
Asset catalog requires an open parameterized database backend.
Asset catalog requires an open parameterized database backend.
Asset catalog requires an open parameterized database backend.
Asset catalog requires an open parameterized database backend.
Asset catalog requires an open parameterized database backend.
Asset catalog requires an open parameterized database backend.
Asset catalog requires an open parameterized database backend.
Asset catalog requires an open parameterized database backend.
Asset catalog requires an open parameterized database backend.
Asset catalog requires an open parameterized database backend.
Asset catalog requires an open parameterized database backend.
Asset catalog requires an open parameterized database backend.
Asset catalog requires an open parameterized database backend.
Asset catalog requires an open parameterized database backend.
Asset catalog requires an open parameterized database backend.
Asset catalog requires an open parameterized database backend.
Asset catalog requires an open parameterized database backend.
Asset catalog requires an open parameterized database backend.
Asset catalog requires an open parameterized database backend.
Asset catalog requires an open parameterized database backend.
Asset catalog requires an open parameterized database backend.
Asset catalog requires an open parameterized database backend.
Asset catalog requires an open parameterized database backend.
Asset catalog requires an open parameterized database backend.
Asset catalog requires an open parameterized database backend.
Asset catalog requires an open parameterized database backend.
Asset catalog requires an open parameterized database backend.
Asset catalog requires an open parameterized database backend.
Asset catalog requires an open parameterized database backend.
Asset catalog requires an open parameterized database backend.
Asset catalog requires an open parameterized database backend.
Asset catalog requires an open parameterized database backend.
Asset catalog requires an open parameterized database backend.
Asset catalog requires an open parameterized database backend.
Asset catalog requires an open parameterized database backend.
Asset catalog requires an open parameterized database backend.
Asset catalog requires an open parameterized database backend.
Asset catalog requires an open parameterized database backend.
Asset catalog requires an open parameterized database backend.
Asset catalog requires an open parameterized database backend.
Asset catalog requires an open parameterized database backend.
Asset catalog requires an open parameterized database backend.
Asset catalog requires an open parameterized database backend.
Asset catalog requires an open parameterized database backend.
Asset catalog requires an open parameterized database backend.
Asset catalog requires an open parameterized database backend.
Asset catalog requires an open parameterized database backend.
Asset catalog requires an open parameterized database backend.
Asset catalog requires an open parameterized database backend.
Asset catalog requires an open parameterized database backend.
Asset catalog requires an open parameterized database backend.
Asset catalog requires an open parameterized database backend.
Asset catalog requires an open parameterized database backend.
Asset catalog requires an open parameterized database backend.
Asset catalog requires an open parameterized database backend.
Asset catalog requires an open parameterized database backend.
Asset catalog requires an open parameterized database backend.
Asset catalog requires an open parameterized database backend.
Asset catalog requires an open parameterized database backend.
Asset catalog requires an open parameterized database backend.
Asset catalog requires an open parameterized database backend.
Asset catalog requires an open parameterized database backend.
Asset catalog requires an open parameterized database backend.
Asset catalog requires an open parameterized database backend.
Asset catalog requires an open parameterized database backend.
Asset catalog requires an open parameterized database backend.
Asset catalog requires an open parameterized database backend.
Asset catalog requires an open parameterized database backend.
Asset catalog requires an open parameterized database backend.
Asset catalog requires an open parameterized database backend.
Asset catalog requires an open parameterized database backend.
Asset catalog requires an open parameterized database backend.
Asset catalog requires an open parameterized database backend.
Asset catalog requires an open parameterized database backend.
Asset catalog requires an open parameterized database backend.
Asset catalog requires an open parameterized database backend.
Asset catalog requires an open parameterized database backend.
Asset catalog requires an open parameterized database backend.
Asset catalog requires an open parameterized database backend.
Asset catalog requires an open parameterized database backend.
Asset catalog requires an open parameterized database backend.
Asset catalog requires an open parameterized database backend.
Asset catalog requires an open parameterized database backend.
Asset catalog requires an open parameterized database backend.
Asset catalog requires an open parameterized database backend.
Asset catalog requires an open parameterized database backend.
Asset catalog requires an open parameterized database backend.
Asset catalog requires an open parameterized database backend.
Asset catalog requires an open parameterized database backend.
Asset catalog requires an open parameterized database backend.
Asset catalog requires an open parameterized database backend.
Asset catalog requires an open parameterized database backend.
Asset catalog requires an open parameterized database backend.
Asset catalog requires an open parameterized database backend.
Asset catalog requires an open parameterized database backend.
Asset catalog requires an open parameterized database backend.
Asset catalog requires an open parameterized database backend.
Asset catalog requires an open parameterized database backend.
Asset catalog requires an open parameterized database backend.
Asset catalog requires an open parameterized database backend.
Asset catalog requires an open parameterized database backend.
Asset catalog requires an open parameterized database backend.
Asset catalog requires an open parameterized database backend.
Asset catalog requires an open parameterized database backend.
Asset catalog requires an open parameterized database backend.
Asset catalog requires an open parameterized database backend.
Asset catalog requires an open parameterized database backend.
Asset catalog requires an open parameterized database backend.
Asset catalog requires an open parameterized database backend.
Asset catalog requires an open parameterized database backend.
Asset catalog requires an open parameterized database backend.
Asset catalog requires an open parameterized database backend.
Asset catalog requires an open parameterized database backend.
Asset catalog requires an open parameterized database backend.
Asset catalog requires an open parameterized database backend.
Asset catalog requires an open parameterized database backend.
Asset catalog requires an open parameterized database backend.
Asset catalog requires an open parameterized database backend.
Asset catalog requires an open parameterized database backend.
Asset catalog requires an open parameterized database backend.
Asset catalog requires an open parameterized database backend.
Asset catalog requires an open parameterized database backend.
Asset catalog requires an open parameterized database backend.
Asset catalog requires an open parameterized database backend.
Asset catalog requires an open parameterized database backend.
Asset catalog requires an open parameterized database backend.
Asset catalog requires an open parameterized database backend.
Asset catalog requires an open parameterized database backend.
Asset catalog requires an open parameterized database backend.
Asset catalog requires an open parameterized database backend.
Asset catalog requires an open parameterized database backend.
Asset catalog requires an open parameterized database backend.
Asset catalog requires an open parameterized database backend.
Asset catalog requires an open parameterized database backend.
Asset catalog requires an open parameterized database backend.
Asset catalog requires an open parameterized database backend.
Asset catalog requires an open parameterized database backend.
Asset catalog requires an open parameterized database backend.
Asset catalog requires an open parameterized database backend.
Asset catalog requires an open parameterized database backend.
Asset catalog requires an open parameterized database backend.
Asset catalog requires an open parameterized database backend.
Asset catalog requires an open parameterized database backend.
Asset catalog requires an open parameterized database backend.
Asset catalog requires an open parameterized database backend.
Asset catalog requires an open parameterized database backend.
Asset catalog requires an open parameterized database backend.
Asset catalog requires an open parameterized database backend.
Asset catalog requires an open parameterized database backend.
Asset catalog requires an open parameterized database backend.
Asset catalog requires an open parameterized database backend.
Asset catalog requires an open parameterized database backend.
Asset catalog requires an open parameterized database backend.
Asset catalog requires an open parameterized database backend.
Asset catalog requires an open parameterized database backend.
Asset catalog requires an open parameterized database backend.
Asset catalog requires an open parameterized database backend.
Asset catalog requires an open parameterized database backend.
Asset catalog requires an open parameterized database backend.
Asset catalog requires an open parameterized database backend.
Asset catalog requires an open parameterized database backend.
Asset catalog requires an open parameterized database backend.
Asset catalog requires an open parameterized database backend.
Asset catalog requires an open parameterized database backend.
Asset catalog requires an open parameterized database backend.
Asset catalog requires an open parameterized database backend.
Asset catalog requires an open parameterized database backend.
Asset catalog requires an open parameterized database backend.
Asset catalog requires an open parameterized database backend.
Asset catalog requires an open parameterized database backend.
Asset catalog requires an open parameterized database backend.
Asset catalog requires an open parameterized database backend.
Asset catalog requires an open parameterized database backend.
Asset catalog requires an open parameterized database backend.
Asset catalog requires an open parameterized database backend.
Asset catalog requires an open parameterized database backend.
Asset catalog requires an open parameterized database backend.
Asset catalog requires an open parameterized database backend.
Asset catalog requires an open parameterized database backend.
Asset catalog requires an open parameterized database backend.
Asset catalog requires an open parameterized database backend.
Asset catalog requires an open parameterized database backend.
Asset catalog requires an open parameterized database backend.
Asset catalog requires an open parameterized database backend.
Asset catalog requires an open parameterized database backend.
Asset catalog requires an open parameterized database backend.
Asset catalog requires an open parameterized database backend.
Asset catalog requires an open parameterized database backend.
Asset catalog requires an open parameterized database backend.
Asset catalog requires an open parameterized database backend.
Asset catalog requires an open parameterized database backend.
Asset catalog requires an open parameterized database backend.
Asset catalog requires an open parameterized database backend.
Asset catalog requires an open parameterized database backend.
Asset catalog requires an open parameterized database backend.
Asset catalog requires an open parameterized database backend.
Asset catalog requires an open parameterized database backend.
Asset catalog requires an open parameterized database backend.
Asset catalog requires an open parameterized database backend.
Asset catalog requires an open parameterized database backend.
Asset catalog requires an open parameterized database backend.
Asset catalog requires an open parameterized database backend.
Asset catalog requires an open parameterized database backend.
Asset catalog requires an open parameterized database backend.
Asset catalog requires an open parameterized database backend.
Component Loaded: workphone::scene::WheelController Actor: Generated wheel 0
Component Loaded: workphone::scene::WheelController Actor: Generated wheel 1
Component Loaded: workphone::scene::WheelController Actor: Generated wheel 2
Component Loaded: workphone::scene::WheelController Actor: Generated wheel 3
Component Loaded: workphone::scene::Mesh Actor: body_paint
Component Loaded: workphone::scene::MeshRenderer Actor: body_paint
Component Loaded: workphone::scene::Material Actor: body_paint
Component Loaded: workphone::scene::Mesh Actor: aero_carbon_matte
Component Loaded: workphone::scene::MeshRenderer Actor: aero_carbon_matte
Component Loaded: workphone::scene::Material Actor: aero_carbon_matte
Component Loaded: workphone::scene::Mesh Actor: aero_carbon_gloss
Component Loaded: workphone::scene::MeshRenderer Actor: aero_carbon_gloss
Component Loaded: workphone::scene::Material Actor: aero_carbon_gloss
Component Loaded: workphone::scene::Mesh Actor: cockpit_glass
Component Loaded: workphone::scene::MeshRenderer Actor: cockpit_glass
Component Loaded: workphone::scene::Material Actor: cockpit_glass
Component Loaded: workphone::scene::Mesh Actor: rain_light
Component Loaded: workphone::scene::MeshRenderer Actor: rain_light
Component Loaded: workphone::scene::Material Actor: rain_light
Component Loaded: workphone::scene::Mesh Actor: front_marker_lights
Component Loaded: workphone::scene::MeshRenderer Actor: front_marker_lights
Component Loaded: workphone::scene::Material Actor: front_marker_lights
Component Loaded: workphone::scene::Mesh Actor: tyres
Component Loaded: workphone::scene::MeshRenderer Actor: tyres
Component Loaded: workphone::scene::Material Actor: tyres
Component Loaded: workphone::scene::Mesh Actor: tyres
Component Loaded: workphone::scene::MeshRenderer Actor: tyres
Component Loaded: workphone::scene::Material Actor: tyres
Component Loaded: workphone::scene::Mesh Actor: tyres
Component Loaded: workphone::scene::MeshRenderer Actor: tyres
Component Loaded: workphone::scene::Material Actor: tyres
Component Loaded: workphone::scene::Mesh Actor: tyres
Component Loaded: workphone::scene::MeshRenderer Actor: tyres
Component Loaded: workphone::scene::Material Actor: tyres
Component Loaded: workphone::scene::Mesh Actor: rims
Component Loaded: workphone::scene::MeshRenderer Actor: rims
Component Loaded: workphone::scene::Material Actor: rims
Component Loaded: workphone::scene::Mesh Actor: rims
Component Loaded: workphone::scene::MeshRenderer Actor: rims
Component Loaded: workphone::scene::Material Actor: rims
Component Loaded: workphone::scene::Mesh Actor: rims
Component Loaded: workphone::scene::MeshRenderer Actor: rims
Component Loaded: workphone::scene::Material Actor: rims
Component Loaded: workphone::scene::Mesh Actor: rims
Component Loaded: workphone::scene::MeshRenderer Actor: rims
Component Loaded: workphone::scene::Material Actor: rims
Component Loaded: workphone::scene::Mesh Actor: brakes
Component Loaded: workphone::scene::MeshRenderer Actor: brakes
Component Loaded: workphone::scene::Material Actor: brakes
Component Loaded: workphone::scene::Mesh Actor: brakes
Component Loaded: workphone::scene::MeshRenderer Actor: brakes
Component Loaded: workphone::scene::Material Actor: brakes
Component Loaded: workphone::scene::Mesh Actor: brakes
Component Loaded: workphone::scene::MeshRenderer Actor: brakes
Component Loaded: workphone::scene::Material Actor: brakes
Component Loaded: workphone::scene::Mesh Actor: brakes
Component Loaded: workphone::scene::MeshRenderer Actor: brakes
Component Loaded: workphone::scene::Material Actor: brakes
Component Loaded: workphone::scene::Mesh Actor: suspension
Component Loaded: workphone::scene::MeshRenderer Actor: suspension
Component Loaded: workphone::scene::Material Actor: suspension
Asset catalog requires an open parameterized database backend.
Asset catalog requires an open parameterized database backend.
Asset catalog requires an open parameterized database backend.
Asset catalog requires an open parameterized database backend.
Asset catalog requires an open parameterized database backend.
Asset catalog requires an open parameterized database backend.
Asset catalog requires an open parameterized database backend.
Asset catalog requires an open parameterized database backend.
Asset catalog requires an open parameterized database backend.
Asset catalog requires an open parameterized database backend.
Component Loaded: workphone::scene::Mesh Actor: Continuous circuit
Component Loaded: workphone::scene::MeshRenderer Actor: Continuous circuit
Component Loaded: workphone::scene::Material Actor: Continuous circuit
Component Loaded: workphone::scene::Mesh Actor: Red kerbs
Component Loaded: workphone::scene::MeshRenderer Actor: Red kerbs
Component Loaded: workphone::scene::Material Actor: Red kerbs
Component Loaded: workphone::scene::Mesh Actor: White kerbs
Component Loaded: workphone::scene::MeshRenderer Actor: White kerbs
Component Loaded: workphone::scene::Material Actor: White kerbs
Component Loaded: workphone::scene::Mesh Actor: Edge markings
Component Loaded: workphone::scene::MeshRenderer Actor: Edge markings
Component Loaded: workphone::scene::Material Actor: Edge markings
Component Loaded: workphone::scene::Mesh Actor: Gravel runoff
Component Loaded: workphone::scene::MeshRenderer Actor: Gravel runoff
Component Loaded: workphone::scene::Material Actor: Gravel runoff
Component Loaded: workphone::scene::Mesh Actor: Circuit guardrails
Component Loaded: workphone::scene::MeshRenderer Actor: Circuit guardrails
Component Loaded: workphone::scene::Material Actor: Circuit guardrails
Component Loaded: workphone::scene::Mesh Actor: Circuit meadow
Component Loaded: workphone::scene::MeshRenderer Actor: Circuit meadow
Component Loaded: workphone::scene::Material Actor: Circuit meadow
Component Loaded: workphone::scene::Mesh Actor: Start finish black
Component Loaded: workphone::scene::MeshRenderer Actor: Start finish black
Component Loaded: workphone::scene::Material Actor: Start finish black
Component Loaded: workphone::scene::Mesh Actor: Start finish white
Component Loaded: workphone::scene::MeshRenderer Actor: Start finish white
Component Loaded: workphone::scene::Material Actor: Start finish white
Component Loaded: workphone::scene::Mesh Actor: Start gantry
Component Loaded: workphone::scene::MeshRenderer Actor: Start gantry
Component Loaded: workphone::scene::Material Actor: Start gantry
Component Loaded: workphone::scene::Mesh Actor: Pit garages
Component Loaded: workphone::scene::MeshRenderer Actor: Pit garages
Component Loaded: workphone::scene::Material Actor: Pit garages
Component Loaded: workphone::scene::Mesh Actor: Pit doors
Component Loaded: workphone::scene::MeshRenderer Actor: Pit doors
Component Loaded: workphone::scene::Material Actor: Pit doors
Asset catalog requires an open parameterized database backend.
Asset catalog requires an open parameterized database backend.
Asset catalog requires an open parameterized database backend.
Asset catalog requires an open parameterized database backend.
Component Loaded: workphone::scene::Mesh Actor: LOD0 pine trunks
Component Loaded: workphone::scene::MeshRenderer Actor: LOD0 pine trunks
Component Loaded: workphone::scene::Material Actor: LOD0 pine trunks
Component Loaded: workphone::scene::Mesh Actor: LOD0 pine canopy
Component Loaded: workphone::scene::MeshRenderer Actor: LOD0 pine canopy
Component Loaded: workphone::scene::Material Actor: LOD0 pine canopy
Component Loaded: workphone::scene::Mesh Actor: LOD1 pine imposters
Component Loaded: workphone::scene::MeshRenderer Actor: LOD1 pine imposters
Component Loaded: workphone::scene::Material Actor: LOD1 pine imposters
Component Loaded: workphone::scene::LODGroup Actor: Tree LOD patch
Component Loaded: workphone::scene::Mesh Actor: LOD0 pine trunks
Component Loaded: workphone::scene::MeshRenderer Actor: LOD0 pine trunks
Component Loaded: workphone::scene::Material Actor: LOD0 pine trunks
Component Loaded: workphone::scene::Mesh Actor: LOD0 pine canopy
Component Loaded: workphone::scene::MeshRenderer Actor: LOD0 pine canopy
Component Loaded: workphone::scene::Material Actor: LOD0 pine canopy
Component Loaded: workphone::scene::Mesh Actor: LOD1 pine imposters
Component Loaded: workphone::scene::MeshRenderer Actor: LOD1 pine imposters
Component Loaded: workphone::scene::Material Actor: LOD1 pine imposters
Component Loaded: workphone::scene::LODGroup Actor: Tree LOD patch
Component Loaded: workphone::scene::Mesh Actor: LOD0 pine trunks
Component Loaded: workphone::scene::MeshRenderer Actor: LOD0 pine trunks
Component Loaded: workphone::scene::Material Actor: LOD0 pine trunks
Component Loaded: workphone::scene::Mesh Actor: LOD0 pine canopy
Component Loaded: workphone::scene::MeshRenderer Actor: LOD0 pine canopy
Component Loaded: workphone::scene::Material Actor: LOD0 pine canopy
Component Loaded: workphone::scene::Mesh Actor: LOD1 pine imposters
Component Loaded: workphone::scene::MeshRenderer Actor: LOD1 pine imposters
Component Loaded: workphone::scene::Material Actor: LOD1 pine imposters
Component Loaded: workphone::scene::LODGroup Actor: Tree LOD patch
Component Loaded: workphone::scene::Mesh Actor: LOD0 pine trunks
Component Loaded: workphone::scene::MeshRenderer Actor: LOD0 pine trunks
Component Loaded: workphone::scene::Material Actor: LOD0 pine trunks
Component Loaded: workphone::scene::Mesh Actor: LOD0 pine canopy
Component Loaded: workphone::scene::MeshRenderer Actor: LOD0 pine canopy
Component Loaded: workphone::scene::Material Actor: LOD0 pine canopy
Component Loaded: workphone::scene::Mesh Actor: LOD1 pine imposters
Component Loaded: workphone::scene::MeshRenderer Actor: LOD1 pine imposters
Component Loaded: workphone::scene::Material Actor: LOD1 pine imposters
Component Loaded: workphone::scene::LODGroup Actor: Tree LOD patch
Component Loaded: workphone::scene::Mesh Actor: LOD0 pine trunks
Component Loaded: workphone::scene::MeshRenderer Actor: LOD0 pine trunks
Component Loaded: workphone::scene::Material Actor: LOD0 pine trunks
Component Loaded: workphone::scene::Mesh Actor: LOD0 pine canopy
Component Loaded: workphone::scene::MeshRenderer Actor: LOD0 pine canopy
Component Loaded: workphone::scene::Material Actor: LOD0 pine canopy
Component Loaded: workphone::scene::Mesh Actor: LOD1 pine imposters
Component Loaded: workphone::scene::MeshRenderer Actor: LOD1 pine imposters
Component Loaded: workphone::scene::Material Actor: LOD1 pine imposters
Component Loaded: workphone::scene::LODGroup Actor: Tree LOD patch
Component Loaded: workphone::scene::Mesh Actor: LOD0 pine trunks
Component Loaded: workphone::scene::MeshRenderer Actor: LOD0 pine trunks
Component Loaded: workphone::scene::Material Actor: LOD0 pine trunks
Component Loaded: workphone::scene::Mesh Actor: LOD0 pine canopy
Component Loaded: workphone::scene::MeshRenderer Actor: LOD0 pine canopy
Component Loaded: workphone::scene::Material Actor: LOD0 pine canopy
Component Loaded: workphone::scene::Mesh Actor: LOD1 pine imposters
Component Loaded: workphone::scene::MeshRenderer Actor: LOD1 pine imposters
Component Loaded: workphone::scene::Material Actor: LOD1 pine imposters
Component Loaded: workphone::scene::LODGroup Actor: Tree LOD patch
Component Loaded: workphone::scene::Mesh Actor: LOD0 pine trunks
Component Loaded: workphone::scene::MeshRenderer Actor: LOD0 pine trunks
Component Loaded: workphone::scene::Material Actor: LOD0 pine trunks
Component Loaded: workphone::scene::Mesh Actor: LOD0 pine canopy
Component Loaded: workphone::scene::MeshRenderer Actor: LOD0 pine canopy
Component Loaded: workphone::scene::Material Actor: LOD0 pine canopy
Component Loaded: workphone::scene::Mesh Actor: LOD1 pine imposters
Component Loaded: workphone::scene::MeshRenderer Actor: LOD1 pine imposters
Component Loaded: workphone::scene::Material Actor: LOD1 pine imposters
Component Loaded: workphone::scene::LODGroup Actor: Tree LOD patch
Component Loaded: workphone::scene::Mesh Actor: LOD0 pine trunks
Component Loaded: workphone::scene::MeshRenderer Actor: LOD0 pine trunks
Component Loaded: workphone::scene::Material Actor: LOD0 pine trunks
Component Loaded: workphone::scene::Mesh Actor: LOD0 pine canopy
Component Loaded: workphone::scene::MeshRenderer Actor: LOD0 pine canopy
Component Loaded: workphone::scene::Material Actor: LOD0 pine canopy
Component Loaded: workphone::scene::Mesh Actor: LOD1 pine imposters
Component Loaded: workphone::scene::MeshRenderer Actor: LOD1 pine imposters
Component Loaded: workphone::scene::Material Actor: LOD1 pine imposters
Component Loaded: workphone::scene::LODGroup Actor: Tree LOD patch
Component Loaded: workphone::scene::Mesh Actor: LOD0 pine trunks
Component Loaded: workphone::scene::MeshRenderer Actor: LOD0 pine trunks
Component Loaded: workphone::scene::Material Actor: LOD0 pine trunks
Component Loaded: workphone::scene::Mesh Actor: LOD0 pine canopy
Component Loaded: workphone::scene::MeshRenderer Actor: LOD0 pine canopy
Component Loaded: workphone::scene::Material Actor: LOD0 pine canopy
Component Loaded: workphone::scene::Mesh Actor: LOD1 pine imposters
Component Loaded: workphone::scene::MeshRenderer Actor: LOD1 pine imposters
Component Loaded: workphone::scene::Material Actor: LOD1 pine imposters
Component Loaded: workphone::scene::LODGroup Actor: Tree LOD patch
Component Loaded: workphone::scene::Mesh Actor: LOD0 pine trunks
Component Loaded: workphone::scene::MeshRenderer Actor: LOD0 pine trunks
Component Loaded: workphone::scene::Material Actor: LOD0 pine trunks
Component Loaded: workphone::scene::Mesh Actor: LOD0 pine canopy
Component Loaded: workphone::scene::MeshRenderer Actor: LOD0 pine canopy
Component Loaded: workphone::scene::Material Actor: LOD0 pine canopy
Component Loaded: workphone::scene::Mesh Actor: LOD1 pine imposters
Component Loaded: workphone::scene::MeshRenderer Actor: LOD1 pine imposters
Component Loaded: workphone::scene::Material Actor: LOD1 pine imposters
Component Loaded: workphone::scene::LODGroup Actor: Tree LOD patch
Component Loaded: workphone::scene::Mesh Actor: LOD0 pine trunks
Component Loaded: workphone::scene::MeshRenderer Actor: LOD0 pine trunks
Component Loaded: workphone::scene::Material Actor: LOD0 pine trunks
Component Loaded: workphone::scene::Mesh Actor: LOD0 pine canopy
Component Loaded: workphone::scene::MeshRenderer Actor: LOD0 pine canopy
Component Loaded: workphone::scene::Material Actor: LOD0 pine canopy
Component Loaded: workphone::scene::Mesh Actor: LOD1 pine imposters
Component Loaded: workphone::scene::MeshRenderer Actor: LOD1 pine imposters
Component Loaded: workphone::scene::Material Actor: LOD1 pine imposters
Component Loaded: workphone::scene::LODGroup Actor: Tree LOD patch
Component Loaded: workphone::scene::Mesh Actor: LOD0 pine trunks
Component Loaded: workphone::scene::MeshRenderer Actor: LOD0 pine trunks
Component Loaded: workphone::scene::Material Actor: LOD0 pine trunks
Component Loaded: workphone::scene::Mesh Actor: LOD0 pine canopy
Component Loaded: workphone::scene::MeshRenderer Actor: LOD0 pine canopy
Component Loaded: workphone::scene::Material Actor: LOD0 pine canopy
Component Loaded: workphone::scene::Mesh Actor: LOD1 pine imposters
Component Loaded: workphone::scene::MeshRenderer Actor: LOD1 pine imposters
Component Loaded: workphone::scene::Material Actor: LOD1 pine imposters
Component Loaded: workphone::scene::LODGroup Actor: Tree LOD patch
Component Loaded: workphone::scene::Mesh Actor: LOD0 pine trunks
Component Loaded: workphone::scene::MeshRenderer Actor: LOD0 pine trunks
Component Loaded: workphone::scene::Material Actor: LOD0 pine trunks
Component Loaded: workphone::scene::Mesh Actor: LOD0 pine canopy
Component Loaded: workphone::scene::MeshRenderer Actor: LOD0 pine canopy
Component Loaded: workphone::scene::Material Actor: LOD0 pine canopy
Component Loaded: workphone::scene::Mesh Actor: LOD1 pine imposters
Component Loaded: workphone::scene::MeshRenderer Actor: LOD1 pine imposters
Component Loaded: workphone::scene::Material Actor: LOD1 pine imposters
Component Loaded: workphone::scene::LODGroup Actor: Tree LOD patch
Component Loaded: workphone::scene::Mesh Actor: LOD0 pine trunks
Component Loaded: workphone::scene::MeshRenderer Actor: LOD0 pine trunks
Component Loaded: workphone::scene::Material Actor: LOD0 pine trunks
Component Loaded: workphone::scene::Mesh Actor: LOD0 pine canopy
Component Loaded: workphone::scene::MeshRenderer Actor: LOD0 pine canopy
Component Loaded: workphone::scene::Material Actor: LOD0 pine canopy
Component Loaded: workphone::scene::Mesh Actor: LOD1 pine imposters
Component Loaded: workphone::scene::MeshRenderer Actor: LOD1 pine imposters
Component Loaded: workphone::scene::Material Actor: LOD1 pine imposters
Component Loaded: workphone::scene::LODGroup Actor: Tree LOD patch
Component Loaded: workphone::scene::Mesh Actor: LOD0 pine trunks
Component Loaded: workphone::scene::MeshRenderer Actor: LOD0 pine trunks
Component Loaded: workphone::scene::Material Actor: LOD0 pine trunks
Component Loaded: workphone::scene::Mesh Actor: LOD0 pine canopy
Component Loaded: workphone::scene::MeshRenderer Actor: LOD0 pine canopy
Component Loaded: workphone::scene::Material Actor: LOD0 pine canopy
Component Loaded: workphone::scene::Mesh Actor: LOD1 pine imposters
Component Loaded: workphone::scene::MeshRenderer Actor: LOD1 pine imposters
Component Loaded: workphone::scene::Material Actor: LOD1 pine imposters
Component Loaded: workphone::scene::LODGroup Actor: Tree LOD patch
Component Loaded: workphone::scene::Mesh Actor: LOD0 pine trunks
Component Loaded: workphone::scene::MeshRenderer Actor: LOD0 pine trunks
Component Loaded: workphone::scene::Material Actor: LOD0 pine trunks
Component Loaded: workphone::scene::Mesh Actor: LOD0 pine canopy
Component Loaded: workphone::scene::MeshRenderer Actor: LOD0 pine canopy
Component Loaded: workphone::scene::Material Actor: LOD0 pine canopy
Component Loaded: workphone::scene::Mesh Actor: LOD1 pine imposters
Component Loaded: workphone::scene::MeshRenderer Actor: LOD1 pine imposters
Component Loaded: workphone::scene::Material Actor: LOD1 pine imposters
Component Loaded: workphone::scene::LODGroup Actor: Tree LOD patch
Component Loaded: workphone::scene::Mesh Actor: LOD0 pine trunks
Component Loaded: workphone::scene::MeshRenderer Actor: LOD0 pine trunks
Component Loaded: workphone::scene::Material Actor: LOD0 pine trunks
Component Loaded: workphone::scene::Mesh Actor: LOD0 pine canopy
Component Loaded: workphone::scene::MeshRenderer Actor: LOD0 pine canopy
Component Loaded: workphone::scene::Material Actor: LOD0 pine canopy
Component Loaded: workphone::scene::Mesh Actor: LOD1 pine imposters
Component Loaded: workphone::scene::MeshRenderer Actor: LOD1 pine imposters
Component Loaded: workphone::scene::Material Actor: LOD1 pine imposters
Component Loaded: workphone::scene::LODGroup Actor: Tree LOD patch
Component Loaded: workphone::scene::Mesh Actor: LOD0 pine trunks
Component Loaded: workphone::scene::MeshRenderer Actor: LOD0 pine trunks
Component Loaded: workphone::scene::Material Actor: LOD0 pine trunks
Component Loaded: workphone::scene::Mesh Actor: LOD0 pine canopy
Component Loaded: workphone::scene::MeshRenderer Actor: LOD0 pine canopy
Component Loaded: workphone::scene::Material Actor: LOD0 pine canopy
Component Loaded: workphone::scene::Mesh Actor: LOD1 pine imposters
Component Loaded: workphone::scene::MeshRenderer Actor: LOD1 pine imposters
Component Loaded: workphone::scene::Material Actor: LOD1 pine imposters
Component Loaded: workphone::scene::LODGroup Actor: Tree LOD patch
Component Loaded: workphone::scene::Mesh Actor: LOD0 pine trunks
Component Loaded: workphone::scene::MeshRenderer Actor: LOD0 pine trunks
Component Loaded: workphone::scene::Material Actor: LOD0 pine trunks
Component Loaded: workphone::scene::Mesh Actor: LOD0 pine canopy
Component Loaded: workphone::scene::MeshRenderer Actor: LOD0 pine canopy
Component Loaded: workphone::scene::Material Actor: LOD0 pine canopy
Component Loaded: workphone::scene::Mesh Actor: LOD1 pine imposters
Component Loaded: workphone::scene::MeshRenderer Actor: LOD1 pine imposters
Component Loaded: workphone::scene::Material Actor: LOD1 pine imposters
Component Loaded: workphone::scene::LODGroup Actor: Tree LOD patch
Component Loaded: workphone::scene::Mesh Actor: LOD0 pine trunks
Component Loaded: workphone::scene::MeshRenderer Actor: LOD0 pine trunks
Component Loaded: workphone::scene::Material Actor: LOD0 pine trunks
Component Loaded: workphone::scene::Mesh Actor: LOD0 pine canopy
Component Loaded: workphone::scene::MeshRenderer Actor: LOD0 pine canopy
Component Loaded: workphone::scene::Material Actor: LOD0 pine canopy
Component Loaded: workphone::scene::Mesh Actor: LOD1 pine imposters
Component Loaded: workphone::scene::MeshRenderer Actor: LOD1 pine imposters
Component Loaded: workphone::scene::Material Actor: LOD1 pine imposters
Component Loaded: workphone::scene::LODGroup Actor: Tree LOD patch
Component Loaded: workphone::scene::Mesh Actor: LOD0 pine trunks
Component Loaded: workphone::scene::MeshRenderer Actor: LOD0 pine trunks
Component Loaded: workphone::scene::Material Actor: LOD0 pine trunks
Component Loaded: workphone::scene::Mesh Actor: LOD0 pine canopy
Component Loaded: workphone::scene::MeshRenderer Actor: LOD0 pine canopy
Component Loaded: workphone::scene::Material Actor: LOD0 pine canopy
Component Loaded: workphone::scene::Mesh Actor: LOD1 pine imposters
Component Loaded: workphone::scene::MeshRenderer Actor: LOD1 pine imposters
Component Loaded: workphone::scene::Material Actor: LOD1 pine imposters
Component Loaded: workphone::scene::LODGroup Actor: Tree LOD patch
Component Loaded: workphone::scene::Mesh Actor: LOD0 pine trunks
Component Loaded: workphone::scene::MeshRenderer Actor: LOD0 pine trunks
Component Loaded: workphone::scene::Material Actor: LOD0 pine trunks
Component Loaded: workphone::scene::Mesh Actor: LOD0 pine canopy
Component Loaded: workphone::scene::MeshRenderer Actor: LOD0 pine canopy
Component Loaded: workphone::scene::Material Actor: LOD0 pine canopy
Component Loaded: workphone::scene::Mesh Actor: LOD1 pine imposters
Component Loaded: workphone::scene::MeshRenderer Actor: LOD1 pine imposters
Component Loaded: workphone::scene::Material Actor: LOD1 pine imposters
Component Loaded: workphone::scene::LODGroup Actor: Tree LOD patch
Component Loaded: workphone::scene::Mesh Actor: LOD0 pine trunks
Component Loaded: workphone::scene::MeshRenderer Actor: LOD0 pine trunks
Component Loaded: workphone::scene::Material Actor: LOD0 pine trunks
Component Loaded: workphone::scene::Mesh Actor: LOD0 pine canopy
Component Loaded: workphone::scene::MeshRenderer Actor: LOD0 pine canopy
Component Loaded: workphone::scene::Material Actor: LOD0 pine canopy
Component Loaded: workphone::scene::Mesh Actor: LOD1 pine imposters
Component Loaded: workphone::scene::MeshRenderer Actor: LOD1 pine imposters
Component Loaded: workphone::scene::Material Actor: LOD1 pine imposters
Component Loaded: workphone::scene::LODGroup Actor: Tree LOD patch
Component Loaded: workphone::scene::Mesh Actor: LOD0 pine trunks
Component Loaded: workphone::scene::MeshRenderer Actor: LOD0 pine trunks
Component Loaded: workphone::scene::Material Actor: LOD0 pine trunks
Component Loaded: workphone::scene::Mesh Actor: LOD0 pine canopy
Component Loaded: workphone::scene::MeshRenderer Actor: LOD0 pine canopy
Component Loaded: workphone::scene::Material Actor: LOD0 pine canopy
Component Loaded: workphone::scene::Mesh Actor: LOD1 pine imposters
Component Loaded: workphone::scene::MeshRenderer Actor: LOD1 pine imposters
Component Loaded: workphone::scene::Material Actor: LOD1 pine imposters
Component Loaded: workphone::scene::LODGroup Actor: Tree LOD patch
Component Loaded: workphone::scene::Mesh Actor: LOD0 pine trunks
Component Loaded: workphone::scene::MeshRenderer Actor: LOD0 pine trunks
Component Loaded: workphone::scene::Material Actor: LOD0 pine trunks
Component Loaded: workphone::scene::Mesh Actor: LOD0 pine canopy
Component Loaded: workphone::scene::MeshRenderer Actor: LOD0 pine canopy
Component Loaded: workphone::scene::Material Actor: LOD0 pine canopy
Component Loaded: workphone::scene::Mesh Actor: LOD1 pine imposters
Component Loaded: workphone::scene::MeshRenderer Actor: LOD1 pine imposters
Component Loaded: workphone::scene::Material Actor: LOD1 pine imposters
Component Loaded: workphone::scene::LODGroup Actor: Tree LOD patch
Component Loaded: workphone::scene::Mesh Actor: LOD0 pine trunks
Component Loaded: workphone::scene::MeshRenderer Actor: LOD0 pine trunks
Component Loaded: workphone::scene::Material Actor: LOD0 pine trunks
Component Loaded: workphone::scene::Mesh Actor: LOD0 pine canopy
Component Loaded: workphone::scene::MeshRenderer Actor: LOD0 pine canopy
Component Loaded: workphone::scene::Material Actor: LOD0 pine canopy
Component Loaded: workphone::scene::Mesh Actor: LOD1 pine imposters
Component Loaded: workphone::scene::MeshRenderer Actor: LOD1 pine imposters
Component Loaded: workphone::scene::Material Actor: LOD1 pine imposters
Component Loaded: workphone::scene::LODGroup Actor: Tree LOD patch
Component Loaded: workphone::scene::Mesh Actor: LOD0 pine trunks
Component Loaded: workphone::scene::MeshRenderer Actor: LOD0 pine trunks
Component Loaded: workphone::scene::Material Actor: LOD0 pine trunks
Component Loaded: workphone::scene::Mesh Actor: LOD0 pine canopy
Component Loaded: workphone::scene::MeshRenderer Actor: LOD0 pine canopy
Component Loaded: workphone::scene::Material Actor: LOD0 pine canopy
Component Loaded: workphone::scene::Mesh Actor: LOD1 pine imposters
Component Loaded: workphone::scene::MeshRenderer Actor: LOD1 pine imposters
Component Loaded: workphone::scene::Material Actor: LOD1 pine imposters
Component Loaded: workphone::scene::LODGroup Actor: Tree LOD patch
Component Loaded: workphone::scene::Mesh Actor: LOD0 pine trunks
Component Loaded: workphone::scene::MeshRenderer Actor: LOD0 pine trunks
Component Loaded: workphone::scene::Material Actor: LOD0 pine trunks
Component Loaded: workphone::scene::Mesh Actor: LOD0 pine canopy
Component Loaded: workphone::scene::MeshRenderer Actor: LOD0 pine canopy
Component Loaded: workphone::scene::Material Actor: LOD0 pine canopy
Component Loaded: workphone::scene::Mesh Actor: LOD1 pine imposters
Component Loaded: workphone::scene::MeshRenderer Actor: LOD1 pine imposters
Component Loaded: workphone::scene::Material Actor: LOD1 pine imposters
Component Loaded: workphone::scene::LODGroup Actor: Tree LOD patch
Component Loaded: workphone::scene::Mesh Actor: Distant hills
Component Loaded: workphone::scene::MeshRenderer Actor: Distant hills
Component Loaded: workphone::scene::Material Actor: Distant hills
Component Loaded: workphone::scene::Cubemap Actor: Vehicle Reflection Cubemap
Asset catalog requires an open parameterized database backend.
Asset catalog requires an open parameterized database backend.
Asset catalog requires an open parameterized database backend.
Asset catalog requires an open parameterized database backend.
Asset catalog requires an open parameterized database backend.
Asset catalog requires an open parameterized database backend.
Asset catalog requires an open parameterized database backend.
Asset catalog requires an open parameterized database backend.
Asset catalog requires an open parameterized database backend.
Asset catalog requires an open parameterized database backend.
Asset catalog requires an open parameterized database backend.
Asset catalog requires an open parameterized database backend.
Asset catalog requires an open parameterized database backend.
Asset catalog requires an open parameterized database backend.
Asset catalog requires an open parameterized database backend.
Asset catalog requires an open parameterized database backend.
Asset catalog requires an open parameterized database backend.
Asset catalog requires an open parameterized database backend.
Asset catalog requires an open parameterized database backend.
Asset catalog requires an open parameterized database backend.
Asset catalog requires an open parameterized database backend.
Asset catalog requires an open parameterized database backend.
Asset catalog requires an open parameterized database backend.
Asset catalog requires an open parameterized database backend.
Asset catalog requires an open parameterized database backend.
Asset catalog requires an open parameterized database backend.
Asset catalog requires an open parameterized database backend.
Asset catalog requires an open parameterized database backend.
Asset catalog requires an open parameterized database backend.
Asset catalog requires an open parameterized database backend.
Asset catalog requires an open parameterized database backend.
Asset catalog requires an open parameterized database backend.
Asset catalog requires an open parameterized database backend.
Asset catalog requires an open parameterized database backend.
Asset catalog requires an open parameterized database backend.
Asset catalog requires an open parameterized database backend.
Asset catalog requires an open parameterized database backend.
Asset catalog requires an open parameterized database backend.
Component Loaded: workphone::scene::Material Actor: Vehicle Reflection Cubemap
VehicleAdvanced: custom cubemap actor created; reflection applied to all vehicle materials.
Asset catalog requires an open parameterized database backend.
Asset catalog requires an open parameterized database backend.
Component Loaded: workphone::scene::Mesh Actor: Vehicle contact shadow
Component Loaded: workphone::scene::MeshRenderer Actor: Vehicle contact shadow
Component Loaded: workphone::scene::Material Actor: Vehicle contact shadow
VehicleAdvanced generation milliseconds=1942.5199
VehicleAdvanced generated: seed=7 hash=14479680043490062693 triangles=20896 texture bytes=8536032 circuit metres=851.278
Database::load: asset.db
Database::load: database exists at asset.db
WheelControllerBrush only supports the Brush tire model.
WheelControllerBrush only supports the Brush tire model.
WheelControllerBrush only supports the Brush tire model.
WheelControllerBrush only supports the Brush tire model.
Component Loaded: workphone::scene::VehicleCameraController Actor: Vehicle Follow Camera
WheelControllerBrush only supports the Brush tire model.
WheelControllerBrush only supports the Brush tire model.
WheelControllerBrush only supports the Brush tire model.
WheelControllerBrush only supports the Brush tire model.
ClawImguiManager::init: creating UI context and font atlas.
ClawImguiManager::init: context configured; viewport=1280x720, docking enabled, settings=.ini
GRAND PRIX | 0.0 km/h | Gear 1 | 0 rpm | Lap 1
Lap time 0.0 s | Last 0.0 s | Best 0.0 s
Circuit 851.3 m | Seed 7
Advanced physics: dt=0.23015010000000002 mass=798 inertia=1071.79 1118.46 91.2612 angular=0 0 0 controllerMass=798 root=0 0.42 0 mount=-0.81 0.0253547 -1.93793 rate=131077 damping=4176.83 travel=0.076
GRAND PRIX | 0.0 km/h | Gear 1 | 0 rpm | Lap 1
Lap time 2.0 s | Last 0.0 s | Best 0.0 s
Circuit 851.3 m | Seed 7
Advanced physics: dt=0.02081889999999964 mass=798 inertia=1071.79 1118.46 91.2612 angular=0 0 0 controllerMass=798 root=0 0.42 0 mount=-0.81 0.0253547 -1.93793 rate=131077 damping=4176.83 travel=0.076
WheelControllerBrush only supports the Brush tire model.
WheelControllerBrush only supports the Brush tire model.
WheelControllerBrush only supports the Brush tire model.
WheelControllerBrush only supports the Brush tire model.
GRAND PRIX | 0.7 km/h | Gear 1 | 4200 rpm | Lap 1
Lap time 4.1 s | Last 0.0 s | Best 0.0 s
Circuit 851.3 m | Seed 7
Advanced physics: dt=0.028611399999999954 mass=798 inertia=1071.79 1118.46 91.2612 angular=-0.00794715 8.92528e-16 -2.86772e-14 controllerMass=798 root=-4.37321e-16 0.403782 0.000658191 mount=-0.81 0.0253547 -1.93793 rate=131077 damping=4176.83 travel=0.076
Vehicle smoke phase 0: PASS position=-1.42877e-14 0.387058 0.000734313 speed=8.93163e-05 height range=0.036254 peak vertical speed=0.235672
Vehicle smoke: rendered vehicle hierarchy does not match its pose.
Vehicle smoke: rendered vehicle hierarchy does not match its pose.
TRACE ApplicationManager unload start
Conflicting catalog identity; insertion rejected.
Conflicting catalog identity; insertion rejected.
TRACE GameManager destructor body start
TRACE GameManager destructor body end
TRACE ApplicationManager game manager done
TRACE ApplicationManager physics manager done
TRACE ApplicationManager job queue done
TRACE ApplicationManager task manager done
TRACE ApplicationManager window done
TRACE ApplicationManager scene window done
TRACE ApplicationManager ui done
TRACE StateManager remove context begin 00000207F6F5CD70
TRACE StateManager context list size 46
TRACE StateManager context erase complete
TRACE StateContext unload start 00000207F6F5CD70 state 7
TRACE StateContext queues snapshotted 15
TRACE StateContext queue 0 00000207EF2259F0 start
TRACE StateContext queue 0 messages 0
TRACE StateContext queue 0 messages clear start
TRACE StateContext queue 0 messages clear end
TRACE StateContext queue 0 complete
TRACE StateContext queue 1 00000207EF225B10 start
TRACE StateContext queue 1 messages 0
TRACE StateContext queue 1 messages clear start
TRACE StateContext queue 1 messages clear end
TRACE StateContext queue 1 complete
TRACE StateContext queue 2 00000207EF225C30 start
TRACE StateContext queue 2 messages 0
TRACE StateContext queue 2 messages clear start
TRACE StateContext queue 2 messages clear end
TRACE StateContext queue 2 complete
TRACE StateContext queue 3 00000207EF225D50 start
TRACE StateContext queue 3 messages 0
TRACE StateContext queue 3 messages clear start
TRACE StateContext queue 3 messages clear end
TRACE StateContext queue 3 complete
TRACE StateContext queue 4 00000207EF225E70 start
TRACE StateContext queue 4 messages 0
TRACE StateContext queue 4 messages clear start
TRACE StateContext queue 4 messages clear end
TRACE StateContext queue 4 complete
TRACE StateContext queue 5 00000207EF225F90 start
TRACE StateContext queue 5 messages 0
TRACE StateContext queue 5 messages clear start
TRACE StateContext queue 5 messages clear end
TRACE StateContext queue 5 complete
TRACE StateContext queue 6 00000207EF2260B0 start
TRACE StateContext queue 6 messages 0
TRACE StateContext queue 6 messages clear start
TRACE StateContext queue 6 messages clear end
TRACE StateContext queue 6 complete
TRACE StateContext queue 7 00000207EF2261D0 start
TRACE StateContext queue 7 messages 0
TRACE StateContext queue 7 messages clear start
TRACE StateContext queue 7 messages clear end
TRACE StateContext queue 7 complete
TRACE StateContext queue 8 00000207EF2262F0 start
TRACE StateContext queue 8 messages 0
TRACE StateContext queue 8 messages clear start
TRACE StateContext queue 8 messages clear end
TRACE StateContext queue 8 complete
TRACE StateContext queue 9 00000207EF226410 start
TRACE StateContext queue 9 messages 0
TRACE StateContext queue 9 messages clear start
TRACE StateContext queue 9 messages clear end
TRACE StateContext queue 9 complete
TRACE StateContext queue 10 00000207EF22D170 start
TRACE StateContext queue 10 messages 0
TRACE StateContext queue 10 messages clear start
TRACE StateContext queue 10 messages clear end
TRACE StateContext queue 10 complete
TRACE StateContext queue 11 00000207EF22D290 start
TRACE StateContext queue 11 messages 0
TRACE StateContext queue 11 messages clear start
TRACE StateContext queue 11 messages clear end
TRACE StateContext queue 11 complete
TRACE StateContext queue 12 00000207EF22D3B0 start
TRACE StateContext queue 12 messages 0
TRACE StateContext queue 12 messages clear start
TRACE StateContext queue 12 messages clear end
TRACE StateContext queue 12 complete
TRACE StateContext queue 13 00000207EF22D4D0 start
TRACE StateContext queue 13 messages 0
TRACE StateContext queue 13 messages clear start
TRACE StateContext queue 13 messages clear end
TRACE StateContext queue 13 complete
TRACE StateContext queue 14 00000207EF22D5F0 start
TRACE StateContext queue 14 messages 0
TRACE StateContext queue 14 messages clear start
TRACE StateContext queue 14 messages clear end
TRACE StateContext queue 14 complete
TRACE StateContext all queues drained
TRACE StateContext states snapshotted 2
TRACE StateContext states cleared
TRACE StateContext queues cleared
TRACE StateContext shared listener cleared
TRACE StateContext unload end 00000207F6F5CD70
TRACE StateManager remove context begin 00000207F6F5CE40
TRACE StateManager context list size 45
TRACE StateManager context erase complete
TRACE StateContext unload start 00000207F6F5CE40 state 7
TRACE StateContext queues snapshotted 15
TRACE StateContext queue 0 00000207EF22D710 start
TRACE StateContext queue 0 messages 0
TRACE StateContext queue 0 messages clear start
TRACE StateContext queue 0 messages clear end
TRACE StateContext queue 0 complete
TRACE StateContext queue 1 00000207EF22D830 start
TRACE StateContext queue 1 messages 0
TRACE StateContext queue 1 messages clear start
TRACE StateContext queue 1 messages clear end
TRACE StateContext queue 1 complete
TRACE StateContext queue 2 00000207EF22D950 start
TRACE StateContext queue 2 messages 0
TRACE StateContext queue 2 messages clear start
TRACE StateContext queue 2 messages clear end
TRACE StateContext queue 2 complete
TRACE StateContext queue 3 00000207EF22DA70 start
TRACE StateContext queue 3 messages 0
TRACE StateContext queue 3 messages clear start
TRACE StateContext queue 3 messages clear end
TRACE StateContext queue 3 complete
TRACE StateContext queue 4 00000207EF22DB90 start
TRACE StateContext queue 4 messages 0
TRACE StateContext queue 4 messages clear start
TRACE StateContext queue 4 messages clear end
TRACE StateContext queue 4 complete
TRACE StateContext queue 5 00000207EF22DCB0 start
TRACE StateContext queue 5 messages 0
TRACE StateContext queue 5 messages clear start
TRACE StateContext queue 5 messages clear end
TRACE StateContext queue 5 complete
TRACE StateContext queue 6 00000207EF22DDD0 start
TRACE StateContext queue 6 messages 0
TRACE StateContext queue 6 messages clear start
TRACE StateContext queue 6 messages clear end
TRACE StateContext queue 6 complete
TRACE StateContext queue 7 00000207EF22DEF0 start
TRACE StateContext queue 7 messages 0
TRACE StateContext queue 7 messages clear start
TRACE StateContext queue 7 messages clear end
TRACE StateContext queue 7 complete
TRACE StateContext queue 8 00000207EF22E010 start
TRACE StateContext queue 8 messages 0
TRACE StateContext queue 8 messages clear start
TRACE StateContext queue 8 messages clear end
TRACE StateContext queue 8 complete
TRACE StateContext queue 9 00000207EF22E130 start
TRACE StateContext queue 9 messages 0
TRACE StateContext queue 9 messages clear start
TRACE StateContext queue 9 messages clear end
TRACE StateContext queue 9 complete
TRACE StateContext queue 10 00000207EF22E250 start
TRACE StateContext queue 10 messages 0
TRACE StateContext queue 10 messages clear start
TRACE StateContext queue 10 messages clear end
TRACE StateContext queue 10 complete
TRACE StateContext queue 11 00000207EF22E370 start
TRACE StateContext queue 11 messages 0
TRACE StateContext queue 11 messages clear start
TRACE StateContext queue 11 messages clear end
TRACE StateContext queue 11 complete
TRACE StateContext queue 12 00000207EF22E490 start
TRACE StateContext queue 12 messages 0
TRACE StateContext queue 12 messages clear start
TRACE StateContext queue 12 messages clear end
TRACE StateContext queue 12 complete
TRACE StateContext queue 13 00000207EF22E5B0 start
TRACE StateContext queue 13 messages 0
TRACE StateContext queue 13 messages clear start
TRACE StateContext queue 13 messages clear end
TRACE StateContext queue 13 complete
TRACE StateContext queue 14 00000207EF22E6D0 start
TRACE StateContext queue 14 messages 0
TRACE StateContext queue 14 messages clear start
TRACE StateContext queue 14 messages clear end
TRACE StateContext queue 14 complete
TRACE StateContext all queues drained
TRACE StateContext states snapshotted 2
TRACE StateContext states cleared
TRACE StateContext queues cleared
TRACE StateContext shared listener cleared
TRACE StateContext unload end 00000207F6F5CE40
TRACE StateManager remove context begin 00000207F6F5CF10
TRACE StateManager context list size 44
TRACE StateManager context erase complete
TRACE StateContext unload start 00000207F6F5CF10 state 7
TRACE StateContext queues snapshotted 15
TRACE StateContext queue 0 00000207EF22E7F0 start
TRACE StateContext queue 0 messages 0
TRACE StateContext queue 0 messages clear start
TRACE StateContext queue 0 messages clear end
TRACE StateContext queue 0 complete
TRACE StateContext queue 1 00000207EF22E910 start
TRACE StateContext queue 1 messages 0
TRACE StateContext queue 1 messages clear start
TRACE StateContext queue 1 messages clear end
TRACE StateContext queue 1 complete
TRACE StateContext queue 2 00000207EF22EA30 start
TRACE StateContext queue 2 messages 0
TRACE StateContext queue 2 messages clear start
TRACE StateContext queue 2 messages clear end
TRACE StateContext queue 2 complete
TRACE StateContext queue 3 00000207EF22EB50 start
TRACE StateContext queue 3 messages 0
TRACE StateContext queue 3 messages clear start
TRACE StateContext queue 3 messages clear end
TRACE StateContext queue 3 complete
TRACE StateContext queue 4 00000207EF22EC70 start
TRACE StateContext queue 4 messages 0
TRACE StateContext queue 4 messages clear start
TRACE StateContext queue 4 messages clear end
TRACE StateContext queue 4 complete
TRACE StateContext queue 5 00000207EF22ED90 start
TRACE StateContext queue 5 messages 0
TRACE StateContext queue 5 messages clear start
TRACE StateContext queue 5 messages clear end
TRACE StateContext queue 5 complete
TRACE StateContext queue 6 00000207EF22EEB0 start
TRACE StateContext queue 6 messages 0
TRACE StateContext queue 6 messages clear start
TRACE StateContext queue 6 messages clear end
TRACE StateContext queue 6 complete
TRACE StateContext queue 7 00000207EF22EFD0 start
TRACE StateContext queue 7 messages 0
TRACE StateContext queue 7 messages clear start
TRACE StateContext queue 7 messages clear end
TRACE StateContext queue 7 complete
TRACE StateContext queue 8 00000207EF22F0F0 start
TRACE StateContext queue 8 messages 0
TRACE StateContext queue 8 messages clear start
TRACE StateContext queue 8 messages clear end
TRACE StateContext queue 8 complete
TRACE StateContext queue 9 00000207EF22F210 start
TRACE StateContext queue 9 messages 0
TRACE StateContext queue 9 messages clear start
TRACE StateContext queue 9 messages clear end
TRACE StateContext queue 9 complete
TRACE StateContext queue 10 00000207EF22F330 start
TRACE StateContext queue 10 messages 0
TRACE StateContext queue 10 messages clear start
TRACE StateContext queue 10 messages clear end
TRACE StateContext queue 10 complete
TRACE StateContext queue 11 00000207EF22F450 start
TRACE StateContext queue 11 messages 0
TRACE StateContext queue 11 messages clear start
TRACE StateContext queue 11 messages clear end
TRACE StateContext queue 11 complete
TRACE StateContext queue 12 0000020840CF9240 start
TRACE StateContext queue 12 messages 0
TRACE StateContext queue 12 messages clear start
TRACE StateContext queue 12 messages clear end
TRACE StateContext queue 12 complete
TRACE StateContext queue 13 0000020840CF9360 start
TRACE StateContext queue 13 messages 0
TRACE StateContext queue 13 messages clear start
TRACE StateContext queue 13 messages clear end
TRACE StateContext queue 13 complete
TRACE StateContext queue 14 0000020840CF9480 start
TRACE StateContext queue 14 messages 0
TRACE StateContext queue 14 messages clear start
TRACE StateContext queue 14 messages clear end
TRACE StateContext queue 14 complete
TRACE StateContext all queues drained
TRACE StateContext states snapshotted 2
TRACE StateContext states cleared
TRACE StateContext queues cleared
TRACE StateContext shared listener cleared
TRACE StateContext unload end 00000207F6F5CF10
TRACE StateContext unload start 00000207F6F5CF10 state 5
TRACE StateManager remove context begin 00000207F6F5CFE0
TRACE StateManager context list size 43
TRACE StateManager context erase complete
TRACE StateContext unload start 00000207F6F5CFE0 state 7
TRACE StateContext queues snapshotted 15
TRACE StateContext queue 0 0000020840CF95A0 start
TRACE StateContext queue 0 messages 0
TRACE StateContext queue 0 messages clear start
TRACE StateContext queue 0 messages clear end
TRACE StateContext queue 0 complete
TRACE StateContext queue 1 0000020840CF96C0 start
TRACE StateContext queue 1 messages 0
TRACE StateContext queue 1 messages clear start
TRACE StateContext queue 1 messages clear end
TRACE StateContext queue 1 complete
TRACE StateContext queue 2 0000020840CF97E0 start
TRACE StateContext queue 2 messages 0
TRACE StateContext queue 2 messages clear start
TRACE StateContext queue 2 messages clear end
TRACE StateContext queue 2 complete
TRACE StateContext queue 3 0000020840CF9900 start
TRACE StateContext queue 3 messages 0
TRACE StateContext queue 3 messages clear start
TRACE StateContext queue 3 messages clear end
TRACE StateContext queue 3 complete
TRACE StateContext queue 4 0000020840CF9A20 start
TRACE StateContext queue 4 messages 0
TRACE StateContext queue 4 messages clear start
TRACE StateContext queue 4 messages clear end
TRACE StateContext queue 4 complete
TRACE StateContext queue 5 0000020840CF9B40 start
TRACE StateContext queue 5 messages 0
TRACE StateContext queue 5 messages clear start
TRACE StateContext queue 5 messages clear end
TRACE StateContext queue 5 complete
TRACE StateContext queue 6 0000020840CF9C60 start
TRACE StateContext queue 6 messages 0
TRACE StateContext queue 6 messages clear start
TRACE StateContext queue 6 messages clear end
TRACE StateContext queue 6 complete
TRACE StateContext queue 7 0000020840CF9D80 start
TRACE StateContext queue 7 messages 0
TRACE StateContext queue 7 messages clear start
TRACE StateContext queue 7 messages clear end
TRACE StateContext queue 7 complete
TRACE StateContext queue 8 0000020840CF9EA0 start
TRACE StateContext queue 8 messages 0
TRACE StateContext queue 8 messages clear start
TRACE StateContext queue 8 messages clear end
TRACE StateContext queue 8 complete
TRACE StateContext queue 9 0000020840CF9FC0 start
TRACE StateContext queue 9 messages 0
TRACE StateContext queue 9 messages clear start
TRACE StateContext queue 9 messages clear end
TRACE StateContext queue 9 complete
TRACE StateContext queue 10 0000020840CFA0E0 start
TRACE StateContext queue 10 messages 0
TRACE StateContext queue 10 messages clear start
TRACE StateContext queue 10 messages clear end
TRACE StateContext queue 10 complete
TRACE StateContext queue 11 0000020840CFA200 start
TRACE StateContext queue 11 messages 0
TRACE StateContext queue 11 messages clear start
TRACE StateContext queue 11 messages clear end
TRACE StateContext queue 11 complete
TRACE StateContext queue 12 0000020840CFA320 start
TRACE StateContext queue 12 messages 0
TRACE StateContext queue 12 messages clear start
TRACE StateContext queue 12 messages clear end
TRACE StateContext queue 12 complete
TRACE StateContext queue 13 0000020840CFA440 start
TRACE StateContext queue 13 messages 0
TRACE StateContext queue 13 messages clear start
TRACE StateContext queue 13 messages clear end
TRACE StateContext queue 13 complete
TRACE StateContext queue 14 0000020840CFA560 start
TRACE StateContext queue 14 messages 0
TRACE StateContext queue 14 messages clear start
TRACE StateContext queue 14 messages clear end
TRACE StateContext queue 14 complete
TRACE StateContext all queues drained
TRACE StateContext states snapshotted 2
TRACE StateContext states cleared
TRACE StateContext queues cleared
TRACE StateContext shared listener cleared
TRACE StateContext unload end 00000207F6F5CFE0
TRACE StateContext unload start 00000207F6F5CFE0 state 5
TRACE StateManager remove context begin 00000207F6F5D0B0
TRACE StateManager context list size 42
TRACE StateManager context erase complete
TRACE StateContext unload start 00000207F6F5D0B0 state 7
TRACE StateContext queues snapshotted 15
TRACE StateContext queue 0 0000020840CFA680 start
TRACE StateContext queue 0 messages 0
TRACE StateContext queue 0 messages clear start
TRACE StateContext queue 0 messages clear end
TRACE StateContext queue 0 complete
TRACE StateContext queue 1 0000020840CFA7A0 start
TRACE StateContext queue 1 messages 0
TRACE StateContext queue 1 messages clear start
TRACE StateContext queue 1 messages clear end
TRACE StateContext queue 1 complete
TRACE StateContext queue 2 0000020840CFA8C0 start
TRACE StateContext queue 2 messages 0
TRACE StateContext queue 2 messages clear start
TRACE StateContext queue 2 messages clear end
TRACE StateContext queue 2 complete
TRACE StateContext queue 3 0000020840CFA9E0 start
TRACE StateContext queue 3 messages 0
TRACE StateContext queue 3 messages clear start
TRACE StateContext queue 3 messages clear end
TRACE StateContext queue 3 complete
TRACE StateContext queue 4 0000020840CFAB00 start
TRACE StateContext queue 4 messages 0
TRACE StateContext queue 4 messages clear start
TRACE StateContext queue 4 messages clear end
TRACE StateContext queue 4 complete
TRACE StateContext queue 5 0000020840CFAC20 start
TRACE StateContext queue 5 messages 0
TRACE StateContext queue 5 messages clear start
TRACE StateContext queue 5 messages clear end
TRACE StateContext queue 5 complete
TRACE StateContext queue 6 0000020840CFAD40 start
TRACE StateContext queue 6 messages 0
TRACE StateContext queue 6 messages clear start
TRACE StateContext queue 6 messages clear end
TRACE StateContext queue 6 complete
TRACE StateContext queue 7 0000020840CFAE60 start
TRACE StateContext queue 7 messages 0
TRACE StateContext queue 7 messages clear start
TRACE StateContext queue 7 messages clear end
TRACE StateContext queue 7 complete
TRACE StateContext queue 8 0000020840CFAF80 start
TRACE StateContext queue 8 messages 0
TRACE StateContext queue 8 messages clear start
TRACE StateContext queue 8 messages clear end
TRACE StateContext queue 8 complete
TRACE StateContext queue 9 0000020840CFB0A0 start
TRACE StateContext queue 9 messages 0
TRACE StateContext queue 9 messages clear start
TRACE StateContext queue 9 messages clear end
TRACE StateContext queue 9 complete
TRACE StateContext queue 10 0000020840CFB1C0 start
TRACE StateContext queue 10 messages 0
TRACE StateContext queue 10 messages clear start
TRACE StateContext queue 10 messages clear end
TRACE StateContext queue 10 complete
TRACE StateContext queue 11 0000020840CFB2E0 start
TRACE StateContext queue 11 messages 0
TRACE StateContext queue 11 messages clear start
TRACE StateContext queue 11 messages clear end
TRACE StateContext queue 11 complete
TRACE StateContext queue 12 0000020840CFB400 start
TRACE StateContext queue 12 messages 0
TRACE StateContext queue 12 messages clear start
TRACE StateContext queue 12 messages clear end
TRACE StateContext queue 12 complete
TRACE StateContext queue 13 0000020840CFB520 start
TRACE StateContext queue 13 messages 0
TRACE StateContext queue 13 messages clear start
TRACE StateContext queue 13 messages clear end
TRACE StateContext queue 13 complete
TRACE StateContext queue 14 0000020840CFDA60 start
TRACE StateContext queue 14 messages 0
TRACE StateContext queue 14 messages clear start
TRACE StateContext queue 14 messages clear end
TRACE StateContext queue 14 complete
TRACE StateContext all queues drained
TRACE StateContext states snapshotted 2
TRACE StateContext states cleared
TRACE StateContext queues cleared
TRACE StateContext shared listener cleared
TRACE StateContext unload end 00000207F6F5D0B0
TRACE StateContext unload start 00000207F6F5D0B0 state 5
TRACE ApplicationManager render ui done
TRACE ApplicationManager package manager done
TRACE ApplicationManager network manager done
TRACE ApplicationManager camera manager done
TRACE ApplicationManager video manager done
TRACE ApplicationManager ai manager done
TRACE ApplicationManager mesh loader done
TRACE ApplicationManager input done
TRACE ApplicationManager input device manager done
TRACE ApplicationManager selection manager done
TRACE ApplicationManager database done
TRACE ApplicationManager procedural manager done
TRACE ApplicationManager command manager done
TRACE ApplicationManager resource database done
TRACE ApplicationManager resource manager done
TRACE ApplicationManager process manager done
TRACE ApplicationManager mesh manager done
TRACE ApplicationManager vehicle manager done
TRACE ApplicationManager physics2 manager done
TRACE ApplicationManager sound manager done
Unloading Debug
TRACE StateManager remove context begin 00000207F4B9CB80
TRACE StateManager context list size 41
TRACE StateManager context erase complete
TRACE StateContext unload start 00000207F4B9CB80 state 7
TRACE StateContext queues snapshotted 15
TRACE StateContext queue 0 00000207F4BA7860 start
TRACE StateContext queue 0 messages 0
TRACE StateContext queue 0 messages clear start
TRACE StateContext queue 0 messages clear end
TRACE StateContext queue 0 complete
TRACE StateContext queue 1 00000207F4BA7980 start
TRACE StateContext queue 1 messages 0
TRACE StateContext queue 1 messages clear start
TRACE StateContext queue 1 messages clear end
TRACE StateContext queue 1 complete
TRACE StateContext queue 2 00000207F4BA7AA0 start
TRACE StateContext queue 2 messages 0
TRACE StateContext queue 2 messages clear start
TRACE StateContext queue 2 messages clear end
TRACE StateContext queue 2 complete
TRACE StateContext queue 3 00000207F4BA7BC0 start
TRACE StateContext queue 3 messages 0
TRACE StateContext queue 3 messages clear start
TRACE StateContext queue 3 messages clear end
TRACE StateContext queue 3 complete
TRACE StateContext queue 4 00000207F4BA7CE0 start
TRACE StateContext queue 4 messages 0
TRACE StateContext queue 4 messages clear start
TRACE StateContext queue 4 messages clear end
TRACE StateContext queue 4 complete
TRACE StateContext queue 5 00000207F4BA7E00 start
TRACE StateContext queue 5 messages 0
TRACE StateContext queue 5 messages clear start
TRACE StateContext queue 5 messages clear end
TRACE StateContext queue 5 complete
TRACE StateContext queue 6 00000207F4BA7F20 start
TRACE StateContext queue 6 messages 0
TRACE StateContext queue 6 messages clear start
TRACE StateContext queue 6 messages clear end
TRACE StateContext queue 6 complete
TRACE StateContext queue 7 00000207F4BA8040 start
TRACE StateContext queue 7 messages 0
TRACE StateContext queue 7 messages clear start
TRACE StateContext queue 7 messages clear end
TRACE StateContext queue 7 complete
TRACE StateContext queue 8 00000207F4BA8160 start
TRACE StateContext queue 8 messages 0
TRACE StateContext queue 8 messages clear start
TRACE StateContext queue 8 messages clear end
TRACE StateContext queue 8 complete
TRACE StateContext queue 9 00000207F4BA8280 start
TRACE StateContext queue 9 messages 0
TRACE StateContext queue 9 messages clear start
TRACE StateContext queue 9 messages clear end
TRACE StateContext queue 9 complete
TRACE StateContext queue 10 00000207F4BA83A0 start
TRACE StateContext queue 10 messages 0
TRACE StateContext queue 10 messages clear start
TRACE StateContext queue 10 messages clear end
TRACE StateContext queue 10 complete
TRACE StateContext queue 11 00000207F4BA84C0 start
TRACE StateContext queue 11 messages 0
TRACE StateContext queue 11 messages clear start
TRACE StateContext queue 11 messages clear end
TRACE StateContext queue 11 complete
TRACE StateContext queue 12 00000207F4BA85E0 start
TRACE StateContext queue 12 messages 0
TRACE StateContext queue 12 messages clear start
TRACE StateContext queue 12 messages clear end
TRACE StateContext queue 12 complete
TRACE StateContext queue 13 00000207F4BA8700 start
TRACE StateContext queue 13 messages 0
TRACE StateContext queue 13 messages clear start
TRACE StateContext queue 13 messages clear end
TRACE StateContext queue 13 complete
TRACE StateContext queue 14 00000207F4BA8820 start
TRACE StateContext queue 14 messages 0
TRACE StateContext queue 14 messages clear start
TRACE StateContext queue 14 messages clear end
TRACE StateContext queue 14 complete
TRACE StateContext all queues drained
TRACE StateContext states snapshotted 0
TRACE StateContext states cleared
TRACE StateContext queues cleared
TRACE StateContext shared listener cleared
TRACE StateContext unload end 00000207F4B9CB80
TRACE StateContext unload start 00000207F4B9CB80 state 5
GraphicsPipeline: Shutdown complete
GraphicsPipeline: Destructor called
TRACE base GraphicsScene unload start 00000207F89B7BD0
TRACE base GraphicsScene clear done
TRACE base GraphicsScene state cleanup start
TRACE base GraphicsScene node context 00000207F4B9CEC0
TRACE base GraphicsScene node listener removed
TRACE StateManager remove context begin 00000207F4B9CEC0
TRACE StateManager context list size 40
TRACE StateManager context erase complete
TRACE StateContext unload start 00000207F4B9CEC0 state 7
TRACE StateContext queues snapshotted 15
TRACE StateContext queue 0 00000207F899E920 start
TRACE StateContext queue 0 messages 0
TRACE StateContext queue 0 messages clear start
TRACE StateContext queue 0 messages clear end
TRACE StateContext queue 0 complete
TRACE StateContext queue 1 00000207F899EA40 start
TRACE StateContext queue 1 messages 0
TRACE StateContext queue 1 messages clear start
TRACE StateContext queue 1 messages clear end
TRACE StateContext queue 1 complete
TRACE StateContext queue 2 00000207F899EB60 start
TRACE StateContext queue 2 messages 0
TRACE StateContext queue 2 messages clear start
TRACE StateContext queue 2 messages clear end
TRACE StateContext queue 2 complete
TRACE StateContext queue 3 00000207F899EC80 start
TRACE StateContext queue 3 messages 0
TRACE StateContext queue 3 messages clear start
TRACE StateContext queue 3 messages clear end
TRACE StateContext queue 3 complete
TRACE StateContext queue 4 00000207F899EDA0 start
TRACE StateContext queue 4 messages 0
TRACE StateContext queue 4 messages clear start
TRACE StateContext queue 4 messages clear end
TRACE StateContext queue 4 complete
TRACE StateContext queue 5 00000207F899EEC0 start
TRACE StateContext queue 5 messages 0
TRACE StateContext queue 5 messages clear start
TRACE StateContext queue 5 messages clear end
TRACE StateContext queue 5 complete
TRACE StateContext queue 6 00000207F899EFE0 start
TRACE StateContext queue 6 messages 0
TRACE StateContext queue 6 messages clear start
TRACE StateContext queue 6 messages clear end
TRACE StateContext queue 6 complete
TRACE StateContext queue 7 00000207F899F100 start
TRACE StateContext queue 7 messages 0
TRACE StateContext queue 7 messages clear start
TRACE StateContext queue 7 messages clear end
TRACE StateContext queue 7 complete
TRACE StateContext queue 8 00000207F899F220 start
TRACE StateContext queue 8 messages 0
TRACE StateContext queue 8 messages clear start
TRACE StateContext queue 8 messages clear end
TRACE StateContext queue 8 complete
TRACE StateContext queue 9 00000207F899F340 start
TRACE StateContext queue 9 messages 0
TRACE StateContext queue 9 messages clear start
TRACE StateContext queue 9 messages clear end
TRACE StateContext queue 9 complete
TRACE StateContext queue 10 00000207F899F460 start
TRACE StateContext queue 10 messages 0
TRACE StateContext queue 10 messages clear start
TRACE StateContext queue 10 messages clear end
TRACE StateContext queue 10 complete
TRACE StateContext queue 11 00000207F899F580 start
TRACE StateContext queue 11 messages 0
TRACE StateContext queue 11 messages clear start
TRACE StateContext queue 11 messages clear end
TRACE StateContext queue 11 complete
TRACE StateContext queue 12 00000207F899F6A0 start
TRACE StateContext queue 12 messages 0
TRACE StateContext queue 12 messages clear start
TRACE StateContext queue 12 messages clear end
TRACE StateContext queue 12 complete
TRACE StateContext queue 13 00000207F899F7C0 start
TRACE StateContext queue 13 messages 0
TRACE StateContext queue 13 messages clear start
TRACE StateContext queue 13 messages clear end
TRACE StateContext queue 13 complete
TRACE StateContext queue 14 00000207F899F8E0 start
TRACE StateContext queue 14 messages 0
TRACE StateContext queue 14 messages clear start
TRACE StateContext queue 14 messages clear end
TRACE StateContext queue 14 complete
TRACE StateContext all queues drained
TRACE StateContext states snapshotted 0
TRACE StateContext states cleared
TRACE StateContext queues cleared
TRACE StateContext shared listener cleared
TRACE StateContext unload end 00000207F4B9CEC0
TRACE base GraphicsScene node context removed
TRACE base GraphicsScene node context owner cleared
TRACE base GraphicsScene scene-node context done
TRACE StateManager remove context begin 00000207F4B9D060
TRACE StateManager context list size 39
TRACE StateManager context erase complete
TRACE StateContext unload start 00000207F4B9D060 state 7
TRACE StateContext queues snapshotted 15
TRACE StateContext queue 0 00000207F89A0AF0 start
TRACE StateContext queue 0 messages 0
TRACE StateContext queue 0 messages clear start
TRACE StateContext queue 0 messages clear end
TRACE StateContext queue 0 complete
TRACE StateContext queue 1 00000207F89A0C10 start
TRACE StateContext queue 1 messages 0
TRACE StateContext queue 1 messages clear start
TRACE StateContext queue 1 messages clear end
TRACE StateContext queue 1 complete
TRACE StateContext queue 2 00000207F89A0D30 start
TRACE StateContext queue 2 messages 0
TRACE StateContext queue 2 messages clear start
TRACE StateContext queue 2 messages clear end
TRACE StateContext queue 2 complete
TRACE StateContext queue 3 00000207F89A0E50 start
TRACE StateContext queue 3 messages 0
TRACE StateContext queue 3 messages clear start
TRACE StateContext queue 3 messages clear end
TRACE StateContext queue 3 complete
TRACE StateContext queue 4 00000207F89A0F70 start
TRACE StateContext queue 4 messages 0
TRACE StateContext queue 4 messages clear start
TRACE StateContext queue 4 messages clear end
TRACE StateContext queue 4 complete
TRACE StateContext queue 5 00000207F89A1090 start
TRACE StateContext queue 5 messages 0
TRACE StateContext queue 5 messages clear start
TRACE StateContext queue 5 messages clear end
TRACE StateContext queue 5 complete
TRACE StateContext queue 6 00000207F89A11B0 start
TRACE StateContext queue 6 messages 0
TRACE StateContext queue 6 messages clear start
TRACE StateContext queue 6 messages clear end
TRACE StateContext queue 6 complete
TRACE StateContext queue 7 00000207F89A12D0 start
TRACE StateContext queue 7 messages 0
TRACE StateContext queue 7 messages clear start
TRACE StateContext queue 7 messages clear end
TRACE StateContext queue 7 complete
TRACE StateContext queue 8 00000207F89A13F0 start
TRACE StateContext queue 8 messages 0
TRACE StateContext queue 8 messages clear start
TRACE StateContext queue 8 messages clear end
TRACE StateContext queue 8 complete
TRACE StateContext queue 9 00000207F89A1510 start
TRACE StateContext queue 9 messages 0
TRACE StateContext queue 9 messages clear start
TRACE StateContext queue 9 messages clear end
TRACE StateContext queue 9 complete
TRACE StateContext queue 10 00000207F89A1630 start
TRACE StateContext queue 10 messages 0
TRACE StateContext queue 10 messages clear start
TRACE StateContext queue 10 messages clear end
TRACE StateContext queue 10 complete
TRACE StateContext queue 11 00000207F89A1750 start
TRACE StateContext queue 11 messages 0
TRACE StateContext queue 11 messages clear start
TRACE StateContext queue 11 messages clear end
TRACE StateContext queue 11 complete
TRACE StateContext queue 12 00000207F89A1870 start
TRACE StateContext queue 12 messages 0
TRACE StateContext queue 12 messages clear start
TRACE StateContext queue 12 messages clear end
TRACE StateContext queue 12 complete
TRACE StateContext queue 13 00000207F89A1990 start
TRACE StateContext queue 13 messages 0
TRACE StateContext queue 13 messages clear start
TRACE StateContext queue 13 messages clear end
TRACE StateContext queue 13 complete
TRACE StateContext queue 14 00000207F89A1AB0 start
TRACE StateContext queue 14 messages 0
TRACE StateContext queue 14 messages clear start
TRACE StateContext queue 14 messages clear end
TRACE StateContext queue 14 complete
TRACE StateContext all queues drained
TRACE StateContext states snapshotted 0
TRACE StateContext states cleared
TRACE StateContext queues cleared
TRACE StateContext shared listener cleared
TRACE StateContext unload end 00000207F4B9D060
TRACE StateManager remove context begin 00000207F4B9CF90
TRACE StateManager context list size 38
TRACE StateManager context erase complete
TRACE StateContext unload start 00000207F4B9CF90 state 7
TRACE StateContext queues snapshotted 15
TRACE StateContext queue 0 00000207F899FA00 start
TRACE StateContext queue 0 messages 0
TRACE StateContext queue 0 messages clear start
TRACE StateContext queue 0 messages clear end
TRACE StateContext queue 0 complete
TRACE StateContext queue 1 00000207F899FB20 start
TRACE StateContext queue 1 messages 0
TRACE StateContext queue 1 messages clear start
TRACE StateContext queue 1 messages clear end
TRACE StateContext queue 1 complete
TRACE StateContext queue 2 00000207F899FC40 start
TRACE StateContext queue 2 messages 0
TRACE StateContext queue 2 messages clear start
TRACE StateContext queue 2 messages clear end
TRACE StateContext queue 2 complete
TRACE StateContext queue 3 00000207F899FD60 start
TRACE StateContext queue 3 messages 0
TRACE StateContext queue 3 messages clear start
TRACE StateContext queue 3 messages clear end
TRACE StateContext queue 3 complete
TRACE StateContext queue 4 00000207F899FE80 start
TRACE StateContext queue 4 messages 0
TRACE StateContext queue 4 messages clear start
TRACE StateContext queue 4 messages clear end
TRACE StateContext queue 4 complete
TRACE StateContext queue 5 00000207F899FFA0 start
TRACE StateContext queue 5 messages 0
TRACE StateContext queue 5 messages clear start
TRACE StateContext queue 5 messages clear end
TRACE StateContext queue 5 complete
TRACE StateContext queue 6 00000207F89A00D0 start
TRACE StateContext queue 6 messages 0
TRACE StateContext queue 6 messages clear start
TRACE StateContext queue 6 messages clear end
TRACE StateContext queue 6 complete
TRACE StateContext queue 7 00000207F89A01F0 start
TRACE StateContext queue 7 messages 0
TRACE StateContext queue 7 messages clear start
TRACE StateContext queue 7 messages clear end
TRACE StateContext queue 7 complete
TRACE StateContext queue 8 00000207F89A0310 start
TRACE StateContext queue 8 messages 0
TRACE StateContext queue 8 messages clear start
TRACE StateContext queue 8 messages clear end
TRACE StateContext queue 8 complete
TRACE StateContext queue 9 00000207F89A0430 start
TRACE StateContext queue 9 messages 0
TRACE StateContext queue 9 messages clear start
TRACE StateContext queue 9 messages clear end
TRACE StateContext queue 9 complete
TRACE StateContext queue 10 00000207F89A0550 start
TRACE StateContext queue 10 messages 0
TRACE StateContext queue 10 messages clear start
TRACE StateContext queue 10 messages clear end
TRACE StateContext queue 10 complete
TRACE StateContext queue 11 00000207F89A0670 start
TRACE StateContext queue 11 messages 0
TRACE StateContext queue 11 messages clear start
TRACE StateContext queue 11 messages clear end
TRACE StateContext queue 11 complete
TRACE StateContext queue 12 00000207F89A0790 start
TRACE StateContext queue 12 messages 0
TRACE StateContext queue 12 messages clear start
TRACE StateContext queue 12 messages clear end
TRACE StateContext queue 12 complete
TRACE StateContext queue 13 00000207F89A08B0 start
TRACE StateContext queue 13 messages 0
TRACE StateContext queue 13 messages clear start
TRACE StateContext queue 13 messages clear end
TRACE StateContext queue 13 complete
TRACE StateContext queue 14 00000207F89A09D0 start
TRACE StateContext queue 14 messages 0
TRACE StateContext queue 14 messages clear start
TRACE StateContext queue 14 messages clear end
TRACE StateContext queue 14 complete
TRACE StateContext all queues drained
TRACE StateContext states snapshotted 0
TRACE StateContext states cleared
TRACE StateContext queues cleared
TRACE StateContext shared listener cleared
TRACE StateContext unload end 00000207F4B9CF90
TRACE StateManager remove context begin 00000207F4B9D130
TRACE StateManager context list size 37
TRACE StateManager context erase complete
TRACE StateContext unload start 00000207F4B9D130 state 7
TRACE StateContext queues snapshotted 15
TRACE StateContext queue 0 00000207F89A1BD0 start
TRACE StateContext queue 0 messages 0
TRACE StateContext queue 0 messages clear start
TRACE StateContext queue 0 messages clear end
TRACE StateContext queue 0 complete
TRACE StateContext queue 1 00000207F89A1CF0 start
TRACE StateContext queue 1 messages 0
TRACE StateContext queue 1 messages clear start
TRACE StateContext queue 1 messages clear end
TRACE StateContext queue 1 complete
TRACE StateContext queue 2 00000207F89A1E10 start
TRACE StateContext queue 2 messages 0
TRACE StateContext queue 2 messages clear start
TRACE StateContext queue 2 messages clear end
TRACE StateContext queue 2 complete
TRACE StateContext queue 3 00000207F89A1F30 start
TRACE StateContext queue 3 messages 0
TRACE StateContext queue 3 messages clear start
TRACE StateContext queue 3 messages clear end
TRACE StateContext queue 3 complete
TRACE StateContext queue 4 00000207F89A2050 start
TRACE StateContext queue 4 messages 0
TRACE StateContext queue 4 messages clear start
TRACE StateContext queue 4 messages clear end
TRACE StateContext queue 4 complete
TRACE StateContext queue 5 00000207F89A2170 start
TRACE StateContext queue 5 messages 0
TRACE StateContext queue 5 messages clear start
TRACE StateContext queue 5 messages clear end
TRACE StateContext queue 5 complete
TRACE StateContext queue 6 00000207F89A2290 start
TRACE StateContext queue 6 messages 0
TRACE StateContext queue 6 messages clear start
TRACE StateContext queue 6 messages clear end
TRACE StateContext queue 6 complete
TRACE StateContext queue 7 00000207F89A23B0 start
TRACE StateContext queue 7 messages 0
TRACE StateContext queue 7 messages clear start
TRACE StateContext queue 7 messages clear end
TRACE StateContext queue 7 complete
TRACE StateContext queue 8 00000207F895B700 start
TRACE StateContext queue 8 messages 0
TRACE StateContext queue 8 messages clear start
TRACE StateContext queue 8 messages clear end
TRACE StateContext queue 8 complete
TRACE StateContext queue 9 00000207F895B820 start
TRACE StateContext queue 9 messages 0
TRACE StateContext queue 9 messages clear start
TRACE StateContext queue 9 messages clear end
TRACE StateContext queue 9 complete
TRACE StateContext queue 10 00000207F895B940 start
TRACE StateContext queue 10 messages 0
TRACE StateContext queue 10 messages clear start
TRACE StateContext queue 10 messages clear end
TRACE StateContext queue 10 complete
TRACE StateContext queue 11 00000207F895BA60 start
TRACE StateContext queue 11 messages 0
TRACE StateContext queue 11 messages clear start
TRACE StateContext queue 11 messages clear end
TRACE StateContext queue 11 complete
TRACE StateContext queue 12 00000207F895BB80 start
TRACE StateContext queue 12 messages 0
TRACE StateContext queue 12 messages clear start
TRACE StateContext queue 12 messages clear end
TRACE StateContext queue 12 complete
TRACE StateContext queue 13 00000207F895BCA0 start
TRACE StateContext queue 13 messages 0
TRACE StateContext queue 13 messages clear start
TRACE StateContext queue 13 messages clear end
TRACE StateContext queue 13 complete
TRACE StateContext queue 14 00000207F895BDC0 start
TRACE StateContext queue 14 messages 0
TRACE StateContext queue 14 messages clear start
TRACE StateContext queue 14 messages clear end
TRACE StateContext queue 14 complete
TRACE StateContext all queues drained
TRACE StateContext states snapshotted 0
TRACE StateContext states cleared
TRACE StateContext queues cleared
TRACE StateContext shared listener cleared
TRACE StateContext unload end 00000207F4B9D130
TRACE base GraphicsScene object contexts done
TRACE StateContext unload start 00000207F4B9D060 state 5
TRACE StateContext unload start 00000207F4B9CF90 state 5
TRACE StateContext unload start 00000207F4B9D130 state 5
TRACE StateManager remove context begin 00000207F4B9CDF0
TRACE StateManager context list size 36
TRACE StateManager context erase complete
TRACE StateContext unload start 00000207F4B9CDF0 state 7
TRACE StateContext queues snapshotted 15
TRACE StateContext queue 0 00000207F6F67F70 start
TRACE StateContext queue 0 messages 0
TRACE StateContext queue 0 messages clear start
TRACE StateContext queue 0 messages clear end
TRACE StateContext queue 0 complete
TRACE StateContext queue 1 00000207F6F68090 start
TRACE StateContext queue 1 messages 0
TRACE StateContext queue 1 messages clear start
TRACE StateContext queue 1 messages clear end
TRACE StateContext queue 1 complete
TRACE StateContext queue 2 00000207F6F681B0 start
TRACE StateContext queue 2 messages 0
TRACE StateContext queue 2 messages clear start
TRACE StateContext queue 2 messages clear end
TRACE StateContext queue 2 complete
TRACE StateContext queue 3 00000207F6F682D0 start
TRACE StateContext queue 3 messages 0
TRACE StateContext queue 3 messages clear start
TRACE StateContext queue 3 messages clear end
TRACE StateContext queue 3 complete
TRACE StateContext queue 4 00000207F899DCC0 start
TRACE StateContext queue 4 messages 0
TRACE StateContext queue 4 messages clear start
TRACE StateContext queue 4 messages clear end
TRACE StateContext queue 4 complete
TRACE StateContext queue 5 00000207F899DDE0 start
TRACE StateContext queue 5 messages 0
TRACE StateContext queue 5 messages clear start
TRACE StateContext queue 5 messages clear end
TRACE StateContext queue 5 complete
TRACE StateContext queue 6 00000207F899DF00 start
TRACE StateContext queue 6 messages 0
TRACE StateContext queue 6 messages clear start
TRACE StateContext queue 6 messages clear end
TRACE StateContext queue 6 complete
TRACE StateContext queue 7 00000207F899E020 start
TRACE StateContext queue 7 messages 0
TRACE StateContext queue 7 messages clear start
TRACE StateContext queue 7 messages clear end
TRACE StateContext queue 7 complete
TRACE StateContext queue 8 00000207F899E140 start
TRACE StateContext queue 8 messages 0
TRACE StateContext queue 8 messages clear start
TRACE StateContext queue 8 messages clear end
TRACE StateContext queue 8 complete
TRACE StateContext queue 9 00000207F899E260 start
TRACE StateContext queue 9 messages 0
TRACE StateContext queue 9 messages clear start
TRACE StateContext queue 9 messages clear end
TRACE StateContext queue 9 complete
TRACE StateContext queue 10 00000207F899E380 start
TRACE StateContext queue 10 messages 0
TRACE StateContext queue 10 messages clear start
TRACE StateContext queue 10 messages clear end
TRACE StateContext queue 10 complete
TRACE StateContext queue 11 00000207F899E4A0 start
TRACE StateContext queue 11 messages 0
TRACE StateContext queue 11 messages clear start
TRACE StateContext queue 11 messages clear end
TRACE StateContext queue 11 complete
TRACE StateContext queue 12 00000207F899E5C0 start
TRACE StateContext queue 12 messages 0
TRACE StateContext queue 12 messages clear start
TRACE StateContext queue 12 messages clear end
TRACE StateContext queue 12 complete
TRACE StateContext queue 13 00000207F899E6E0 start
TRACE StateContext queue 13 messages 0
TRACE StateContext queue 13 messages clear start
TRACE StateContext queue 13 messages clear end
TRACE StateContext queue 13 complete
TRACE StateContext queue 14 00000207F899E800 start
TRACE StateContext queue 14 messages 0
TRACE StateContext queue 14 messages clear start
TRACE StateContext queue 14 messages clear end
TRACE StateContext queue 14 complete
TRACE StateContext all queues drained
TRACE StateContext states snapshotted 2
TRACE StateContext states cleared
TRACE StateContext queues cleared
TRACE StateContext shared listener cleared
TRACE StateContext unload end 00000207F4B9CDF0
TRACE base GraphicsScene unload end
TRACE StateManager remove context begin 00000207F4B9CD20
TRACE StateManager context list size 35
TRACE StateManager context erase complete
TRACE StateContext unload start 00000207F4B9CD20 state 7
TRACE StateContext queues snapshotted 15
TRACE StateContext queue 0 00000207F6F66E90 start
TRACE StateContext queue 0 messages 0
TRACE StateContext queue 0 messages clear start
TRACE StateContext queue 0 messages clear end
TRACE StateContext queue 0 complete
TRACE StateContext queue 1 00000207F6F66FB0 start
TRACE StateContext queue 1 messages 0
TRACE StateContext queue 1 messages clear start
TRACE StateContext queue 1 messages clear end
TRACE StateContext queue 1 complete
TRACE StateContext queue 2 00000207F6F670D0 start
TRACE StateContext queue 2 messages 0
TRACE StateContext queue 2 messages clear start
TRACE StateContext queue 2 messages clear end
TRACE StateContext queue 2 complete
TRACE StateContext queue 3 00000207F6F671F0 start
TRACE StateContext queue 3 messages 0
TRACE StateContext queue 3 messages clear start
TRACE StateContext queue 3 messages clear end
TRACE StateContext queue 3 complete
TRACE StateContext queue 4 00000207F6F67310 start
TRACE StateContext queue 4 messages 0
TRACE StateContext queue 4 messages clear start
TRACE StateContext queue 4 messages clear end
TRACE StateContext queue 4 complete
TRACE StateContext queue 5 00000207F6F67430 start
TRACE StateContext queue 5 messages 0
TRACE StateContext queue 5 messages clear start
TRACE StateContext queue 5 messages clear end
TRACE StateContext queue 5 complete
TRACE StateContext queue 6 00000207F6F67550 start
TRACE StateContext queue 6 messages 0
TRACE StateContext queue 6 messages clear start
TRACE StateContext queue 6 messages clear end
TRACE StateContext queue 6 complete
TRACE StateContext queue 7 00000207F6F67670 start
TRACE StateContext queue 7 messages 0
TRACE StateContext queue 7 messages clear start
TRACE StateContext queue 7 messages clear end
TRACE StateContext queue 7 complete
TRACE StateContext queue 8 00000207F6F67790 start
TRACE StateContext queue 8 messages 0
TRACE StateContext queue 8 messages clear start
TRACE StateContext queue 8 messages clear end
TRACE StateContext queue 8 complete
TRACE StateContext queue 9 00000207F6F678B0 start
TRACE StateContext queue 9 messages 0
TRACE StateContext queue 9 messages clear start
TRACE StateContext queue 9 messages clear end
TRACE StateContext queue 9 complete
TRACE StateContext queue 10 00000207F6F679D0 start
TRACE StateContext queue 10 messages 0
TRACE StateContext queue 10 messages clear start
TRACE StateContext queue 10 messages clear end
TRACE StateContext queue 10 complete
TRACE StateContext queue 11 00000207F6F67AF0 start
TRACE StateContext queue 11 messages 0
TRACE StateContext queue 11 messages clear start
TRACE StateContext queue 11 messages clear end
TRACE StateContext queue 11 complete
TRACE StateContext queue 12 00000207F6F67C10 start
TRACE StateContext queue 12 messages 0
TRACE StateContext queue 12 messages clear start
TRACE StateContext queue 12 messages clear end
TRACE StateContext queue 12 complete
TRACE StateContext queue 13 00000207F6F67D30 start
TRACE StateContext queue 13 messages 0
TRACE StateContext queue 13 messages clear start
TRACE StateContext queue 13 messages clear end
TRACE StateContext queue 13 complete
TRACE StateContext queue 14 00000207F6F67E50 start
TRACE StateContext queue 14 messages 0
TRACE StateContext queue 14 messages clear start
TRACE StateContext queue 14 messages clear end
TRACE StateContext queue 14 complete
TRACE StateContext all queues drained
TRACE StateContext states snapshotted 2
TRACE StateContext states cleared
TRACE StateContext queues cleared
TRACE StateContext shared listener cleared
TRACE StateContext unload end 00000207F4B9CD20
TRACE StateContext unload start 00000207F4B9CD20 state 5
TRACE StateManager remove context begin 00000207F4B9CC50
TRACE StateManager context list size 34
TRACE StateManager context erase complete
TRACE StateContext unload start 00000207F4B9CC50 state 7
TRACE StateContext queues snapshotted 15
TRACE StateContext queue 0 00000207F4BA8940 start
TRACE StateContext queue 0 messages 0
TRACE StateContext queue 0 messages clear start
TRACE StateContext queue 0 messages clear end
TRACE StateContext queue 0 complete
TRACE StateContext queue 1 00000207F4BA8A60 start
TRACE StateContext queue 1 messages 0
TRACE StateContext queue 1 messages clear start
TRACE StateContext queue 1 messages clear end
TRACE StateContext queue 1 complete
TRACE StateContext queue 2 00000207F6F65FF0 start
TRACE StateContext queue 2 messages 0
TRACE StateContext queue 2 messages clear start
TRACE StateContext queue 2 messages clear end
TRACE StateContext queue 2 complete
TRACE StateContext queue 3 00000207F6F66110 start
TRACE StateContext queue 3 messages 0
TRACE StateContext queue 3 messages clear start
TRACE StateContext queue 3 messages clear end
TRACE StateContext queue 3 complete
TRACE StateContext queue 4 00000207F6F66230 start
TRACE StateContext queue 4 messages 0
TRACE StateContext queue 4 messages clear start
TRACE StateContext queue 4 messages clear end
TRACE StateContext queue 4 complete
TRACE StateContext queue 5 00000207F6F66350 start
TRACE StateContext queue 5 messages 0
TRACE StateContext queue 5 messages clear start
TRACE StateContext queue 5 messages clear end
TRACE StateContext queue 5 complete
TRACE StateContext queue 6 00000207F6F66470 start
TRACE StateContext queue 6 messages 0
TRACE StateContext queue 6 messages clear start
TRACE StateContext queue 6 messages clear end
TRACE StateContext queue 6 complete
TRACE StateContext queue 7 00000207F6F66590 start
TRACE StateContext queue 7 messages 0
TRACE StateContext queue 7 messages clear start
TRACE StateContext queue 7 messages clear end
TRACE StateContext queue 7 complete
TRACE StateContext queue 8 00000207F6F666B0 start
TRACE StateContext queue 8 messages 0
TRACE StateContext queue 8 messages clear start
TRACE StateContext queue 8 messages clear end
TRACE StateContext queue 8 complete
TRACE StateContext queue 9 00000207F6F667D0 start
TRACE StateContext queue 9 messages 0
TRACE StateContext queue 9 messages clear start
TRACE StateContext queue 9 messages clear end
TRACE StateContext queue 9 complete
TRACE StateContext queue 10 00000207F6F668F0 start
TRACE StateContext queue 10 messages 0
TRACE StateContext queue 10 messages clear start
TRACE StateContext queue 10 messages clear end
TRACE StateContext queue 10 complete
TRACE StateContext queue 11 00000207F6F66A10 start
TRACE StateContext queue 11 messages 0
TRACE StateContext queue 11 messages clear start
TRACE StateContext queue 11 messages clear end
TRACE StateContext queue 11 complete
TRACE StateContext queue 12 00000207F6F66B30 start
TRACE StateContext queue 12 messages 0
TRACE StateContext queue 12 messages clear start
TRACE StateContext queue 12 messages clear end
TRACE StateContext queue 12 complete
TRACE StateContext queue 13 00000207F6F66C50 start
TRACE StateContext queue 13 messages 0
TRACE StateContext queue 13 messages clear start
TRACE StateContext queue 13 messages clear end
TRACE StateContext queue 13 complete
TRACE StateContext queue 14 00000207F6F66D70 start
TRACE StateContext queue 14 messages 0
TRACE StateContext queue 14 messages clear start
TRACE StateContext queue 14 messages clear end
TRACE StateContext queue 14 complete
TRACE StateContext all queues drained
TRACE StateContext states snapshotted 0
TRACE StateContext states cleared
TRACE StateContext queues cleared
TRACE StateContext shared listener cleared
TRACE StateContext unload end 00000207F4B9CC50
TRACE StateContext unload start 00000207F4B9CC50 state 5
TRACE ApplicationManager graphics system done
TRACE StateContext unload start 00000207F4B9D200 state 7
TRACE StateContext queues snapshotted 15
TRACE StateContext queue 0 00000207F895BEE0 start
TRACE StateContext queue 0 messages 0
TRACE StateContext queue 0 messages clear start
TRACE StateContext queue 0 messages clear end
TRACE StateContext queue 0 complete
TRACE StateContext queue 1 00000207F895C000 start
TRACE StateContext queue 1 messages 0
TRACE StateContext queue 1 messages clear start
TRACE StateContext queue 1 messages clear end
TRACE StateContext queue 1 complete
TRACE StateContext queue 2 00000207F895C120 start
TRACE StateContext queue 2 messages 0
TRACE StateContext queue 2 messages clear start
TRACE StateContext queue 2 messages clear end
TRACE StateContext queue 2 complete
TRACE StateContext queue 3 00000207F895C240 start
TRACE StateContext queue 3 messages 0
TRACE StateContext queue 3 messages clear start
TRACE StateContext queue 3 messages clear end
TRACE StateContext queue 3 complete
TRACE StateContext queue 4 00000207F895C360 start
TRACE StateContext queue 4 messages 0
TRACE StateContext queue 4 messages clear start
TRACE StateContext queue 4 messages clear end
TRACE StateContext queue 4 complete
TRACE StateContext queue 5 00000207F895C480 start
TRACE StateContext queue 5 messages 0
TRACE StateContext queue 5 messages clear start
TRACE StateContext queue 5 messages clear end
TRACE StateContext queue 5 complete
TRACE StateContext queue 6 00000207F895C5A0 start
TRACE StateContext queue 6 messages 0
TRACE StateContext queue 6 messages clear start
TRACE StateContext queue 6 messages clear end
TRACE StateContext queue 6 complete
TRACE StateContext queue 7 00000207F895C6C0 start
TRACE StateContext queue 7 messages 0
TRACE StateContext queue 7 messages clear start
TRACE StateContext queue 7 messages clear end
TRACE StateContext queue 7 complete
TRACE StateContext queue 8 00000207F895C7E0 start
TRACE StateContext queue 8 messages 0
TRACE StateContext queue 8 messages clear start
TRACE StateContext queue 8 messages clear end
TRACE StateContext queue 8 complete
TRACE StateContext queue 9 00000207F895C900 start
TRACE StateContext queue 9 messages 0
TRACE StateContext queue 9 messages clear start
TRACE StateContext queue 9 messages clear end
TRACE StateContext queue 9 complete
TRACE StateContext queue 10 00000207F895CA20 start
TRACE StateContext queue 10 messages 0
TRACE StateContext queue 10 messages clear start
TRACE StateContext queue 10 messages clear end
TRACE StateContext queue 10 complete
TRACE StateContext queue 11 00000207F895CB40 start
TRACE StateContext queue 11 messages 0
TRACE StateContext queue 11 messages clear start
TRACE StateContext queue 11 messages clear end
TRACE StateContext queue 11 complete
TRACE StateContext queue 12 00000207F895CC60 start
TRACE StateContext queue 12 messages 0
TRACE StateContext queue 12 messages clear start
TRACE StateContext queue 12 messages clear end
TRACE StateContext queue 12 complete
TRACE StateContext queue 13 00000207F895CD80 start
TRACE StateContext queue 13 messages 0
TRACE StateContext queue 13 messages clear start
TRACE StateContext queue 13 messages clear end
TRACE StateContext queue 13 complete
TRACE StateContext queue 14 00000207F895CEA0 start
TRACE StateContext queue 14 messages 0
TRACE StateContext queue 14 messages clear start
TRACE StateContext queue 14 messages clear end
TRACE StateContext queue 14 complete
TRACE StateContext all queues drained
TRACE StateContext states snapshotted 1
TRACE StateContext states cleared
TRACE StateContext queues cleared
TRACE StateContext shared listener cleared
TRACE StateContext unload end 00000207F4B9D200
TRACE StateContext unload start 00000207F4B9D2D0 state 7
TRACE StateContext queues snapshotted 15
TRACE StateContext queue 0 00000207F895CFC0 start
TRACE StateContext queue 0 messages 0
TRACE StateContext queue 0 messages clear start
TRACE StateContext queue 0 messages clear end
TRACE StateContext queue 0 complete
TRACE StateContext queue 1 00000207F895D0E0 start
TRACE StateContext queue 1 messages 0
TRACE StateContext queue 1 messages clear start
TRACE StateContext queue 1 messages clear end
TRACE StateContext queue 1 complete
TRACE StateContext queue 2 00000207F895D200 start
TRACE StateContext queue 2 messages 0
TRACE StateContext queue 2 messages clear start
TRACE StateContext queue 2 messages clear end
TRACE StateContext queue 2 complete
TRACE StateContext queue 3 00000207F895D320 start
TRACE StateContext queue 3 messages 0
TRACE StateContext queue 3 messages clear start
TRACE StateContext queue 3 messages clear end
TRACE StateContext queue 3 complete
TRACE StateContext queue 4 00000207F895D440 start
TRACE StateContext queue 4 messages 0
TRACE StateContext queue 4 messages clear start
TRACE StateContext queue 4 messages clear end
TRACE StateContext queue 4 complete
TRACE StateContext queue 5 00000207F895D560 start
TRACE StateContext queue 5 messages 0
TRACE StateContext queue 5 messages clear start
TRACE StateContext queue 5 messages clear end
TRACE StateContext queue 5 complete
TRACE StateContext queue 6 00000207F895D680 start
TRACE StateContext queue 6 messages 0
TRACE StateContext queue 6 messages clear start
TRACE StateContext queue 6 messages clear end
TRACE StateContext queue 6 complete
TRACE StateContext queue 7 00000207F895D7A0 start
TRACE StateContext queue 7 messages 0
TRACE StateContext queue 7 messages clear start
TRACE StateContext queue 7 messages clear end
TRACE StateContext queue 7 complete
TRACE StateContext queue 8 00000207F895D8C0 start
TRACE StateContext queue 8 messages 0
TRACE StateContext queue 8 messages clear start
TRACE StateContext queue 8 messages clear end
TRACE StateContext queue 8 complete
TRACE StateContext queue 9 00000207F895D9E0 start
TRACE StateContext queue 9 messages 0
TRACE StateContext queue 9 messages clear start
TRACE StateContext queue 9 messages clear end
TRACE StateContext queue 9 complete
TRACE StateContext queue 10 00000207F8983EF0 start
TRACE StateContext queue 10 messages 0
TRACE StateContext queue 10 messages clear start
TRACE StateContext queue 10 messages clear end
TRACE StateContext queue 10 complete
TRACE StateContext queue 11 00000207F8984010 start
TRACE StateContext queue 11 messages 0
TRACE StateContext queue 11 messages clear start
TRACE StateContext queue 11 messages clear end
TRACE StateContext queue 11 complete
TRACE StateContext queue 12 00000207F8984130 start
TRACE StateContext queue 12 messages 0
TRACE StateContext queue 12 messages clear start
TRACE StateContext queue 12 messages clear end
TRACE StateContext queue 12 complete
TRACE StateContext queue 13 00000207F8984250 start
TRACE StateContext queue 13 messages 0
TRACE StateContext queue 13 messages clear start
TRACE StateContext queue 13 messages clear end
TRACE StateContext queue 13 complete
TRACE StateContext queue 14 00000207F8984370 start
TRACE StateContext queue 14 messages 0
TRACE StateContext queue 14 messages clear start
TRACE StateContext queue 14 messages clear end
TRACE StateContext queue 14 complete
TRACE StateContext all queues drained
TRACE StateContext states snapshotted 1
TRACE StateContext states cleared
TRACE StateContext queues cleared
TRACE StateContext shared listener cleared
TRACE StateContext unload end 00000207F4B9D2D0
TRACE StateContext unload start 00000207F4B9D3A0 state 7
TRACE StateContext queues snapshotted 15
TRACE StateContext queue 0 00000207F8984490 start
TRACE StateContext queue 0 messages 0
TRACE StateContext queue 0 messages clear start
TRACE StateContext queue 0 messages clear end
TRACE StateContext queue 0 complete
TRACE StateContext queue 1 00000207F89845B0 start
TRACE StateContext queue 1 messages 0
TRACE StateContext queue 1 messages clear start
TRACE StateContext queue 1 messages clear end
TRACE StateContext queue 1 complete
TRACE StateContext queue 2 00000207F89846D0 start
TRACE StateContext queue 2 messages 0
TRACE StateContext queue 2 messages clear start
TRACE StateContext queue 2 messages clear end
TRACE StateContext queue 2 complete
TRACE StateContext queue 3 00000207F89847F0 start
TRACE StateContext queue 3 messages 0
TRACE StateContext queue 3 messages clear start
TRACE StateContext queue 3 messages clear end
TRACE StateContext queue 3 complete
TRACE StateContext queue 4 00000207F8984910 start
TRACE StateContext queue 4 messages 0
TRACE StateContext queue 4 messages clear start
TRACE StateContext queue 4 messages clear end
TRACE StateContext queue 4 complete
TRACE StateContext queue 5 00000207F8984A30 start
TRACE StateContext queue 5 messages 0
TRACE StateContext queue 5 messages clear start
TRACE StateContext queue 5 messages clear end
TRACE StateContext queue 5 complete
TRACE StateContext queue 6 00000207F8984B50 start
TRACE StateContext queue 6 messages 0
TRACE StateContext queue 6 messages clear start
TRACE StateContext queue 6 messages clear end
TRACE StateContext queue 6 complete
TRACE StateContext queue 7 00000207F8984C70 start
TRACE StateContext queue 7 messages 0
TRACE StateContext queue 7 messages clear start
TRACE StateContext queue 7 messages clear end
TRACE StateContext queue 7 complete
TRACE StateContext queue 8 00000207F8984D90 start
TRACE StateContext queue 8 messages 0
TRACE StateContext queue 8 messages clear start
TRACE StateContext queue 8 messages clear end
TRACE StateContext queue 8 complete
TRACE StateContext queue 9 00000207F8984EB0 start
TRACE StateContext queue 9 messages 0
TRACE StateContext queue 9 messages clear start
TRACE StateContext queue 9 messages clear end
TRACE StateContext queue 9 complete
TRACE StateContext queue 10 00000207F8984FD0 start
TRACE StateContext queue 10 messages 0
TRACE StateContext queue 10 messages clear start
TRACE StateContext queue 10 messages clear end
TRACE StateContext queue 10 complete
TRACE StateContext queue 11 00000207F89850F0 start
TRACE StateContext queue 11 messages 0
TRACE StateContext queue 11 messages clear start
TRACE StateContext queue 11 messages clear end
TRACE StateContext queue 11 complete
TRACE StateContext queue 12 00000207F8985210 start
TRACE StateContext queue 12 messages 0
TRACE StateContext queue 12 messages clear start
TRACE StateContext queue 12 messages clear end
TRACE StateContext queue 12 complete
TRACE StateContext queue 13 00000207F8985330 start
TRACE StateContext queue 13 messages 0
TRACE StateContext queue 13 messages clear start
TRACE StateContext queue 13 messages clear end
TRACE StateContext queue 13 complete
TRACE StateContext queue 14 00000207F8985450 start
TRACE StateContext queue 14 messages 0
TRACE StateContext queue 14 messages clear start
TRACE StateContext queue 14 messages clear end
TRACE StateContext queue 14 complete
TRACE StateContext all queues drained
TRACE StateContext states snapshotted 1
TRACE StateContext states cleared
TRACE StateContext queues cleared
TRACE StateContext shared listener cleared
TRACE StateContext unload end 00000207F4B9D3A0
TRACE StateContext unload start 00000207F4B9D470 state 7
TRACE StateContext queues snapshotted 15
TRACE StateContext queue 0 00000207F8985570 start
TRACE StateContext queue 0 messages 0
TRACE StateContext queue 0 messages clear start
TRACE StateContext queue 0 messages clear end
TRACE StateContext queue 0 complete
TRACE StateContext queue 1 00000207F8985690 start
TRACE StateContext queue 1 messages 0
TRACE StateContext queue 1 messages clear start
TRACE StateContext queue 1 messages clear end
TRACE StateContext queue 1 complete
TRACE StateContext queue 2 00000207F89857B0 start
TRACE StateContext queue 2 messages 0
TRACE StateContext queue 2 messages clear start
TRACE StateContext queue 2 messages clear end
TRACE StateContext queue 2 complete
TRACE StateContext queue 3 00000207F89858D0 start
TRACE StateContext queue 3 messages 0
TRACE StateContext queue 3 messages clear start
TRACE StateContext queue 3 messages clear end
TRACE StateContext queue 3 complete
TRACE StateContext queue 4 00000207F89859F0 start
TRACE StateContext queue 4 messages 0
TRACE StateContext queue 4 messages clear start
TRACE StateContext queue 4 messages clear end
TRACE StateContext queue 4 complete
TRACE StateContext queue 5 00000207F8985B10 start
TRACE StateContext queue 5 messages 0
TRACE StateContext queue 5 messages clear start
TRACE StateContext queue 5 messages clear end
TRACE StateContext queue 5 complete
TRACE StateContext queue 6 00000207F8985C30 start
TRACE StateContext queue 6 messages 0
TRACE StateContext queue 6 messages clear start
TRACE StateContext queue 6 messages clear end
TRACE StateContext queue 6 complete
TRACE StateContext queue 7 00000207F8985D50 start
TRACE StateContext queue 7 messages 0
TRACE StateContext queue 7 messages clear start
TRACE StateContext queue 7 messages clear end
TRACE StateContext queue 7 complete
TRACE StateContext queue 8 00000207F8985E70 start
TRACE StateContext queue 8 messages 0
TRACE StateContext queue 8 messages clear start
TRACE StateContext queue 8 messages clear end
TRACE StateContext queue 8 complete
TRACE StateContext queue 9 00000207F8985F90 start
TRACE StateContext queue 9 messages 0
TRACE StateContext queue 9 messages clear start
TRACE StateContext queue 9 messages clear end
TRACE StateContext queue 9 complete
TRACE StateContext queue 10 00000207F89860B0 start
TRACE StateContext queue 10 messages 0
TRACE StateContext queue 10 messages clear start
TRACE StateContext queue 10 messages clear end
TRACE StateContext queue 10 complete
TRACE StateContext queue 11 00000207F89861D0 start
TRACE StateContext queue 11 messages 0
TRACE StateContext queue 11 messages clear start
TRACE StateContext queue 11 messages clear end
TRACE StateContext queue 11 complete
TRACE StateContext queue 12 00000207EEFC14B0 start
TRACE StateContext queue 12 messages 0
TRACE StateContext queue 12 messages clear start
TRACE StateContext queue 12 messages clear end
TRACE StateContext queue 12 complete
TRACE StateContext queue 13 00000207EEFC15D0 start
TRACE StateContext queue 13 messages 0
TRACE StateContext queue 13 messages clear start
TRACE StateContext queue 13 messages clear end
TRACE StateContext queue 13 complete
TRACE StateContext queue 14 00000207EEFC16F0 start
TRACE StateContext queue 14 messages 0
TRACE StateContext queue 14 messages clear start
TRACE StateContext queue 14 messages clear end
TRACE StateContext queue 14 complete
TRACE StateContext all queues drained
TRACE StateContext states snapshotted 1
TRACE StateContext states cleared
TRACE StateContext queues cleared
TRACE StateContext shared listener cleared
TRACE StateContext unload end 00000207F4B9D470
TRACE StateContext unload start 00000207F4B9D540 state 7
TRACE StateContext queues snapshotted 15
TRACE StateContext queue 0 00000207EEFC1810 start
TRACE StateContext queue 0 messages 0
TRACE StateContext queue 0 messages clear start
TRACE StateContext queue 0 messages clear end
TRACE StateContext queue 0 complete
TRACE StateContext queue 1 00000207EEFC1930 start
TRACE StateContext queue 1 messages 0
TRACE StateContext queue 1 messages clear start
TRACE StateContext queue 1 messages clear end
TRACE StateContext queue 1 complete
TRACE StateContext queue 2 00000207EEFC1A50 start
TRACE StateContext queue 2 messages 0
TRACE StateContext queue 2 messages clear start
TRACE StateContext queue 2 messages clear end
TRACE StateContext queue 2 complete
TRACE StateContext queue 3 00000207EEFC1B70 start
TRACE StateContext queue 3 messages 0
TRACE StateContext queue 3 messages clear start
TRACE StateContext queue 3 messages clear end
TRACE StateContext queue 3 complete
TRACE StateContext queue 4 00000207EEFC1C90 start
TRACE StateContext queue 4 messages 0
TRACE StateContext queue 4 messages clear start
TRACE StateContext queue 4 messages clear end
TRACE StateContext queue 4 complete
TRACE StateContext queue 5 00000207EEFC1DB0 start
TRACE StateContext queue 5 messages 0
TRACE StateContext queue 5 messages clear start
TRACE StateContext queue 5 messages clear end
TRACE StateContext queue 5 complete
TRACE StateContext queue 6 00000207EEFC1ED0 start
TRACE StateContext queue 6 messages 0
TRACE StateContext queue 6 messages clear start
TRACE StateContext queue 6 messages clear end
TRACE StateContext queue 6 complete
TRACE StateContext queue 7 00000207EEFC1FF0 start
TRACE StateContext queue 7 messages 0
TRACE StateContext queue 7 messages clear start
TRACE StateContext queue 7 messages clear end
TRACE StateContext queue 7 complete
TRACE StateContext queue 8 00000207EEFC2110 start
TRACE StateContext queue 8 messages 0
TRACE StateContext queue 8 messages clear start
TRACE StateContext queue 8 messages clear end
TRACE StateContext queue 8 complete
TRACE StateContext queue 9 00000207EEFC2230 start
TRACE StateContext queue 9 messages 0
TRACE StateContext queue 9 messages clear start
TRACE StateContext queue 9 messages clear end
TRACE StateContext queue 9 complete
TRACE StateContext queue 10 00000207EEFC2350 start
TRACE StateContext queue 10 messages 0
TRACE StateContext queue 10 messages clear start
TRACE StateContext queue 10 messages clear end
TRACE StateContext queue 10 complete
TRACE StateContext queue 11 00000207EEFC2470 start
TRACE StateContext queue 11 messages 0
TRACE StateContext queue 11 messages clear start
TRACE StateContext queue 11 messages clear end
TRACE StateContext queue 11 complete
TRACE StateContext queue 12 00000207EEFC2590 start
TRACE StateContext queue 12 messages 0
TRACE StateContext queue 12 messages clear start
TRACE StateContext queue 12 messages clear end
TRACE StateContext queue 12 complete
TRACE StateContext queue 13 00000207EEFC26B0 start
TRACE StateContext queue 13 messages 0
TRACE StateContext queue 13 messages clear start
TRACE StateContext queue 13 messages clear end
TRACE StateContext queue 13 complete
TRACE StateContext queue 14 00000207EEFC27D0 start
TRACE StateContext queue 14 messages 0
TRACE StateContext queue 14 messages clear start
TRACE StateContext queue 14 messages clear end
TRACE StateContext queue 14 complete
TRACE StateContext all queues drained
TRACE StateContext states snapshotted 1
TRACE StateContext states cleared
TRACE StateContext queues cleared
TRACE StateContext shared listener cleared
TRACE StateContext unload end 00000207F4B9D540
TRACE StateContext unload start 00000207F4B9D610 state 7
TRACE StateContext queues snapshotted 15
TRACE StateContext queue 0 00000207EEFC28F0 start
TRACE StateContext queue 0 messages 0
TRACE StateContext queue 0 messages clear start
TRACE StateContext queue 0 messages clear end
TRACE StateContext queue 0 complete
TRACE StateContext queue 1 00000207EEFC2A10 start
TRACE StateContext queue 1 messages 0
TRACE StateContext queue 1 messages clear start
TRACE StateContext queue 1 messages clear end
TRACE StateContext queue 1 complete
TRACE StateContext queue 2 00000207EEFC2B30 start
TRACE StateContext queue 2 messages 0
TRACE StateContext queue 2 messages clear start
TRACE StateContext queue 2 messages clear end
TRACE StateContext queue 2 complete
TRACE StateContext queue 3 00000207EEFC2C50 start
TRACE StateContext queue 3 messages 0
TRACE StateContext queue 3 messages clear start
TRACE StateContext queue 3 messages clear end
TRACE StateContext queue 3 complete
TRACE StateContext queue 4 00000207EEFC2D70 start
TRACE StateContext queue 4 messages 0
TRACE StateContext queue 4 messages clear start
TRACE StateContext queue 4 messages clear end
TRACE StateContext queue 4 complete
TRACE StateContext queue 5 00000207EEFC2E90 start
TRACE StateContext queue 5 messages 0
TRACE StateContext queue 5 messages clear start
TRACE StateContext queue 5 messages clear end
TRACE StateContext queue 5 complete
TRACE StateContext queue 6 00000207EEFC2FB0 start
TRACE StateContext queue 6 messages 0
TRACE StateContext queue 6 messages clear start
TRACE StateContext queue 6 messages clear end
TRACE StateContext queue 6 complete
TRACE StateContext queue 7 00000207EEFC30D0 start
TRACE StateContext queue 7 messages 0
TRACE StateContext queue 7 messages clear start
TRACE StateContext queue 7 messages clear end
TRACE StateContext queue 7 complete
TRACE StateContext queue 8 00000207EEFC31F0 start
TRACE StateContext queue 8 messages 0
TRACE StateContext queue 8 messages clear start
TRACE StateContext queue 8 messages clear end
TRACE StateContext queue 8 complete
TRACE StateContext queue 9 00000207EEFC3310 start
TRACE StateContext queue 9 messages 0
TRACE StateContext queue 9 messages clear start
TRACE StateContext queue 9 messages clear end
TRACE StateContext queue 9 complete
TRACE StateContext queue 10 00000207EEFC3430 start
TRACE StateContext queue 10 messages 0
TRACE StateContext queue 10 messages clear start
TRACE StateContext queue 10 messages clear end
TRACE StateContext queue 10 complete
TRACE StateContext queue 11 00000207EEFC3550 start
TRACE StateContext queue 11 messages 0
TRACE StateContext queue 11 messages clear start
TRACE StateContext queue 11 messages clear end
TRACE StateContext queue 11 complete
TRACE StateContext queue 12 00000207EEFC3670 start
TRACE StateContext queue 12 messages 0
TRACE StateContext queue 12 messages clear start
TRACE StateContext queue 12 messages clear end
TRACE StateContext queue 12 complete
TRACE StateContext queue 13 00000207EEFC3790 start
TRACE StateContext queue 13 messages 0
TRACE StateContext queue 13 messages clear start
TRACE StateContext queue 13 messages clear end
TRACE StateContext queue 13 complete
TRACE StateContext queue 14 00000207EEF18390 start
TRACE StateContext queue 14 messages 0
TRACE StateContext queue 14 messages clear start
TRACE StateContext queue 14 messages clear end
TRACE StateContext queue 14 complete
TRACE StateContext all queues drained
TRACE StateContext states snapshotted 1
TRACE StateContext states cleared
TRACE StateContext queues cleared
TRACE StateContext shared listener cleared
TRACE StateContext unload end 00000207F4B9D610
TRACE StateContext unload start 00000207F4B9D6E0 state 7
TRACE StateContext queues snapshotted 15
TRACE StateContext queue 0 00000207EEF184B0 start
TRACE StateContext queue 0 messages 0
TRACE StateContext queue 0 messages clear start
TRACE StateContext queue 0 messages clear end
TRACE StateContext queue 0 complete
TRACE StateContext queue 1 00000207EEF185D0 start
TRACE StateContext queue 1 messages 0
TRACE StateContext queue 1 messages clear start
TRACE StateContext queue 1 messages clear end
TRACE StateContext queue 1 complete
TRACE StateContext queue 2 00000207EEF186F0 start
TRACE StateContext queue 2 messages 0
TRACE StateContext queue 2 messages clear start
TRACE StateContext queue 2 messages clear end
TRACE StateContext queue 2 complete
TRACE StateContext queue 3 00000207EEF18810 start
TRACE StateContext queue 3 messages 0
TRACE StateContext queue 3 messages clear start
TRACE StateContext queue 3 messages clear end
TRACE StateContext queue 3 complete
TRACE StateContext queue 4 00000207EEF18930 start
TRACE StateContext queue 4 messages 0
TRACE StateContext queue 4 messages clear start
TRACE StateContext queue 4 messages clear end
TRACE StateContext queue 4 complete
TRACE StateContext queue 5 00000207EEF18A50 start
TRACE StateContext queue 5 messages 0
TRACE StateContext queue 5 messages clear start
TRACE StateContext queue 5 messages clear end
TRACE StateContext queue 5 complete
TRACE StateContext queue 6 00000207EEF18B70 start
TRACE StateContext queue 6 messages 0
TRACE StateContext queue 6 messages clear start
TRACE StateContext queue 6 messages clear end
TRACE StateContext queue 6 complete
TRACE StateContext queue 7 00000207EEF18C90 start
TRACE StateContext queue 7 messages 0
TRACE StateContext queue 7 messages clear start
TRACE StateContext queue 7 messages clear end
TRACE StateContext queue 7 complete
TRACE StateContext queue 8 00000207EEF18DB0 start
TRACE StateContext queue 8 messages 0
TRACE StateContext queue 8 messages clear start
TRACE StateContext queue 8 messages clear end
TRACE StateContext queue 8 complete
TRACE StateContext queue 9 00000207EEF18ED0 start
TRACE StateContext queue 9 messages 0
TRACE StateContext queue 9 messages clear start
TRACE StateContext queue 9 messages clear end
TRACE StateContext queue 9 complete
TRACE StateContext queue 10 00000207EEF18FF0 start
TRACE StateContext queue 10 messages 0
TRACE StateContext queue 10 messages clear start
TRACE StateContext queue 10 messages clear end
TRACE StateContext queue 10 complete
TRACE StateContext queue 11 00000207EEF19110 start
TRACE StateContext queue 11 messages 0
TRACE StateContext queue 11 messages clear start
TRACE StateContext queue 11 messages clear end
TRACE StateContext queue 11 complete
TRACE StateContext queue 12 00000207EEF19230 start
TRACE StateContext queue 12 messages 0
TRACE StateContext queue 12 messages clear start
TRACE StateContext queue 12 messages clear end
TRACE StateContext queue 12 complete
TRACE StateContext queue 13 00000207EEF19350 start
TRACE StateContext queue 13 messages 0
TRACE StateContext queue 13 messages clear start
TRACE StateContext queue 13 messages clear end
TRACE StateContext queue 13 complete
TRACE StateContext queue 14 00000207EEF19470 start
TRACE StateContext queue 14 messages 0
TRACE StateContext queue 14 messages clear start
TRACE StateContext queue 14 messages clear end
TRACE StateContext queue 14 complete
TRACE StateContext all queues drained
TRACE StateContext states snapshotted 1
TRACE StateContext states cleared
TRACE StateContext queues cleared
TRACE StateContext shared listener cleared
TRACE StateContext unload end 00000207F4B9D6E0
TRACE StateContext unload start 00000207F4B9D7B0 state 7
TRACE StateContext queues snapshotted 15
TRACE StateContext queue 0 00000207EEF19590 start
TRACE StateContext queue 0 messages 0
TRACE StateContext queue 0 messages clear start
TRACE StateContext queue 0 messages clear end
TRACE StateContext queue 0 complete
TRACE StateContext queue 1 00000207EEF196B0 start
TRACE StateContext queue 1 messages 0
TRACE StateContext queue 1 messages clear start
TRACE StateContext queue 1 messages clear end
TRACE StateContext queue 1 complete
TRACE StateContext queue 2 00000207EEF197D0 start
TRACE StateContext queue 2 messages 0
TRACE StateContext queue 2 messages clear start
TRACE StateContext queue 2 messages clear end
TRACE StateContext queue 2 complete
TRACE StateContext queue 3 00000207EEF198F0 start
TRACE StateContext queue 3 messages 0
TRACE StateContext queue 3 messages clear start
TRACE StateContext queue 3 messages clear end
TRACE StateContext queue 3 complete
TRACE StateContext queue 4 00000207EEF19A10 start
TRACE StateContext queue 4 messages 0
TRACE StateContext queue 4 messages clear start
TRACE StateContext queue 4 messages clear end
TRACE StateContext queue 4 complete
TRACE StateContext queue 5 00000207EEF19B30 start
TRACE StateContext queue 5 messages 0
TRACE StateContext queue 5 messages clear start
TRACE StateContext queue 5 messages clear end
TRACE StateContext queue 5 complete
TRACE StateContext queue 6 00000207EEF19C50 start
TRACE StateContext queue 6 messages 0
TRACE StateContext queue 6 messages clear start
TRACE StateContext queue 6 messages clear end
TRACE StateContext queue 6 complete
TRACE StateContext queue 7 00000207EEF19D70 start
TRACE StateContext queue 7 messages 0
TRACE StateContext queue 7 messages clear start
TRACE StateContext queue 7 messages clear end
TRACE StateContext queue 7 complete
TRACE StateContext queue 8 00000207EEF19E90 start
TRACE StateContext queue 8 messages 0
TRACE StateContext queue 8 messages clear start
TRACE StateContext queue 8 messages clear end
TRACE StateContext queue 8 complete
TRACE StateContext queue 9 00000207EEF19FB0 start
TRACE StateContext queue 9 messages 0
TRACE StateContext queue 9 messages clear start
TRACE StateContext queue 9 messages clear end
TRACE StateContext queue 9 complete
TRACE StateContext queue 10 00000207EEF1A0D0 start
TRACE StateContext queue 10 messages 0
TRACE StateContext queue 10 messages clear start
TRACE StateContext queue 10 messages clear end
TRACE StateContext queue 10 complete
TRACE StateContext queue 11 00000207EEF1A1F0 start
TRACE StateContext queue 11 messages 0
TRACE StateContext queue 11 messages clear start
TRACE StateContext queue 11 messages clear end
TRACE StateContext queue 11 complete
TRACE StateContext queue 12 00000207EEF1A310 start
TRACE StateContext queue 12 messages 0
TRACE StateContext queue 12 messages clear start
TRACE StateContext queue 12 messages clear end
TRACE StateContext queue 12 complete
TRACE StateContext queue 13 00000207EEF1A430 start
TRACE StateContext queue 13 messages 0
TRACE StateContext queue 13 messages clear start
TRACE StateContext queue 13 messages clear end
TRACE StateContext queue 13 complete
TRACE StateContext queue 14 00000207EEF1A550 start
TRACE StateContext queue 14 messages 0
TRACE StateContext queue 14 messages clear start
TRACE StateContext queue 14 messages clear end
TRACE StateContext queue 14 complete
TRACE StateContext all queues drained
TRACE StateContext states snapshotted 1
TRACE StateContext states cleared
TRACE StateContext queues cleared
TRACE StateContext shared listener cleared
TRACE StateContext unload end 00000207F4B9D7B0
TRACE StateContext unload start 00000207F4B9D880 state 7
TRACE StateContext queues snapshotted 15
TRACE StateContext queue 0 00000207EEF1A670 start
TRACE StateContext queue 0 messages 0
TRACE StateContext queue 0 messages clear start
TRACE StateContext queue 0 messages clear end
TRACE StateContext queue 0 complete
TRACE StateContext queue 1 00000207EF18A980 start
TRACE StateContext queue 1 messages 0
TRACE StateContext queue 1 messages clear start
TRACE StateContext queue 1 messages clear end
TRACE StateContext queue 1 complete
TRACE StateContext queue 2 00000207EF18AAA0 start
TRACE StateContext queue 2 messages 0
TRACE StateContext queue 2 messages clear start
TRACE StateContext queue 2 messages clear end
TRACE StateContext queue 2 complete
TRACE StateContext queue 3 00000207EF18ABC0 start
TRACE StateContext queue 3 messages 0
TRACE StateContext queue 3 messages clear start
TRACE StateContext queue 3 messages clear end
TRACE StateContext queue 3 complete
TRACE StateContext queue 4 00000207EF18ACE0 start
TRACE StateContext queue 4 messages 0
TRACE StateContext queue 4 messages clear start
TRACE StateContext queue 4 messages clear end
TRACE StateContext queue 4 complete
TRACE StateContext queue 5 00000207EF18AE00 start
TRACE StateContext queue 5 messages 0
TRACE StateContext queue 5 messages clear start
TRACE StateContext queue 5 messages clear end
TRACE StateContext queue 5 complete
TRACE StateContext queue 6 00000207EF18AF20 start
TRACE StateContext queue 6 messages 0
TRACE StateContext queue 6 messages clear start
TRACE StateContext queue 6 messages clear end
TRACE StateContext queue 6 complete
TRACE StateContext queue 7 00000207EF18B040 start
TRACE StateContext queue 7 messages 0
TRACE StateContext queue 7 messages clear start
TRACE StateContext queue 7 messages clear end
TRACE StateContext queue 7 complete
TRACE StateContext queue 8 00000207EF18B160 start
TRACE StateContext queue 8 messages 0
TRACE StateContext queue 8 messages clear start
TRACE StateContext queue 8 messages clear end
TRACE StateContext queue 8 complete
TRACE StateContext queue 9 00000207EF18B280 start
TRACE StateContext queue 9 messages 0
TRACE StateContext queue 9 messages clear start
TRACE StateContext queue 9 messages clear end
TRACE StateContext queue 9 complete
TRACE StateContext queue 10 00000207EF18B3A0 start
TRACE StateContext queue 10 messages 0
TRACE StateContext queue 10 messages clear start
TRACE StateContext queue 10 messages clear end
TRACE StateContext queue 10 complete
TRACE StateContext queue 11 00000207EF18B4C0 start
TRACE StateContext queue 11 messages 0
TRACE StateContext queue 11 messages clear start
TRACE StateContext queue 11 messages clear end
TRACE StateContext queue 11 complete
TRACE StateContext queue 12 00000207EF18B5E0 start
TRACE StateContext queue 12 messages 0
TRACE StateContext queue 12 messages clear start
TRACE StateContext queue 12 messages clear end
TRACE StateContext queue 12 complete
TRACE StateContext queue 13 00000207EF18B700 start
TRACE StateContext queue 13 messages 0
TRACE StateContext queue 13 messages clear start
TRACE StateContext queue 13 messages clear end
TRACE StateContext queue 13 complete
TRACE StateContext queue 14 00000207EF18B820 start
TRACE StateContext queue 14 messages 0
TRACE StateContext queue 14 messages clear start
TRACE StateContext queue 14 messages clear end
TRACE StateContext queue 14 complete
TRACE StateContext all queues drained
TRACE StateContext states snapshotted 1
TRACE StateContext states cleared
TRACE StateContext queues cleared
TRACE StateContext shared listener cleared
TRACE StateContext unload end 00000207F4B9D880
TRACE StateContext unload start 00000207F4B9D950 state 7
TRACE StateContext queues snapshotted 15
TRACE StateContext queue 0 00000207EF18B940 start
TRACE StateContext queue 0 messages 0
TRACE StateContext queue 0 messages clear start
TRACE StateContext queue 0 messages clear end
TRACE StateContext queue 0 complete
TRACE StateContext queue 1 00000207EF18BA60 start
TRACE StateContext queue 1 messages 0
TRACE StateContext queue 1 messages clear start
TRACE StateContext queue 1 messages clear end
TRACE StateContext queue 1 complete
TRACE StateContext queue 2 00000207EF18BB80 start
TRACE StateContext queue 2 messages 0
TRACE StateContext queue 2 messages clear start
TRACE StateContext queue 2 messages clear end
TRACE StateContext queue 2 complete
TRACE StateContext queue 3 00000207EF18BCA0 start
TRACE StateContext queue 3 messages 0
TRACE StateContext queue 3 messages clear start
TRACE StateContext queue 3 messages clear end
TRACE StateContext queue 3 complete
TRACE StateContext queue 4 00000207EF18BDC0 start
TRACE StateContext queue 4 messages 0
TRACE StateContext queue 4 messages clear start
TRACE StateContext queue 4 messages clear end
TRACE StateContext queue 4 complete
TRACE StateContext queue 5 00000207EF18BEE0 start
TRACE StateContext queue 5 messages 0
TRACE StateContext queue 5 messages clear start
TRACE StateContext queue 5 messages clear end
TRACE StateContext queue 5 complete
TRACE StateContext queue 6 00000207EF18C000 start
TRACE StateContext queue 6 messages 0
TRACE StateContext queue 6 messages clear start
TRACE StateContext queue 6 messages clear end
TRACE StateContext queue 6 complete
TRACE StateContext queue 7 00000207EF18C120 start
TRACE StateContext queue 7 messages 0
TRACE StateContext queue 7 messages clear start
TRACE StateContext queue 7 messages clear end
TRACE StateContext queue 7 complete
TRACE StateContext queue 8 00000207EF18C240 start
TRACE StateContext queue 8 messages 0
TRACE StateContext queue 8 messages clear start
TRACE StateContext queue 8 messages clear end
TRACE StateContext queue 8 complete
TRACE StateContext queue 9 00000207EF18C360 start
TRACE StateContext queue 9 messages 0
TRACE StateContext queue 9 messages clear start
TRACE StateContext queue 9 messages clear end
TRACE StateContext queue 9 complete
TRACE StateContext queue 10 00000207EF18C480 start
TRACE StateContext queue 10 messages 0
TRACE StateContext queue 10 messages clear start
TRACE StateContext queue 10 messages clear end
TRACE StateContext queue 10 complete
TRACE StateContext queue 11 00000207EF18C5A0 start
TRACE StateContext queue 11 messages 0
TRACE StateContext queue 11 messages clear start
TRACE StateContext queue 11 messages clear end
TRACE StateContext queue 11 complete
TRACE StateContext queue 12 00000207EF18C6C0 start
TRACE StateContext queue 12 messages 0
TRACE StateContext queue 12 messages clear start
TRACE StateContext queue 12 messages clear end
TRACE StateContext queue 12 complete
TRACE StateContext queue 13 00000207EF18C7E0 start
TRACE StateContext queue 13 messages 0
TRACE StateContext queue 13 messages clear start
TRACE StateContext queue 13 messages clear end
TRACE StateContext queue 13 complete
TRACE StateContext queue 14 00000207EF18C900 start
TRACE StateContext queue 14 messages 0
TRACE StateContext queue 14 messages clear start
TRACE StateContext queue 14 messages clear end
TRACE StateContext queue 14 complete
TRACE StateContext all queues drained
TRACE StateContext states snapshotted 1
TRACE StateContext states cleared
TRACE StateContext queues cleared
TRACE StateContext shared listener cleared
TRACE StateContext unload end 00000207F4B9D950
TRACE StateContext unload start 00000207F4B9DA20 state 7
TRACE StateContext queues snapshotted 15
TRACE StateContext queue 0 00000207EF18CA20 start
TRACE StateContext queue 0 messages 0
TRACE StateContext queue 0 messages clear start
TRACE StateContext queue 0 messages clear end
TRACE StateContext queue 0 complete
TRACE StateContext queue 1 00000207EF18CB40 start
TRACE StateContext queue 1 messages 0
TRACE StateContext queue 1 messages clear start
TRACE StateContext queue 1 messages clear end
TRACE StateContext queue 1 complete
TRACE StateContext queue 2 00000207EF18CC60 start
TRACE StateContext queue 2 messages 0
TRACE StateContext queue 2 messages clear start
TRACE StateContext queue 2 messages clear end
TRACE StateContext queue 2 complete
TRACE StateContext queue 3 00000207EF190CB0 start
TRACE StateContext queue 3 messages 0
TRACE StateContext queue 3 messages clear start
TRACE StateContext queue 3 messages clear end
TRACE StateContext queue 3 complete
TRACE StateContext queue 4 00000207EF190DD0 start
TRACE StateContext queue 4 messages 0
TRACE StateContext queue 4 messages clear start
TRACE StateContext queue 4 messages clear end
TRACE StateContext queue 4 complete
TRACE StateContext queue 5 00000207EF190EF0 start
TRACE StateContext queue 5 messages 0
TRACE StateContext queue 5 messages clear start
TRACE StateContext queue 5 messages clear end
TRACE StateContext queue 5 complete
TRACE StateContext queue 6 00000207EF191010 start
TRACE StateContext queue 6 messages 0
TRACE StateContext queue 6 messages clear start
TRACE StateContext queue 6 messages clear end
TRACE StateContext queue 6 complete
TRACE StateContext queue 7 00000207EF191130 start
TRACE StateContext queue 7 messages 0
TRACE StateContext queue 7 messages clear start
TRACE StateContext queue 7 messages clear end
TRACE StateContext queue 7 complete
TRACE StateContext queue 8 00000207EF191250 start
TRACE StateContext queue 8 messages 0
TRACE StateContext queue 8 messages clear start
TRACE StateContext queue 8 messages clear end
TRACE StateContext queue 8 complete
TRACE StateContext queue 9 00000207EF191370 start
TRACE StateContext queue 9 messages 0
TRACE StateContext queue 9 messages clear start
TRACE StateContext queue 9 messages clear end
TRACE StateContext queue 9 complete
TRACE StateContext queue 10 00000207EF191490 start
TRACE StateContext queue 10 messages 0
TRACE StateContext queue 10 messages clear start
TRACE StateContext queue 10 messages clear end
TRACE StateContext queue 10 complete
TRACE StateContext queue 11 00000207EF1915B0 start
TRACE StateContext queue 11 messages 0
TRACE StateContext queue 11 messages clear start
TRACE StateContext queue 11 messages clear end
TRACE StateContext queue 11 complete
TRACE StateContext queue 12 00000207EF1916D0 start
TRACE StateContext queue 12 messages 0
TRACE StateContext queue 12 messages clear start
TRACE StateContext queue 12 messages clear end
TRACE StateContext queue 12 complete
TRACE StateContext queue 13 00000207EF1917F0 start
TRACE StateContext queue 13 messages 0
TRACE StateContext queue 13 messages clear start
TRACE StateContext queue 13 messages clear end
TRACE StateContext queue 13 complete
TRACE StateContext queue 14 00000207EF191910 start
TRACE StateContext queue 14 messages 0
TRACE StateContext queue 14 messages clear start
TRACE StateContext queue 14 messages clear end
TRACE StateContext queue 14 complete
TRACE StateContext all queues drained
TRACE StateContext states snapshotted 1
TRACE StateContext states cleared
TRACE StateContext queues cleared
TRACE StateContext shared listener cleared
TRACE StateContext unload end 00000207F4B9DA20
TRACE StateContext unload start 00000207F4B9DAF0 state 7
TRACE StateContext queues snapshotted 15
TRACE StateContext queue 0 00000207EF191A30 start
TRACE StateContext queue 0 messages 0
TRACE StateContext queue 0 messages clear start
TRACE StateContext queue 0 messages clear end
TRACE StateContext queue 0 complete
TRACE StateContext queue 1 00000207EF191B50 start
TRACE StateContext queue 1 messages 0
TRACE StateContext queue 1 messages clear start
TRACE StateContext queue 1 messages clear end
TRACE StateContext queue 1 complete
TRACE StateContext queue 2 00000207EF191C70 start
TRACE StateContext queue 2 messages 0
TRACE StateContext queue 2 messages clear start
TRACE StateContext queue 2 messages clear end
TRACE StateContext queue 2 complete
TRACE StateContext queue 3 00000207EF191D90 start
TRACE StateContext queue 3 messages 0
TRACE StateContext queue 3 messages clear start
TRACE StateContext queue 3 messages clear end
TRACE StateContext queue 3 complete
TRACE StateContext queue 4 00000207EF191EB0 start
TRACE StateContext queue 4 messages 0
TRACE StateContext queue 4 messages clear start
TRACE StateContext queue 4 messages clear end
TRACE StateContext queue 4 complete
TRACE StateContext queue 5 00000207EF191FD0 start
TRACE StateContext queue 5 messages 0
TRACE StateContext queue 5 messages clear start
TRACE StateContext queue 5 messages clear end
TRACE StateContext queue 5 complete
TRACE StateContext queue 6 00000207EF1920F0 start
TRACE StateContext queue 6 messages 0
TRACE StateContext queue 6 messages clear start
TRACE StateContext queue 6 messages clear end
TRACE StateContext queue 6 complete
TRACE StateContext queue 7 00000207EF192210 start
TRACE StateContext queue 7 messages 0
TRACE StateContext queue 7 messages clear start
TRACE StateContext queue 7 messages clear end
TRACE StateContext queue 7 complete
TRACE StateContext queue 8 00000207EF192330 start
TRACE StateContext queue 8 messages 0
TRACE StateContext queue 8 messages clear start
TRACE StateContext queue 8 messages clear end
TRACE StateContext queue 8 complete
TRACE StateContext queue 9 00000207EF192450 start
TRACE StateContext queue 9 messages 0
TRACE StateContext queue 9 messages clear start
TRACE StateContext queue 9 messages clear end
TRACE StateContext queue 9 complete
TRACE StateContext queue 10 00000207EF192570 start
TRACE StateContext queue 10 messages 0
TRACE StateContext queue 10 messages clear start
TRACE StateContext queue 10 messages clear end
TRACE StateContext queue 10 complete
TRACE StateContext queue 11 00000207EF192690 start
TRACE StateContext queue 11 messages 0
TRACE StateContext queue 11 messages clear start
TRACE StateContext queue 11 messages clear end
TRACE StateContext queue 11 complete
TRACE StateContext queue 12 00000207EF1927B0 start
TRACE StateContext queue 12 messages 0
TRACE StateContext queue 12 messages clear start
TRACE StateContext queue 12 messages clear end
TRACE StateContext queue 12 complete
TRACE StateContext queue 13 00000207EF1928D0 start
TRACE StateContext queue 13 messages 0
TRACE StateContext queue 13 messages clear start
TRACE StateContext queue 13 messages clear end
TRACE StateContext queue 13 complete
TRACE StateContext queue 14 00000207EF1929F0 start
TRACE StateContext queue 14 messages 0
TRACE StateContext queue 14 messages clear start
TRACE StateContext queue 14 messages clear end
TRACE StateContext queue 14 complete
TRACE StateContext all queues drained
TRACE StateContext states snapshotted 1
TRACE StateContext states cleared
TRACE StateContext queues cleared
TRACE StateContext shared listener cleared
TRACE StateContext unload end 00000207F4B9DAF0
TRACE StateContext unload start 00000207F4B9DBC0 state 7
TRACE StateContext queues snapshotted 15
TRACE StateContext queue 0 00000207EF192B10 start
TRACE StateContext queue 0 messages 0
TRACE StateContext queue 0 messages clear start
TRACE StateContext queue 0 messages clear end
TRACE StateContext queue 0 complete
TRACE StateContext queue 1 00000207EF192C30 start
TRACE StateContext queue 1 messages 0
TRACE StateContext queue 1 messages clear start
TRACE StateContext queue 1 messages clear end
TRACE StateContext queue 1 complete
TRACE StateContext queue 2 00000207EF192D50 start
TRACE StateContext queue 2 messages 0
TRACE StateContext queue 2 messages clear start
TRACE StateContext queue 2 messages clear end
TRACE StateContext queue 2 complete
TRACE StateContext queue 3 00000207EF192E70 start
TRACE StateContext queue 3 messages 0
TRACE StateContext queue 3 messages clear start
TRACE StateContext queue 3 messages clear end
TRACE StateContext queue 3 complete
TRACE StateContext queue 4 00000207EF192F90 start
TRACE StateContext queue 4 messages 0
TRACE StateContext queue 4 messages clear start
TRACE StateContext queue 4 messages clear end
TRACE StateContext queue 4 complete
TRACE StateContext queue 5 00000207EF194EA0 start
TRACE StateContext queue 5 messages 0
TRACE StateContext queue 5 messages clear start
TRACE StateContext queue 5 messages clear end
TRACE StateContext queue 5 complete
TRACE StateContext queue 6 00000207EF194FC0 start
TRACE StateContext queue 6 messages 0
TRACE StateContext queue 6 messages clear start
TRACE StateContext queue 6 messages clear end
TRACE StateContext queue 6 complete
TRACE StateContext queue 7 00000207EF1950E0 start
TRACE StateContext queue 7 messages 0
TRACE StateContext queue 7 messages clear start
TRACE StateContext queue 7 messages clear end
TRACE StateContext queue 7 complete
TRACE StateContext queue 8 00000207EF195200 start
TRACE StateContext queue 8 messages 0
TRACE StateContext queue 8 messages clear start
TRACE StateContext queue 8 messages clear end
TRACE StateContext queue 8 complete
TRACE StateContext queue 9 00000207EF195320 start
TRACE StateContext queue 9 messages 0
TRACE StateContext queue 9 messages clear start
TRACE StateContext queue 9 messages clear end
TRACE StateContext queue 9 complete
TRACE StateContext queue 10 00000207EF195440 start
TRACE StateContext queue 10 messages 0
TRACE StateContext queue 10 messages clear start
TRACE StateContext queue 10 messages clear end
TRACE StateContext queue 10 complete
TRACE StateContext queue 11 00000207EF195560 start
TRACE StateContext queue 11 messages 0
TRACE StateContext queue 11 messages clear start
TRACE StateContext queue 11 messages clear end
TRACE StateContext queue 11 complete
TRACE StateContext queue 12 00000207EF195680 start
TRACE StateContext queue 12 messages 0
TRACE StateContext queue 12 messages clear start
TRACE StateContext queue 12 messages clear end
TRACE StateContext queue 12 complete
TRACE StateContext queue 13 00000207EF1957A0 start
TRACE StateContext queue 13 messages 0
TRACE StateContext queue 13 messages clear start
TRACE StateContext queue 13 messages clear end
TRACE StateContext queue 13 complete
TRACE StateContext queue 14 00000207EF1958C0 start
TRACE StateContext queue 14 messages 0
TRACE StateContext queue 14 messages clear start
TRACE StateContext queue 14 messages clear end
TRACE StateContext queue 14 complete
TRACE StateContext all queues drained
TRACE StateContext states snapshotted 1
TRACE StateContext states cleared
TRACE StateContext queues cleared
TRACE StateContext shared listener cleared
TRACE StateContext unload end 00000207F4B9DBC0
TRACE StateContext unload start 00000207F4B9DC90 state 7
TRACE StateContext queues snapshotted 15
TRACE StateContext queue 0 00000207EF1959E0 start
TRACE StateContext queue 0 messages 0
TRACE StateContext queue 0 messages clear start
TRACE StateContext queue 0 messages clear end
TRACE StateContext queue 0 complete
TRACE StateContext queue 1 00000207EF195B00 start
TRACE StateContext queue 1 messages 0
TRACE StateContext queue 1 messages clear start
TRACE StateContext queue 1 messages clear end
TRACE StateContext queue 1 complete
TRACE StateContext queue 2 00000207EF195C20 start
TRACE StateContext queue 2 messages 0
TRACE StateContext queue 2 messages clear start
TRACE StateContext queue 2 messages clear end
TRACE StateContext queue 2 complete
TRACE StateContext queue 3 00000207EF195D40 start
TRACE StateContext queue 3 messages 0
TRACE StateContext queue 3 messages clear start
TRACE StateContext queue 3 messages clear end
TRACE StateContext queue 3 complete
TRACE StateContext queue 4 00000207EF195E60 start
TRACE StateContext queue 4 messages 0
TRACE StateContext queue 4 messages clear start
TRACE StateContext queue 4 messages clear end
TRACE StateContext queue 4 complete
TRACE StateContext queue 5 00000207EF195F80 start
TRACE StateContext queue 5 messages 0
TRACE StateContext queue 5 messages clear start
TRACE StateContext queue 5 messages clear end
TRACE StateContext queue 5 complete
TRACE StateContext queue 6 00000207EF1960A0 start
TRACE StateContext queue 6 messages 0
TRACE StateContext queue 6 messages clear start
TRACE StateContext queue 6 messages clear end
TRACE StateContext queue 6 complete
TRACE StateContext queue 7 00000207EF1961C0 start
TRACE StateContext queue 7 messages 0
TRACE StateContext queue 7 messages clear start
TRACE StateContext queue 7 messages clear end
TRACE StateContext queue 7 complete
TRACE StateContext queue 8 00000207EF1962E0 start
TRACE StateContext queue 8 messages 0
TRACE StateContext queue 8 messages clear start
TRACE StateContext queue 8 messages clear end
TRACE StateContext queue 8 complete
TRACE StateContext queue 9 00000207EF196400 start
TRACE StateContext queue 9 messages 0
TRACE StateContext queue 9 messages clear start
TRACE StateContext queue 9 messages clear end
TRACE StateContext queue 9 complete
TRACE StateContext queue 10 00000207EF196520 start
TRACE StateContext queue 10 messages 0
TRACE StateContext queue 10 messages clear start
TRACE StateContext queue 10 messages clear end
TRACE StateContext queue 10 complete
TRACE StateContext queue 11 00000207EF196640 start
TRACE StateContext queue 11 messages 0
TRACE StateContext queue 11 messages clear start
TRACE StateContext queue 11 messages clear end
TRACE StateContext queue 11 complete
TRACE StateContext queue 12 00000207EF196760 start
TRACE StateContext queue 12 messages 0
TRACE StateContext queue 12 messages clear start
TRACE StateContext queue 12 messages clear end
TRACE StateContext queue 12 complete
TRACE StateContext queue 13 00000207EF196880 start
TRACE StateContext queue 13 messages 0
TRACE StateContext queue 13 messages clear start
TRACE StateContext queue 13 messages clear end
TRACE StateContext queue 13 complete
TRACE StateContext queue 14 00000207EF1969A0 start
TRACE StateContext queue 14 messages 0
TRACE StateContext queue 14 messages clear start
TRACE StateContext queue 14 messages clear end
TRACE StateContext queue 14 complete
TRACE StateContext all queues drained
TRACE StateContext states snapshotted 1
TRACE StateContext states cleared
TRACE StateContext queues cleared
TRACE StateContext shared listener cleared
TRACE StateContext unload end 00000207F4B9DC90
TRACE StateContext unload start 00000207F4B9DD60 state 7
TRACE StateContext queues snapshotted 15
TRACE StateContext queue 0 00000207EF196AC0 start
TRACE StateContext queue 0 messages 0
TRACE StateContext queue 0 messages clear start
TRACE StateContext queue 0 messages clear end
TRACE StateContext queue 0 complete
TRACE StateContext queue 1 00000207EF196BE0 start
TRACE StateContext queue 1 messages 0
TRACE StateContext queue 1 messages clear start
TRACE StateContext queue 1 messages clear end
TRACE StateContext queue 1 complete
TRACE StateContext queue 2 00000207EF196D00 start
TRACE StateContext queue 2 messages 0
TRACE StateContext queue 2 messages clear start
TRACE StateContext queue 2 messages clear end
TRACE StateContext queue 2 complete
TRACE StateContext queue 3 00000207EF196E20 start
TRACE StateContext queue 3 messages 0
TRACE StateContext queue 3 messages clear start
TRACE StateContext queue 3 messages clear end
TRACE StateContext queue 3 complete
TRACE StateContext queue 4 00000207EF196F40 start
TRACE StateContext queue 4 messages 0
TRACE StateContext queue 4 messages clear start
TRACE StateContext queue 4 messages clear end
TRACE StateContext queue 4 complete
TRACE StateContext queue 5 00000207EF197060 start
TRACE StateContext queue 5 messages 0
TRACE StateContext queue 5 messages clear start
TRACE StateContext queue 5 messages clear end
TRACE StateContext queue 5 complete
TRACE StateContext queue 6 00000207EF197180 start
TRACE StateContext queue 6 messages 0
TRACE StateContext queue 6 messages clear start
TRACE StateContext queue 6 messages clear end
TRACE StateContext queue 6 complete
TRACE StateContext queue 7 00000207EF1BA8E0 start
TRACE StateContext queue 7 messages 0
TRACE StateContext queue 7 messages clear start
TRACE StateContext queue 7 messages clear end
TRACE StateContext queue 7 complete
TRACE StateContext queue 8 00000207EF1BAA00 start
TRACE StateContext queue 8 messages 0
TRACE StateContext queue 8 messages clear start
TRACE StateContext queue 8 messages clear end
TRACE StateContext queue 8 complete
TRACE StateContext queue 9 00000207EF1BAB20 start
TRACE StateContext queue 9 messages 0
TRACE StateContext queue 9 messages clear start
TRACE StateContext queue 9 messages clear end
TRACE StateContext queue 9 complete
TRACE StateContext queue 10 00000207EF1BAC40 start
TRACE StateContext queue 10 messages 0
TRACE StateContext queue 10 messages clear start
TRACE StateContext queue 10 messages clear end
TRACE StateContext queue 10 complete
TRACE StateContext queue 11 00000207EF1BAD60 start
TRACE StateContext queue 11 messages 0
TRACE StateContext queue 11 messages clear start
TRACE StateContext queue 11 messages clear end
TRACE StateContext queue 11 complete
TRACE StateContext queue 12 00000207EF1BAE80 start
TRACE StateContext queue 12 messages 0
TRACE StateContext queue 12 messages clear start
TRACE StateContext queue 12 messages clear end
TRACE StateContext queue 12 complete
TRACE StateContext queue 13 00000207EF1BAFA0 start
TRACE StateContext queue 13 messages 0
TRACE StateContext queue 13 messages clear start
TRACE StateContext queue 13 messages clear end
TRACE StateContext queue 13 complete
TRACE StateContext queue 14 00000207EF1BB0C0 start
TRACE StateContext queue 14 messages 0
TRACE StateContext queue 14 messages clear start
TRACE StateContext queue 14 messages clear end
TRACE StateContext queue 14 complete
TRACE StateContext all queues drained
TRACE StateContext states snapshotted 1
TRACE StateContext states cleared
TRACE StateContext queues cleared
TRACE StateContext shared listener cleared
TRACE StateContext unload end 00000207F4B9DD60
TRACE StateContext unload start 00000207F4B9DE30 state 7
TRACE StateContext queues snapshotted 15
TRACE StateContext queue 0 00000207EF1BB1E0 start
TRACE StateContext queue 0 messages 0
TRACE StateContext queue 0 messages clear start
TRACE StateContext queue 0 messages clear end
TRACE StateContext queue 0 complete
TRACE StateContext queue 1 00000207EF1BB300 start
TRACE StateContext queue 1 messages 0
TRACE StateContext queue 1 messages clear start
TRACE StateContext queue 1 messages clear end
TRACE StateContext queue 1 complete
TRACE StateContext queue 2 00000207EF1BB420 start
TRACE StateContext queue 2 messages 0
TRACE StateContext queue 2 messages clear start
TRACE StateContext queue 2 messages clear end
TRACE StateContext queue 2 complete
TRACE StateContext queue 3 00000207EF1BB540 start
TRACE StateContext queue 3 messages 0
TRACE StateContext queue 3 messages clear start
TRACE StateContext queue 3 messages clear end
TRACE StateContext queue 3 complete
TRACE StateContext queue 4 00000207EF1BB660 start
TRACE StateContext queue 4 messages 0
TRACE StateContext queue 4 messages clear start
TRACE StateContext queue 4 messages clear end
TRACE StateContext queue 4 complete
TRACE StateContext queue 5 00000207EF1BB780 start
TRACE StateContext queue 5 messages 0
TRACE StateContext queue 5 messages clear start
TRACE StateContext queue 5 messages clear end
TRACE StateContext queue 5 complete
TRACE StateContext queue 6 00000207EF1BB8A0 start
TRACE StateContext queue 6 messages 0
TRACE StateContext queue 6 messages clear start
TRACE StateContext queue 6 messages clear end
TRACE StateContext queue 6 complete
TRACE StateContext queue 7 00000207EF1BB9C0 start
TRACE StateContext queue 7 messages 0
TRACE StateContext queue 7 messages clear start
TRACE StateContext queue 7 messages clear end
TRACE StateContext queue 7 complete
TRACE StateContext queue 8 00000207EF1BBAE0 start
TRACE StateContext queue 8 messages 0
TRACE StateContext queue 8 messages clear start
TRACE StateContext queue 8 messages clear end
TRACE StateContext queue 8 complete
TRACE StateContext queue 9 00000207EF1BBC00 start
TRACE StateContext queue 9 messages 0
TRACE StateContext queue 9 messages clear start
TRACE StateContext queue 9 messages clear end
TRACE StateContext queue 9 complete
TRACE StateContext queue 10 00000207EF1BBD20 start
TRACE StateContext queue 10 messages 0
TRACE StateContext queue 10 messages clear start
TRACE StateContext queue 10 messages clear end
TRACE StateContext queue 10 complete
TRACE StateContext queue 11 00000207EF1BBE40 start
TRACE StateContext queue 11 messages 0
TRACE StateContext queue 11 messages clear start
TRACE StateContext queue 11 messages clear end
TRACE StateContext queue 11 complete
TRACE StateContext queue 12 00000207EF1BBF60 start
TRACE StateContext queue 12 messages 0
TRACE StateContext queue 12 messages clear start
TRACE StateContext queue 12 messages clear end
TRACE StateContext queue 12 complete
TRACE StateContext queue 13 00000207EF1BC080 start
TRACE StateContext queue 13 messages 0
TRACE StateContext queue 13 messages clear start
TRACE StateContext queue 13 messages clear end
TRACE StateContext queue 13 complete
TRACE StateContext queue 14 00000207EF1BC1A0 start
TRACE StateContext queue 14 messages 0
TRACE StateContext queue 14 messages clear start
TRACE StateContext queue 14 messages clear end
TRACE StateContext queue 14 complete
TRACE StateContext all queues drained
TRACE StateContext states snapshotted 1
TRACE StateContext states cleared
TRACE StateContext queues cleared
TRACE StateContext shared listener cleared
TRACE StateContext unload end 00000207F4B9DE30
TRACE StateContext unload start 00000207F4B9DF00 state 7
TRACE StateContext queues snapshotted 15
TRACE StateContext queue 0 00000207EF1BC2C0 start
TRACE StateContext queue 0 messages 0
TRACE StateContext queue 0 messages clear start
TRACE StateContext queue 0 messages clear end
TRACE StateContext queue 0 complete
TRACE StateContext queue 1 00000207EF1BC3E0 start
TRACE StateContext queue 1 messages 0
TRACE StateContext queue 1 messages clear start
TRACE StateContext queue 1 messages clear end
TRACE StateContext queue 1 complete
TRACE StateContext queue 2 00000207EF1BC500 start
TRACE StateContext queue 2 messages 0
TRACE StateContext queue 2 messages clear start
TRACE StateContext queue 2 messages clear end
TRACE StateContext queue 2 complete
TRACE StateContext queue 3 00000207EF1BC620 start
TRACE StateContext queue 3 messages 0
TRACE StateContext queue 3 messages clear start
TRACE StateContext queue 3 messages clear end
TRACE StateContext queue 3 complete
TRACE StateContext queue 4 00000207EF1BC740 start
TRACE StateContext queue 4 messages 0
TRACE StateContext queue 4 messages clear start
TRACE StateContext queue 4 messages clear end
TRACE StateContext queue 4 complete
TRACE StateContext queue 5 00000207EF1BC860 start
TRACE StateContext queue 5 messages 0
TRACE StateContext queue 5 messages clear start
TRACE StateContext queue 5 messages clear end
TRACE StateContext queue 5 complete
TRACE StateContext queue 6 00000207EF1BC980 start
TRACE StateContext queue 6 messages 0
TRACE StateContext queue 6 messages clear start
TRACE StateContext queue 6 messages clear end
TRACE StateContext queue 6 complete
TRACE StateContext queue 7 00000207EF1BCAA0 start
TRACE StateContext queue 7 messages 0
TRACE StateContext queue 7 messages clear start
TRACE StateContext queue 7 messages clear end
TRACE StateContext queue 7 complete
TRACE StateContext queue 8 00000207EF1BCBC0 start
TRACE StateContext queue 8 messages 0
TRACE StateContext queue 8 messages clear start
TRACE StateContext queue 8 messages clear end
TRACE StateContext queue 8 complete
TRACE StateContext queue 9 00000207EF1BD310 start
TRACE StateContext queue 9 messages 0
TRACE StateContext queue 9 messages clear start
TRACE StateContext queue 9 messages clear end
TRACE StateContext queue 9 complete
TRACE StateContext queue 10 00000207EF1BD430 start
TRACE StateContext queue 10 messages 0
TRACE StateContext queue 10 messages clear start
TRACE StateContext queue 10 messages clear end
TRACE StateContext queue 10 complete
TRACE StateContext queue 11 00000207EF1BD550 start
TRACE StateContext queue 11 messages 0
TRACE StateContext queue 11 messages clear start
TRACE StateContext queue 11 messages clear end
TRACE StateContext queue 11 complete
TRACE StateContext queue 12 00000207EF1BD670 start
TRACE StateContext queue 12 messages 0
TRACE StateContext queue 12 messages clear start
TRACE StateContext queue 12 messages clear end
TRACE StateContext queue 12 complete
TRACE StateContext queue 13 00000207EF1BD790 start
TRACE StateContext queue 13 messages 0
TRACE StateContext queue 13 messages clear start
TRACE StateContext queue 13 messages clear end
TRACE StateContext queue 13 complete
TRACE StateContext queue 14 00000207EF1BD8B0 start
TRACE StateContext queue 14 messages 0
TRACE StateContext queue 14 messages clear start
TRACE StateContext queue 14 messages clear end
TRACE StateContext queue 14 complete
TRACE StateContext all queues drained
TRACE StateContext states snapshotted 1
TRACE StateContext states cleared
TRACE StateContext queues cleared
TRACE StateContext shared listener cleared
TRACE StateContext unload end 00000207F4B9DF00
TRACE StateContext unload start 00000207F4B9DFD0 state 7
TRACE StateContext queues snapshotted 15
TRACE StateContext queue 0 00000207EF1BD9D0 start
TRACE StateContext queue 0 messages 0
TRACE StateContext queue 0 messages clear start
TRACE StateContext queue 0 messages clear end
TRACE StateContext queue 0 complete
TRACE StateContext queue 1 00000207EF1BDAF0 start
TRACE StateContext queue 1 messages 0
TRACE StateContext queue 1 messages clear start
TRACE StateContext queue 1 messages clear end
TRACE StateContext queue 1 complete
TRACE StateContext queue 2 00000207EF1BDC10 start
TRACE StateContext queue 2 messages 0
TRACE StateContext queue 2 messages clear start
TRACE StateContext queue 2 messages clear end
TRACE StateContext queue 2 complete
TRACE StateContext queue 3 00000207EF1BDD30 start
TRACE StateContext queue 3 messages 0
TRACE StateContext queue 3 messages clear start
TRACE StateContext queue 3 messages clear end
TRACE StateContext queue 3 complete
TRACE StateContext queue 4 00000207EF1BDE50 start
TRACE StateContext queue 4 messages 0
TRACE StateContext queue 4 messages clear start
TRACE StateContext queue 4 messages clear end
TRACE StateContext queue 4 complete
TRACE StateContext queue 5 00000207EF1BDF70 start
TRACE StateContext queue 5 messages 0
TRACE StateContext queue 5 messages clear start
TRACE StateContext queue 5 messages clear end
TRACE StateContext queue 5 complete
TRACE StateContext queue 6 00000207EF1BE090 start
TRACE StateContext queue 6 messages 0
TRACE StateContext queue 6 messages clear start
TRACE StateContext queue 6 messages clear end
TRACE StateContext queue 6 complete
TRACE StateContext queue 7 00000207EF1BE1B0 start
TRACE StateContext queue 7 messages 0
TRACE StateContext queue 7 messages clear start
TRACE StateContext queue 7 messages clear end
TRACE StateContext queue 7 complete
TRACE StateContext queue 8 00000207EF1BE2D0 start
TRACE StateContext queue 8 messages 0
TRACE StateContext queue 8 messages clear start
TRACE StateContext queue 8 messages clear end
TRACE StateContext queue 8 complete
TRACE StateContext queue 9 00000207EF1BE3F0 start
TRACE StateContext queue 9 messages 0
TRACE StateContext queue 9 messages clear start
TRACE StateContext queue 9 messages clear end
TRACE StateContext queue 9 complete
TRACE StateContext queue 10 00000207EF1BE510 start
TRACE StateContext queue 10 messages 0
TRACE StateContext queue 10 messages clear start
TRACE StateContext queue 10 messages clear end
TRACE StateContext queue 10 complete
TRACE StateContext queue 11 00000207EF1BE630 start
TRACE StateContext queue 11 messages 0
TRACE StateContext queue 11 messages clear start
TRACE StateContext queue 11 messages clear end
TRACE StateContext queue 11 complete
TRACE StateContext queue 12 00000207EF1BE750 start
TRACE StateContext queue 12 messages 0
TRACE StateContext queue 12 messages clear start
TRACE StateContext queue 12 messages clear end
TRACE StateContext queue 12 complete
TRACE StateContext queue 13 00000207EF1BE870 start
TRACE StateContext queue 13 messages 0
TRACE StateContext queue 13 messages clear start
TRACE StateContext queue 13 messages clear end
TRACE StateContext queue 13 complete
TRACE StateContext queue 14 00000207EF1BE990 start
TRACE StateContext queue 14 messages 0
TRACE StateContext queue 14 messages clear start
TRACE StateContext queue 14 messages clear end
TRACE StateContext queue 14 complete
TRACE StateContext all queues drained
TRACE StateContext states snapshotted 1
TRACE StateContext states cleared
TRACE StateContext queues cleared
TRACE StateContext shared listener cleared
TRACE StateContext unload end 00000207F4B9DFD0
TRACE StateContext unload start 00000207F4B9E0A0 state 7
TRACE StateContext queues snapshotted 15
TRACE StateContext queue 0 00000207EF1BEAB0 start
TRACE StateContext queue 0 messages 0
TRACE StateContext queue 0 messages clear start
TRACE StateContext queue 0 messages clear end
TRACE StateContext queue 0 complete
TRACE StateContext queue 1 00000207EF1BEBD0 start
TRACE StateContext queue 1 messages 0
TRACE StateContext queue 1 messages clear start
TRACE StateContext queue 1 messages clear end
TRACE StateContext queue 1 complete
TRACE StateContext queue 2 00000207EF1BECF0 start
TRACE StateContext queue 2 messages 0
TRACE StateContext queue 2 messages clear start
TRACE StateContext queue 2 messages clear end
TRACE StateContext queue 2 complete
TRACE StateContext queue 3 00000207EF1BEE10 start
TRACE StateContext queue 3 messages 0
TRACE StateContext queue 3 messages clear start
TRACE StateContext queue 3 messages clear end
TRACE StateContext queue 3 complete
TRACE StateContext queue 4 00000207EF1BEF30 start
TRACE StateContext queue 4 messages 0
TRACE StateContext queue 4 messages clear start
TRACE StateContext queue 4 messages clear end
TRACE StateContext queue 4 complete
TRACE StateContext queue 5 00000207EF1BF050 start
TRACE StateContext queue 5 messages 0
TRACE StateContext queue 5 messages clear start
TRACE StateContext queue 5 messages clear end
TRACE StateContext queue 5 complete
TRACE StateContext queue 6 00000207EF1BF170 start
TRACE StateContext queue 6 messages 0
TRACE StateContext queue 6 messages clear start
TRACE StateContext queue 6 messages clear end
TRACE StateContext queue 6 complete
TRACE StateContext queue 7 00000207EF1BF290 start
TRACE StateContext queue 7 messages 0
TRACE StateContext queue 7 messages clear start
TRACE StateContext queue 7 messages clear end
TRACE StateContext queue 7 complete
TRACE StateContext queue 8 00000207EF1BF3B0 start
TRACE StateContext queue 8 messages 0
TRACE StateContext queue 8 messages clear start
TRACE StateContext queue 8 messages clear end
TRACE StateContext queue 8 complete
TRACE StateContext queue 9 00000207EF1BF4D0 start
TRACE StateContext queue 9 messages 0
TRACE StateContext queue 9 messages clear start
TRACE StateContext queue 9 messages clear end
TRACE StateContext queue 9 complete
TRACE StateContext queue 10 00000207EF1BF5F0 start
TRACE StateContext queue 10 messages 0
TRACE StateContext queue 10 messages clear start
TRACE StateContext queue 10 messages clear end
TRACE StateContext queue 10 complete
TRACE StateContext queue 11 00000207EF212060 start
TRACE StateContext queue 11 messages 0
TRACE StateContext queue 11 messages clear start
TRACE StateContext queue 11 messages clear end
TRACE StateContext queue 11 complete
TRACE StateContext queue 12 00000207EF212180 start
TRACE StateContext queue 12 messages 0
TRACE StateContext queue 12 messages clear start
TRACE StateContext queue 12 messages clear end
TRACE StateContext queue 12 complete
TRACE StateContext queue 13 00000207EF2122A0 start
TRACE StateContext queue 13 messages 0
TRACE StateContext queue 13 messages clear start
TRACE StateContext queue 13 messages clear end
TRACE StateContext queue 13 complete
TRACE StateContext queue 14 00000207EF2123C0 start
TRACE StateContext queue 14 messages 0
TRACE StateContext queue 14 messages clear start
TRACE StateContext queue 14 messages clear end
TRACE StateContext queue 14 complete
TRACE StateContext all queues drained
TRACE StateContext states snapshotted 1
TRACE StateContext states cleared
TRACE StateContext queues cleared
TRACE StateContext shared listener cleared
TRACE StateContext unload end 00000207F4B9E0A0
TRACE StateContext unload start 00000207F4B9E170 state 7
TRACE StateContext queues snapshotted 15
TRACE StateContext queue 0 00000207EF2124E0 start
TRACE StateContext queue 0 messages 0
TRACE StateContext queue 0 messages clear start
TRACE StateContext queue 0 messages clear end
TRACE StateContext queue 0 complete
TRACE StateContext queue 1 00000207EF212600 start
TRACE StateContext queue 1 messages 0
TRACE StateContext queue 1 messages clear start
TRACE StateContext queue 1 messages clear end
TRACE StateContext queue 1 complete
TRACE StateContext queue 2 00000207EF212720 start
TRACE StateContext queue 2 messages 0
TRACE StateContext queue 2 messages clear start
TRACE StateContext queue 2 messages clear end
TRACE StateContext queue 2 complete
TRACE StateContext queue 3 00000207EF212840 start
TRACE StateContext queue 3 messages 0
TRACE StateContext queue 3 messages clear start
TRACE StateContext queue 3 messages clear end
TRACE StateContext queue 3 complete
TRACE StateContext queue 4 00000207EF212960 start
TRACE StateContext queue 4 messages 0
TRACE StateContext queue 4 messages clear start
TRACE StateContext queue 4 messages clear end
TRACE StateContext queue 4 complete
TRACE StateContext queue 5 00000207EF212A80 start
TRACE StateContext queue 5 messages 0
TRACE StateContext queue 5 messages clear start
TRACE StateContext queue 5 messages clear end
TRACE StateContext queue 5 complete
TRACE StateContext queue 6 00000207EF212BA0 start
TRACE StateContext queue 6 messages 0
TRACE StateContext queue 6 messages clear start
TRACE StateContext queue 6 messages clear end
TRACE StateContext queue 6 complete
TRACE StateContext queue 7 00000207EF212CC0 start
TRACE StateContext queue 7 messages 0
TRACE StateContext queue 7 messages clear start
TRACE StateContext queue 7 messages clear end
TRACE StateContext queue 7 complete
TRACE StateContext queue 8 00000207EF212DE0 start
TRACE StateContext queue 8 messages 0
TRACE StateContext queue 8 messages clear start
TRACE StateContext queue 8 messages clear end
TRACE StateContext queue 8 complete
TRACE StateContext queue 9 00000207EF212F00 start
TRACE StateContext queue 9 messages 0
TRACE StateContext queue 9 messages clear start
TRACE StateContext queue 9 messages clear end
TRACE StateContext queue 9 complete
TRACE StateContext queue 10 00000207EF213020 start
TRACE StateContext queue 10 messages 0
TRACE StateContext queue 10 messages clear start
TRACE StateContext queue 10 messages clear end
TRACE StateContext queue 10 complete
TRACE StateContext queue 11 00000207EF213140 start
TRACE StateContext queue 11 messages 0
TRACE StateContext queue 11 messages clear start
TRACE StateContext queue 11 messages clear end
TRACE StateContext queue 11 complete
TRACE StateContext queue 12 00000207EF213260 start
TRACE StateContext queue 12 messages 0
TRACE StateContext queue 12 messages clear start
TRACE StateContext queue 12 messages clear end
TRACE StateContext queue 12 complete
TRACE StateContext queue 13 00000207EF213380 start
TRACE StateContext queue 13 messages 0
TRACE StateContext queue 13 messages clear start
TRACE StateContext queue 13 messages clear end
TRACE StateContext queue 13 complete
TRACE StateContext queue 14 00000207EF2134A0 start
TRACE StateContext queue 14 messages 0
TRACE StateContext queue 14 messages clear start
TRACE StateContext queue 14 messages clear end
TRACE StateContext queue 14 complete
TRACE StateContext all queues drained
TRACE StateContext states snapshotted 1
TRACE StateContext states cleared
TRACE StateContext queues cleared
TRACE StateContext shared listener cleared
TRACE StateContext unload end 00000207F4B9E170
TRACE StateContext unload start 00000207F4B9E240 state 7
TRACE StateContext queues snapshotted 15
TRACE StateContext queue 0 00000207EF2135C0 start
TRACE StateContext queue 0 messages 0
TRACE StateContext queue 0 messages clear start
TRACE StateContext queue 0 messages clear end
TRACE StateContext queue 0 complete
TRACE StateContext queue 1 00000207EF2136E0 start
TRACE StateContext queue 1 messages 0
TRACE StateContext queue 1 messages clear start
TRACE StateContext queue 1 messages clear end
TRACE StateContext queue 1 complete
TRACE StateContext queue 2 00000207EF213800 start
TRACE StateContext queue 2 messages 0
TRACE StateContext queue 2 messages clear start
TRACE StateContext queue 2 messages clear end
TRACE StateContext queue 2 complete
TRACE StateContext queue 3 00000207EF213920 start
TRACE StateContext queue 3 messages 0
TRACE StateContext queue 3 messages clear start
TRACE StateContext queue 3 messages clear end
TRACE StateContext queue 3 complete
TRACE StateContext queue 4 00000207EF213A40 start
TRACE StateContext queue 4 messages 0
TRACE StateContext queue 4 messages clear start
TRACE StateContext queue 4 messages clear end
TRACE StateContext queue 4 complete
TRACE StateContext queue 5 00000207EF213B60 start
TRACE StateContext queue 5 messages 0
TRACE StateContext queue 5 messages clear start
TRACE StateContext queue 5 messages clear end
TRACE StateContext queue 5 complete
TRACE StateContext queue 6 00000207EF213C80 start
TRACE StateContext queue 6 messages 0
TRACE StateContext queue 6 messages clear start
TRACE StateContext queue 6 messages clear end
TRACE StateContext queue 6 complete
TRACE StateContext queue 7 00000207EF213DA0 start
TRACE StateContext queue 7 messages 0
TRACE StateContext queue 7 messages clear start
TRACE StateContext queue 7 messages clear end
TRACE StateContext queue 7 complete
TRACE StateContext queue 8 00000207EF213EC0 start
TRACE StateContext queue 8 messages 0
TRACE StateContext queue 8 messages clear start
TRACE StateContext queue 8 messages clear end
TRACE StateContext queue 8 complete
TRACE StateContext queue 9 00000207EF213FE0 start
TRACE StateContext queue 9 messages 0
TRACE StateContext queue 9 messages clear start
TRACE StateContext queue 9 messages clear end
TRACE StateContext queue 9 complete
TRACE StateContext queue 10 00000207EF214100 start
TRACE StateContext queue 10 messages 0
TRACE StateContext queue 10 messages clear start
TRACE StateContext queue 10 messages clear end
TRACE StateContext queue 10 complete
TRACE StateContext queue 11 00000207EF214220 start
TRACE StateContext queue 11 messages 0
TRACE StateContext queue 11 messages clear start
TRACE StateContext queue 11 messages clear end
TRACE StateContext queue 11 complete
TRACE StateContext queue 12 00000207EF214340 start
TRACE StateContext queue 12 messages 0
TRACE StateContext queue 12 messages clear start
TRACE StateContext queue 12 messages clear end
TRACE StateContext queue 12 complete
TRACE StateContext queue 13 00000207EF2144C0 start
TRACE StateContext queue 13 messages 0
TRACE StateContext queue 13 messages clear start
TRACE StateContext queue 13 messages clear end
TRACE StateContext queue 13 complete
TRACE StateContext queue 14 00000207EF2145E0 start
TRACE StateContext queue 14 messages 0
TRACE StateContext queue 14 messages clear start
TRACE StateContext queue 14 messages clear end
TRACE StateContext queue 14 complete
TRACE StateContext all queues drained
TRACE StateContext states snapshotted 1
TRACE StateContext states cleared
TRACE StateContext queues cleared
TRACE StateContext shared listener cleared
TRACE StateContext unload end 00000207F4B9E240
TRACE StateContext unload start 00000207F4B9E310 state 7
TRACE StateContext queues snapshotted 15
TRACE StateContext queue 0 00000207EF214700 start
TRACE StateContext queue 0 messages 0
TRACE StateContext queue 0 messages clear start
TRACE StateContext queue 0 messages clear end
TRACE StateContext queue 0 complete
TRACE StateContext queue 1 00000207EF214820 start
TRACE StateContext queue 1 messages 0
TRACE StateContext queue 1 messages clear start
TRACE StateContext queue 1 messages clear end
TRACE StateContext queue 1 complete
TRACE StateContext queue 2 00000207EF214940 start
TRACE StateContext queue 2 messages 0
TRACE StateContext queue 2 messages clear start
TRACE StateContext queue 2 messages clear end
TRACE StateContext queue 2 complete
TRACE StateContext queue 3 00000207EF214A60 start
TRACE StateContext queue 3 messages 0
TRACE StateContext queue 3 messages clear start
TRACE StateContext queue 3 messages clear end
TRACE StateContext queue 3 complete
TRACE StateContext queue 4 00000207EF214B80 start
TRACE StateContext queue 4 messages 0
TRACE StateContext queue 4 messages clear start
TRACE StateContext queue 4 messages clear end
TRACE StateContext queue 4 complete
TRACE StateContext queue 5 00000207EF214CA0 start
TRACE StateContext queue 5 messages 0
TRACE StateContext queue 5 messages clear start
TRACE StateContext queue 5 messages clear end
TRACE StateContext queue 5 complete
TRACE StateContext queue 6 00000207EF214DC0 start
TRACE StateContext queue 6 messages 0
TRACE StateContext queue 6 messages clear start
TRACE StateContext queue 6 messages clear end
TRACE StateContext queue 6 complete
TRACE StateContext queue 7 00000207EF214EE0 start
TRACE StateContext queue 7 messages 0
TRACE StateContext queue 7 messages clear start
TRACE StateContext queue 7 messages clear end
TRACE StateContext queue 7 complete
TRACE StateContext queue 8 00000207EF215000 start
TRACE StateContext queue 8 messages 0
TRACE StateContext queue 8 messages clear start
TRACE StateContext queue 8 messages clear end
TRACE StateContext queue 8 complete
TRACE StateContext queue 9 00000207EF215120 start
TRACE StateContext queue 9 messages 0
TRACE StateContext queue 9 messages clear start
TRACE StateContext queue 9 messages clear end
TRACE StateContext queue 9 complete
TRACE StateContext queue 10 00000207EF215240 start
TRACE StateContext queue 10 messages 0
TRACE StateContext queue 10 messages clear start
TRACE StateContext queue 10 messages clear end
TRACE StateContext queue 10 complete
TRACE StateContext queue 11 00000207EF215360 start
TRACE StateContext queue 11 messages 0
TRACE StateContext queue 11 messages clear start
TRACE StateContext queue 11 messages clear end
TRACE StateContext queue 11 complete
TRACE StateContext queue 12 00000207EF215480 start
TRACE StateContext queue 12 messages 0
TRACE StateContext queue 12 messages clear start
TRACE StateContext queue 12 messages clear end
TRACE StateContext queue 12 complete
TRACE StateContext queue 13 00000207EF2155A0 start
TRACE StateContext queue 13 messages 0
TRACE StateContext queue 13 messages clear start
TRACE StateContext queue 13 messages clear end
TRACE StateContext queue 13 complete
TRACE StateContext queue 14 00000207EF2156C0 start
TRACE StateContext queue 14 messages 0
TRACE StateContext queue 14 messages clear start
TRACE StateContext queue 14 messages clear end
TRACE StateContext queue 14 complete
TRACE StateContext all queues drained
TRACE StateContext states snapshotted 1
TRACE StateContext states cleared
TRACE StateContext queues cleared
TRACE StateContext shared listener cleared
TRACE StateContext unload end 00000207F4B9E310
TRACE StateContext unload start 00000207F4B9E3E0 state 7
TRACE StateContext queues snapshotted 15
TRACE StateContext queue 0 00000207EF2157E0 start
TRACE StateContext queue 0 messages 0
TRACE StateContext queue 0 messages clear start
TRACE StateContext queue 0 messages clear end
TRACE StateContext queue 0 complete
TRACE StateContext queue 1 00000207EF215900 start
TRACE StateContext queue 1 messages 0
TRACE StateContext queue 1 messages clear start
TRACE StateContext queue 1 messages clear end
TRACE StateContext queue 1 complete
TRACE StateContext queue 2 00000207EF215A20 start
TRACE StateContext queue 2 messages 0
TRACE StateContext queue 2 messages clear start
TRACE StateContext queue 2 messages clear end
TRACE StateContext queue 2 complete
TRACE StateContext queue 3 00000207EF215B40 start
TRACE StateContext queue 3 messages 0
TRACE StateContext queue 3 messages clear start
TRACE StateContext queue 3 messages clear end
TRACE StateContext queue 3 complete
TRACE StateContext queue 4 00000207EF215C60 start
TRACE StateContext queue 4 messages 0
TRACE StateContext queue 4 messages clear start
TRACE StateContext queue 4 messages clear end
TRACE StateContext queue 4 complete
TRACE StateContext queue 5 00000207EF215D80 start
TRACE StateContext queue 5 messages 0
TRACE StateContext queue 5 messages clear start
TRACE StateContext queue 5 messages clear end
TRACE StateContext queue 5 complete
TRACE StateContext queue 6 00000207EF215EA0 start
TRACE StateContext queue 6 messages 0
TRACE StateContext queue 6 messages clear start
TRACE StateContext queue 6 messages clear end
TRACE StateContext queue 6 complete
TRACE StateContext queue 7 00000207EF215FC0 start
TRACE StateContext queue 7 messages 0
TRACE StateContext queue 7 messages clear start
TRACE StateContext queue 7 messages clear end
TRACE StateContext queue 7 complete
TRACE StateContext queue 8 00000207EF2160E0 start
TRACE StateContext queue 8 messages 0
TRACE StateContext queue 8 messages clear start
TRACE StateContext queue 8 messages clear end
TRACE StateContext queue 8 complete
TRACE StateContext queue 9 00000207EF216200 start
TRACE StateContext queue 9 messages 0
TRACE StateContext queue 9 messages clear start
TRACE StateContext queue 9 messages clear end
TRACE StateContext queue 9 complete
TRACE StateContext queue 10 00000207EF216320 start
TRACE StateContext queue 10 messages 0
TRACE StateContext queue 10 messages clear start
TRACE StateContext queue 10 messages clear end
TRACE StateContext queue 10 complete
TRACE StateContext queue 11 00000207EF216440 start
TRACE StateContext queue 11 messages 0
TRACE StateContext queue 11 messages clear start
TRACE StateContext queue 11 messages clear end
TRACE StateContext queue 11 complete
TRACE StateContext queue 12 00000207EF216560 start
TRACE StateContext queue 12 messages 0
TRACE StateContext queue 12 messages clear start
TRACE StateContext queue 12 messages clear end
TRACE StateContext queue 12 complete
TRACE StateContext queue 13 00000207EF216680 start
TRACE StateContext queue 13 messages 0
TRACE StateContext queue 13 messages clear start
TRACE StateContext queue 13 messages clear end
TRACE StateContext queue 13 complete
TRACE StateContext queue 14 00000207EF2167A0 start
TRACE StateContext queue 14 messages 0
TRACE StateContext queue 14 messages clear start
TRACE StateContext queue 14 messages clear end
TRACE StateContext queue 14 complete
TRACE StateContext all queues drained
TRACE StateContext states snapshotted 1
TRACE StateContext states cleared
TRACE StateContext queues cleared
TRACE StateContext shared listener cleared
TRACE StateContext unload end 00000207F4B9E3E0
TRACE StateContext unload start 00000207F4B9E4B0 state 7
TRACE StateContext queues snapshotted 15
TRACE StateContext queue 0 00000207EF21B0F0 start
TRACE StateContext queue 0 messages 0
TRACE StateContext queue 0 messages clear start
TRACE StateContext queue 0 messages clear end
TRACE StateContext queue 0 complete
TRACE StateContext queue 1 00000207EF21B210 start
TRACE StateContext queue 1 messages 0
TRACE StateContext queue 1 messages clear start
TRACE StateContext queue 1 messages clear end
TRACE StateContext queue 1 complete
TRACE StateContext queue 2 00000207EF21B330 start
TRACE StateContext queue 2 messages 0
TRACE StateContext queue 2 messages clear start
TRACE StateContext queue 2 messages clear end
TRACE StateContext queue 2 complete
TRACE StateContext queue 3 00000207EF21B450 start
TRACE StateContext queue 3 messages 0
TRACE StateContext queue 3 messages clear start
TRACE StateContext queue 3 messages clear end
TRACE StateContext queue 3 complete
TRACE StateContext queue 4 00000207EF21B570 start
TRACE StateContext queue 4 messages 0
TRACE StateContext queue 4 messages clear start
TRACE StateContext queue 4 messages clear end
TRACE StateContext queue 4 complete
TRACE StateContext queue 5 00000207EF21B690 start
TRACE StateContext queue 5 messages 0
TRACE StateContext queue 5 messages clear start
TRACE StateContext queue 5 messages clear end
TRACE StateContext queue 5 complete
TRACE StateContext queue 6 00000207EF21B7B0 start
TRACE StateContext queue 6 messages 0
TRACE StateContext queue 6 messages clear start
TRACE StateContext queue 6 messages clear end
TRACE StateContext queue 6 complete
TRACE StateContext queue 7 00000207EF21B8D0 start
TRACE StateContext queue 7 messages 0
TRACE StateContext queue 7 messages clear start
TRACE StateContext queue 7 messages clear end
TRACE StateContext queue 7 complete
TRACE StateContext queue 8 00000207EF21B9F0 start
TRACE StateContext queue 8 messages 0
TRACE StateContext queue 8 messages clear start
TRACE StateContext queue 8 messages clear end
TRACE StateContext queue 8 complete
TRACE StateContext queue 9 00000207EF21BB10 start
TRACE StateContext queue 9 messages 0
TRACE StateContext queue 9 messages clear start
TRACE StateContext queue 9 messages clear end
TRACE StateContext queue 9 complete
TRACE StateContext queue 10 00000207EF21BC30 start
TRACE StateContext queue 10 messages 0
TRACE StateContext queue 10 messages clear start
TRACE StateContext queue 10 messages clear end
TRACE StateContext queue 10 complete
TRACE StateContext queue 11 00000207EF21BD50 start
TRACE StateContext queue 11 messages 0
TRACE StateContext queue 11 messages clear start
TRACE StateContext queue 11 messages clear end
TRACE StateContext queue 11 complete
TRACE StateContext queue 12 00000207EF21BE70 start
TRACE StateContext queue 12 messages 0
TRACE StateContext queue 12 messages clear start
TRACE StateContext queue 12 messages clear end
TRACE StateContext queue 12 complete
TRACE StateContext queue 13 00000207EF21BF90 start
TRACE StateContext queue 13 messages 0
TRACE StateContext queue 13 messages clear start
TRACE StateContext queue 13 messages clear end
TRACE StateContext queue 13 complete
TRACE StateContext queue 14 00000207EF21C0B0 start
TRACE StateContext queue 14 messages 0
TRACE StateContext queue 14 messages clear start
TRACE StateContext queue 14 messages clear end
TRACE StateContext queue 14 complete
TRACE StateContext all queues drained
TRACE StateContext states snapshotted 1
TRACE StateContext states cleared
TRACE StateContext queues cleared
TRACE StateContext shared listener cleared
TRACE StateContext unload end 00000207F4B9E4B0
TRACE StateContext unload start 00000207F6F5C620 state 7
TRACE StateContext queues snapshotted 15
TRACE StateContext queue 0 00000207EF21C1D0 start
TRACE StateContext queue 0 messages 0
TRACE StateContext queue 0 messages clear start
TRACE StateContext queue 0 messages clear end
TRACE StateContext queue 0 complete
TRACE StateContext queue 1 00000207EF21C2F0 start
TRACE StateContext queue 1 messages 0
TRACE StateContext queue 1 messages clear start
TRACE StateContext queue 1 messages clear end
TRACE StateContext queue 1 complete
TRACE StateContext queue 2 00000207EF21C410 start
TRACE StateContext queue 2 messages 0
TRACE StateContext queue 2 messages clear start
TRACE StateContext queue 2 messages clear end
TRACE StateContext queue 2 complete
TRACE StateContext queue 3 00000207EF21C530 start
TRACE StateContext queue 3 messages 0
TRACE StateContext queue 3 messages clear start
TRACE StateContext queue 3 messages clear end
TRACE StateContext queue 3 complete
TRACE StateContext queue 4 00000207EF21C650 start
TRACE StateContext queue 4 messages 0
TRACE StateContext queue 4 messages clear start
TRACE StateContext queue 4 messages clear end
TRACE StateContext queue 4 complete
TRACE StateContext queue 5 00000207EF21C770 start
TRACE StateContext queue 5 messages 0
TRACE StateContext queue 5 messages clear start
TRACE StateContext queue 5 messages clear end
TRACE StateContext queue 5 complete
TRACE StateContext queue 6 00000207EF21C890 start
TRACE StateContext queue 6 messages 0
TRACE StateContext queue 6 messages clear start
TRACE StateContext queue 6 messages clear end
TRACE StateContext queue 6 complete
TRACE StateContext queue 7 00000207EF21C9B0 start
TRACE StateContext queue 7 messages 0
TRACE StateContext queue 7 messages clear start
TRACE StateContext queue 7 messages clear end
TRACE StateContext queue 7 complete
TRACE StateContext queue 8 00000207EF21CAD0 start
TRACE StateContext queue 8 messages 0
TRACE StateContext queue 8 messages clear start
TRACE StateContext queue 8 messages clear end
TRACE StateContext queue 8 complete
TRACE StateContext queue 9 00000207EF21CBF0 start
TRACE StateContext queue 9 messages 0
TRACE StateContext queue 9 messages clear start
TRACE StateContext queue 9 messages clear end
TRACE StateContext queue 9 complete
TRACE StateContext queue 10 00000207EF21CD10 start
TRACE StateContext queue 10 messages 0
TRACE StateContext queue 10 messages clear start
TRACE StateContext queue 10 messages clear end
TRACE StateContext queue 10 complete
TRACE StateContext queue 11 00000207EF21CE30 start
TRACE StateContext queue 11 messages 0
TRACE StateContext queue 11 messages clear start
TRACE StateContext queue 11 messages clear end
TRACE StateContext queue 11 complete
TRACE StateContext queue 12 00000207EF21CF50 start
TRACE StateContext queue 12 messages 0
TRACE StateContext queue 12 messages clear start
TRACE StateContext queue 12 messages clear end
TRACE StateContext queue 12 complete
TRACE StateContext queue 13 00000207EF21D070 start
TRACE StateContext queue 13 messages 0
TRACE StateContext queue 13 messages clear start
TRACE StateContext queue 13 messages clear end
TRACE StateContext queue 13 complete
TRACE StateContext queue 14 00000207EF21D190 start
TRACE StateContext queue 14 messages 0
TRACE StateContext queue 14 messages clear start
TRACE StateContext queue 14 messages clear end
TRACE StateContext queue 14 complete
TRACE StateContext all queues drained
TRACE StateContext states snapshotted 1
TRACE StateContext states cleared
TRACE StateContext queues cleared
TRACE StateContext shared listener cleared
TRACE StateContext unload end 00000207F6F5C620
TRACE StateContext unload start 00000207F6F5C6F0 state 7
TRACE StateContext queues snapshotted 15
TRACE StateContext queue 0 00000207EF21D2B0 start
TRACE StateContext queue 0 messages 0
TRACE StateContext queue 0 messages clear start
TRACE StateContext queue 0 messages clear end
TRACE StateContext queue 0 complete
TRACE StateContext queue 1 00000207EF21D3D0 start
TRACE StateContext queue 1 messages 0
TRACE StateContext queue 1 messages clear start
TRACE StateContext queue 1 messages clear end
TRACE StateContext queue 1 complete
TRACE StateContext queue 2 00000207EF21D500 start
TRACE StateContext queue 2 messages 0
TRACE StateContext queue 2 messages clear start
TRACE StateContext queue 2 messages clear end
TRACE StateContext queue 2 complete
TRACE StateContext queue 3 00000207EF21D620 start
TRACE StateContext queue 3 messages 0
TRACE StateContext queue 3 messages clear start
TRACE StateContext queue 3 messages clear end
TRACE StateContext queue 3 complete
TRACE StateContext queue 4 00000207EF21D740 start
TRACE StateContext queue 4 messages 0
TRACE StateContext queue 4 messages clear start
TRACE StateContext queue 4 messages clear end
TRACE StateContext queue 4 complete
TRACE StateContext queue 5 00000207EF21D860 start
TRACE StateContext queue 5 messages 0
TRACE StateContext queue 5 messages clear start
TRACE StateContext queue 5 messages clear end
TRACE StateContext queue 5 complete
TRACE StateContext queue 6 00000207EF21D980 start
TRACE StateContext queue 6 messages 0
TRACE StateContext queue 6 messages clear start
TRACE StateContext queue 6 messages clear end
TRACE StateContext queue 6 complete
TRACE StateContext queue 7 00000207EF21DAA0 start
TRACE StateContext queue 7 messages 0
TRACE StateContext queue 7 messages clear start
TRACE StateContext queue 7 messages clear end
TRACE StateContext queue 7 complete
TRACE StateContext queue 8 00000207EF21DBC0 start
TRACE StateContext queue 8 messages 0
TRACE StateContext queue 8 messages clear start
TRACE StateContext queue 8 messages clear end
TRACE StateContext queue 8 complete
TRACE StateContext queue 9 00000207EF21DCE0 start
TRACE StateContext queue 9 messages 0
TRACE StateContext queue 9 messages clear start
TRACE StateContext queue 9 messages clear end
TRACE StateContext queue 9 complete
TRACE StateContext queue 10 00000207EF21DE00 start
TRACE StateContext queue 10 messages 0
TRACE StateContext queue 10 messages clear start
TRACE StateContext queue 10 messages clear end
TRACE StateContext queue 10 complete
TRACE StateContext queue 11 00000207EF21DF20 start
TRACE StateContext queue 11 messages 0
TRACE StateContext queue 11 messages clear start
TRACE StateContext queue 11 messages clear end
TRACE StateContext queue 11 complete
TRACE StateContext queue 12 00000207EF21E040 start
TRACE StateContext queue 12 messages 0
TRACE StateContext queue 12 messages clear start
TRACE StateContext queue 12 messages clear end
TRACE StateContext queue 12 complete
TRACE StateContext queue 13 00000207EF21E160 start
TRACE StateContext queue 13 messages 0
TRACE StateContext queue 13 messages clear start
TRACE StateContext queue 13 messages clear end
TRACE StateContext queue 13 complete
TRACE StateContext queue 14 00000207EF21E280 start
TRACE StateContext queue 14 messages 0
TRACE StateContext queue 14 messages clear start
TRACE StateContext queue 14 messages clear end
TRACE StateContext queue 14 complete
TRACE StateContext all queues drained
TRACE StateContext states snapshotted 1
TRACE StateContext states cleared
TRACE StateContext queues cleared
TRACE StateContext shared listener cleared
TRACE StateContext unload end 00000207F6F5C6F0
TRACE StateContext unload start 00000207F6F5C7C0 state 7
TRACE StateContext queues snapshotted 15
TRACE StateContext queue 0 00000207EF21E3A0 start
TRACE StateContext queue 0 messages 0
TRACE StateContext queue 0 messages clear start
TRACE StateContext queue 0 messages clear end
TRACE StateContext queue 0 complete
TRACE StateContext queue 1 00000207EF21E4C0 start
TRACE StateContext queue 1 messages 0
TRACE StateContext queue 1 messages clear start
TRACE StateContext queue 1 messages clear end
TRACE StateContext queue 1 complete
TRACE StateContext queue 2 00000207EF21E5E0 start
TRACE StateContext queue 2 messages 0
TRACE StateContext queue 2 messages clear start
TRACE StateContext queue 2 messages clear end
TRACE StateContext queue 2 complete
TRACE StateContext queue 3 00000207EF21E700 start
TRACE StateContext queue 3 messages 0
TRACE StateContext queue 3 messages clear start
TRACE StateContext queue 3 messages clear end
TRACE StateContext queue 3 complete
TRACE StateContext queue 4 00000207EF21E820 start
TRACE StateContext queue 4 messages 0
TRACE StateContext queue 4 messages clear start
TRACE StateContext queue 4 messages clear end
TRACE StateContext queue 4 complete
TRACE StateContext queue 5 00000207EF21E940 start
TRACE StateContext queue 5 messages 0
TRACE StateContext queue 5 messages clear start
TRACE StateContext queue 5 messages clear end
TRACE StateContext queue 5 complete
TRACE StateContext queue 6 00000207EF21EA60 start
TRACE StateContext queue 6 messages 0
TRACE StateContext queue 6 messages clear start
TRACE StateContext queue 6 messages clear end
TRACE StateContext queue 6 complete
TRACE StateContext queue 7 00000207EF21EB80 start
TRACE StateContext queue 7 messages 0
TRACE StateContext queue 7 messages clear start
TRACE StateContext queue 7 messages clear end
TRACE StateContext queue 7 complete
TRACE StateContext queue 8 00000207EF21ECA0 start
TRACE StateContext queue 8 messages 0
TRACE StateContext queue 8 messages clear start
TRACE StateContext queue 8 messages clear end
TRACE StateContext queue 8 complete
TRACE StateContext queue 9 00000207EF21EDC0 start
TRACE StateContext queue 9 messages 0
TRACE StateContext queue 9 messages clear start
TRACE StateContext queue 9 messages clear end
TRACE StateContext queue 9 complete
TRACE StateContext queue 10 00000207EF21EEE0 start
TRACE StateContext queue 10 messages 0
TRACE StateContext queue 10 messages clear start
TRACE StateContext queue 10 messages clear end
TRACE StateContext queue 10 complete
TRACE StateContext queue 11 00000207EF21F000 start
TRACE StateContext queue 11 messages 0
TRACE StateContext queue 11 messages clear start
TRACE StateContext queue 11 messages clear end
TRACE StateContext queue 11 complete
TRACE StateContext queue 12 00000207EF21F120 start
TRACE StateContext queue 12 messages 0
TRACE StateContext queue 12 messages clear start
TRACE StateContext queue 12 messages clear end
TRACE StateContext queue 12 complete
TRACE StateContext queue 13 00000207EF21F240 start
TRACE StateContext queue 13 messages 0
TRACE StateContext queue 13 messages clear start
TRACE StateContext queue 13 messages clear end
TRACE StateContext queue 13 complete
TRACE StateContext queue 14 00000207EF21F360 start
TRACE StateContext queue 14 messages 0
TRACE StateContext queue 14 messages clear start
TRACE StateContext queue 14 messages clear end
TRACE StateContext queue 14 complete
TRACE StateContext all queues drained
TRACE StateContext states snapshotted 1
TRACE StateContext states cleared
TRACE StateContext queues cleared
TRACE StateContext shared listener cleared
TRACE StateContext unload end 00000207F6F5C7C0
TRACE StateContext unload start 00000207F6F5C890 state 7
TRACE StateContext queues snapshotted 15
TRACE StateContext queue 0 00000207EF21F480 start
TRACE StateContext queue 0 messages 0
TRACE StateContext queue 0 messages clear start
TRACE StateContext queue 0 messages clear end
TRACE StateContext queue 0 complete
TRACE StateContext queue 1 00000207EF21F5A0 start
TRACE StateContext queue 1 messages 0
TRACE StateContext queue 1 messages clear start
TRACE StateContext queue 1 messages clear end
TRACE StateContext queue 1 complete
TRACE StateContext queue 2 00000207EF21F6C0 start
TRACE StateContext queue 2 messages 0
TRACE StateContext queue 2 messages clear start
TRACE StateContext queue 2 messages clear end
TRACE StateContext queue 2 complete
TRACE StateContext queue 3 00000207EF21F7E0 start
TRACE StateContext queue 3 messages 0
TRACE StateContext queue 3 messages clear start
TRACE StateContext queue 3 messages clear end
TRACE StateContext queue 3 complete
TRACE StateContext queue 4 00000207EF218CE0 start
TRACE StateContext queue 4 messages 0
TRACE StateContext queue 4 messages clear start
TRACE StateContext queue 4 messages clear end
TRACE StateContext queue 4 complete
TRACE StateContext queue 5 00000207EF218E00 start
TRACE StateContext queue 5 messages 0
TRACE StateContext queue 5 messages clear start
TRACE StateContext queue 5 messages clear end
TRACE StateContext queue 5 complete
TRACE StateContext queue 6 00000207EF218F20 start
TRACE StateContext queue 6 messages 0
TRACE StateContext queue 6 messages clear start
TRACE StateContext queue 6 messages clear end
TRACE StateContext queue 6 complete
TRACE StateContext queue 7 00000207EF219040 start
TRACE StateContext queue 7 messages 0
TRACE StateContext queue 7 messages clear start
TRACE StateContext queue 7 messages clear end
TRACE StateContext queue 7 complete
TRACE StateContext queue 8 00000207EF219160 start
TRACE StateContext queue 8 messages 0
TRACE StateContext queue 8 messages clear start
TRACE StateContext queue 8 messages clear end
TRACE StateContext queue 8 complete
TRACE StateContext queue 9 00000207EF219280 start
TRACE StateContext queue 9 messages 0
TRACE StateContext queue 9 messages clear start
TRACE StateContext queue 9 messages clear end
TRACE StateContext queue 9 complete
TRACE StateContext queue 10 00000207EF2193A0 start
TRACE StateContext queue 10 messages 0
TRACE StateContext queue 10 messages clear start
TRACE StateContext queue 10 messages clear end
TRACE StateContext queue 10 complete
TRACE StateContext queue 11 00000207EF2194C0 start
TRACE StateContext queue 11 messages 0
TRACE StateContext queue 11 messages clear start
TRACE StateContext queue 11 messages clear end
TRACE StateContext queue 11 complete
TRACE StateContext queue 12 00000207EF2195E0 start
TRACE StateContext queue 12 messages 0
TRACE StateContext queue 12 messages clear start
TRACE StateContext queue 12 messages clear end
TRACE StateContext queue 12 complete
TRACE StateContext queue 13 00000207EF219700 start
TRACE StateContext queue 13 messages 0
TRACE StateContext queue 13 messages clear start
TRACE StateContext queue 13 messages clear end
TRACE StateContext queue 13 complete
TRACE StateContext queue 14 00000207EF219820 start
TRACE StateContext queue 14 messages 0
TRACE StateContext queue 14 messages clear start
TRACE StateContext queue 14 messages clear end
TRACE StateContext queue 14 complete
TRACE StateContext all queues drained
TRACE StateContext states snapshotted 1
TRACE StateContext states cleared
TRACE StateContext queues cleared
TRACE StateContext shared listener cleared
TRACE StateContext unload end 00000207F6F5C890
TRACE StateContext unload start 00000207F6F5C960 state 7
TRACE StateContext queues snapshotted 15
TRACE StateContext queue 0 00000207EF219940 start
TRACE StateContext queue 0 messages 0
TRACE StateContext queue 0 messages clear start
TRACE StateContext queue 0 messages clear end
TRACE StateContext queue 0 complete
TRACE StateContext queue 1 00000207EF219A60 start
TRACE StateContext queue 1 messages 0
TRACE StateContext queue 1 messages clear start
TRACE StateContext queue 1 messages clear end
TRACE StateContext queue 1 complete
TRACE StateContext queue 2 00000207EF219B80 start
TRACE StateContext queue 2 messages 0
TRACE StateContext queue 2 messages clear start
TRACE StateContext queue 2 messages clear end
TRACE StateContext queue 2 complete
TRACE StateContext queue 3 00000207EF219CA0 start
TRACE StateContext queue 3 messages 0
TRACE StateContext queue 3 messages clear start
TRACE StateContext queue 3 messages clear end
TRACE StateContext queue 3 complete
TRACE StateContext queue 4 00000207EF219DC0 start
TRACE StateContext queue 4 messages 0
TRACE StateContext queue 4 messages clear start
TRACE StateContext queue 4 messages clear end
TRACE StateContext queue 4 complete
TRACE StateContext queue 5 00000207EF219EE0 start
TRACE StateContext queue 5 messages 0
TRACE StateContext queue 5 messages clear start
TRACE StateContext queue 5 messages clear end
TRACE StateContext queue 5 complete
TRACE StateContext queue 6 00000207EF21A000 start
TRACE StateContext queue 6 messages 0
TRACE StateContext queue 6 messages clear start
TRACE StateContext queue 6 messages clear end
TRACE StateContext queue 6 complete
TRACE StateContext queue 7 00000207EF21A120 start
TRACE StateContext queue 7 messages 0
TRACE StateContext queue 7 messages clear start
TRACE StateContext queue 7 messages clear end
TRACE StateContext queue 7 complete
TRACE StateContext queue 8 00000207EF21A240 start
TRACE StateContext queue 8 messages 0
TRACE StateContext queue 8 messages clear start
TRACE StateContext queue 8 messages clear end
TRACE StateContext queue 8 complete
TRACE StateContext queue 9 00000207EF21A360 start
TRACE StateContext queue 9 messages 0
TRACE StateContext queue 9 messages clear start
TRACE StateContext queue 9 messages clear end
TRACE StateContext queue 9 complete
TRACE StateContext queue 10 00000207EF21A480 start
TRACE StateContext queue 10 messages 0
TRACE StateContext queue 10 messages clear start
TRACE StateContext queue 10 messages clear end
TRACE StateContext queue 10 complete
TRACE StateContext queue 11 00000207EF21A5A0 start
TRACE StateContext queue 11 messages 0
TRACE StateContext queue 11 messages clear start
TRACE StateContext queue 11 messages clear end
TRACE StateContext queue 11 complete
TRACE StateContext queue 12 00000207EF21A6C0 start
TRACE StateContext queue 12 messages 0
TRACE StateContext queue 12 messages clear start
TRACE StateContext queue 12 messages clear end
TRACE StateContext queue 12 complete
TRACE StateContext queue 13 00000207EF21A7E0 start
TRACE StateContext queue 13 messages 0
TRACE StateContext queue 13 messages clear start
TRACE StateContext queue 13 messages clear end
TRACE StateContext queue 13 complete
TRACE StateContext queue 14 00000207EF21A900 start
TRACE StateContext queue 14 messages 0
TRACE StateContext queue 14 messages clear start
TRACE StateContext queue 14 messages clear end
TRACE StateContext queue 14 complete
TRACE StateContext all queues drained
TRACE StateContext states snapshotted 1
TRACE StateContext states cleared
TRACE StateContext queues cleared
TRACE StateContext shared listener cleared
TRACE StateContext unload end 00000207F6F5C960
TRACE StateContext unload start 00000207F6F5CA30 state 7
TRACE StateContext queues snapshotted 15
TRACE StateContext queue 0 00000207EF21AA20 start
TRACE StateContext queue 0 messages 0
TRACE StateContext queue 0 messages clear start
TRACE StateContext queue 0 messages clear end
TRACE StateContext queue 0 complete
TRACE StateContext queue 1 00000207EF21AB40 start
TRACE StateContext queue 1 messages 0
TRACE StateContext queue 1 messages clear start
TRACE StateContext queue 1 messages clear end
TRACE StateContext queue 1 complete
TRACE StateContext queue 2 00000207EF21AC60 start
TRACE StateContext queue 2 messages 0
TRACE StateContext queue 2 messages clear start
TRACE StateContext queue 2 messages clear end
TRACE StateContext queue 2 complete
TRACE StateContext queue 3 00000207EF21AD80 start
TRACE StateContext queue 3 messages 0
TRACE StateContext queue 3 messages clear start
TRACE StateContext queue 3 messages clear end
TRACE StateContext queue 3 complete
TRACE StateContext queue 4 00000207EF21AEA0 start
TRACE StateContext queue 4 messages 0
TRACE StateContext queue 4 messages clear start
TRACE StateContext queue 4 messages clear end
TRACE StateContext queue 4 complete
TRACE StateContext queue 5 00000207EF21AFC0 start
TRACE StateContext queue 5 messages 0
TRACE StateContext queue 5 messages clear start
TRACE StateContext queue 5 messages clear end
TRACE StateContext queue 5 complete
TRACE StateContext queue 6 00000207EF2168D0 start
TRACE StateContext queue 6 messages 0
TRACE StateContext queue 6 messages clear start
TRACE StateContext queue 6 messages clear end
TRACE StateContext queue 6 complete
TRACE StateContext queue 7 00000207EF2169F0 start
TRACE StateContext queue 7 messages 0
TRACE StateContext queue 7 messages clear start
TRACE StateContext queue 7 messages clear end
TRACE StateContext queue 7 complete
TRACE StateContext queue 8 00000207EF216B10 start
TRACE StateContext queue 8 messages 0
TRACE StateContext queue 8 messages clear start
TRACE StateContext queue 8 messages clear end
TRACE StateContext queue 8 complete
TRACE StateContext queue 9 00000207EF216C30 start
TRACE StateContext queue 9 messages 0
TRACE StateContext queue 9 messages clear start
TRACE StateContext queue 9 messages clear end
TRACE StateContext queue 9 complete
TRACE StateContext queue 10 00000207EF216D50 start
TRACE StateContext queue 10 messages 0
TRACE StateContext queue 10 messages clear start
TRACE StateContext queue 10 messages clear end
TRACE StateContext queue 10 complete
TRACE StateContext queue 11 00000207EF216E70 start
TRACE StateContext queue 11 messages 0
TRACE StateContext queue 11 messages clear start
TRACE StateContext queue 11 messages clear end
TRACE StateContext queue 11 complete
TRACE StateContext queue 12 00000207EF216F90 start
TRACE StateContext queue 12 messages 0
TRACE StateContext queue 12 messages clear start
TRACE StateContext queue 12 messages clear end
TRACE StateContext queue 12 complete
TRACE StateContext queue 13 00000207EF2170B0 start
TRACE StateContext queue 13 messages 0
TRACE StateContext queue 13 messages clear start
TRACE StateContext queue 13 messages clear end
TRACE StateContext queue 13 complete
TRACE StateContext queue 14 00000207EF2171D0 start
TRACE StateContext queue 14 messages 0
TRACE StateContext queue 14 messages clear start
TRACE StateContext queue 14 messages clear end
TRACE StateContext queue 14 complete
TRACE StateContext all queues drained
TRACE StateContext states snapshotted 1
TRACE StateContext states cleared
TRACE StateContext queues cleared
TRACE StateContext shared listener cleared
TRACE StateContext unload end 00000207F6F5CA30
TRACE StateContext unload start 00000207F6F5CB00 state 7
TRACE StateContext queues snapshotted 15
TRACE StateContext queue 0 00000207EF2172F0 start
TRACE StateContext queue 0 messages 0
TRACE StateContext queue 0 messages clear start
TRACE StateContext queue 0 messages clear end
TRACE StateContext queue 0 complete
TRACE StateContext queue 1 00000207EF217410 start
TRACE StateContext queue 1 messages 0
TRACE StateContext queue 1 messages clear start
TRACE StateContext queue 1 messages clear end
TRACE StateContext queue 1 complete
TRACE StateContext queue 2 00000207EF217530 start
TRACE StateContext queue 2 messages 0
TRACE StateContext queue 2 messages clear start
TRACE StateContext queue 2 messages clear end
TRACE StateContext queue 2 complete
TRACE StateContext queue 3 00000207EF217650 start
TRACE StateContext queue 3 messages 0
TRACE StateContext queue 3 messages clear start
TRACE StateContext queue 3 messages clear end
TRACE StateContext queue 3 complete
TRACE StateContext queue 4 00000207EF217770 start
TRACE StateContext queue 4 messages 0
TRACE StateContext queue 4 messages clear start
TRACE StateContext queue 4 messages clear end
TRACE StateContext queue 4 complete
TRACE StateContext queue 5 00000207EF217890 start
TRACE StateContext queue 5 messages 0
TRACE StateContext queue 5 messages clear start
TRACE StateContext queue 5 messages clear end
TRACE StateContext queue 5 complete
TRACE StateContext queue 6 00000207EF2179B0 start
TRACE StateContext queue 6 messages 0
TRACE StateContext queue 6 messages clear start
TRACE StateContext queue 6 messages clear end
TRACE StateContext queue 6 complete
TRACE StateContext queue 7 00000207EF217AD0 start
TRACE StateContext queue 7 messages 0
TRACE StateContext queue 7 messages clear start
TRACE StateContext queue 7 messages clear end
TRACE StateContext queue 7 complete
TRACE StateContext queue 8 00000207EF217BF0 start
TRACE StateContext queue 8 messages 0
TRACE StateContext queue 8 messages clear start
TRACE StateContext queue 8 messages clear end
TRACE StateContext queue 8 complete
TRACE StateContext queue 9 00000207EF217D10 start
TRACE StateContext queue 9 messages 0
TRACE StateContext queue 9 messages clear start
TRACE StateContext queue 9 messages clear end
TRACE StateContext queue 9 complete
TRACE StateContext queue 10 00000207EF217E30 start
TRACE StateContext queue 10 messages 0
TRACE StateContext queue 10 messages clear start
TRACE StateContext queue 10 messages clear end
TRACE StateContext queue 10 complete
TRACE StateContext queue 11 00000207EF217F50 start
TRACE StateContext queue 11 messages 0
TRACE StateContext queue 11 messages clear start
TRACE StateContext queue 11 messages clear end
TRACE StateContext queue 11 complete
TRACE StateContext queue 12 00000207EF218070 start
TRACE StateContext queue 12 messages 0
TRACE StateContext queue 12 messages clear start
TRACE StateContext queue 12 messages clear end
TRACE StateContext queue 12 complete
TRACE StateContext queue 13 00000207EF218190 start
TRACE StateContext queue 13 messages 0
TRACE StateContext queue 13 messages clear start
TRACE StateContext queue 13 messages clear end
TRACE StateContext queue 13 complete
TRACE StateContext queue 14 00000207EF2182B0 start
TRACE StateContext queue 14 messages 0
TRACE StateContext queue 14 messages clear start
TRACE StateContext queue 14 messages clear end
TRACE StateContext queue 14 complete
TRACE StateContext all queues drained
TRACE StateContext states snapshotted 1
TRACE StateContext states cleared
TRACE StateContext queues cleared
TRACE StateContext shared listener cleared
TRACE StateContext unload end 00000207F6F5CB00
TRACE StateContext unload start 00000207F6F5CBD0 state 7
TRACE StateContext queues snapshotted 15
TRACE StateContext queue 0 00000207EF2183D0 start
TRACE StateContext queue 0 messages 0
TRACE StateContext queue 0 messages clear start
TRACE StateContext queue 0 messages clear end
TRACE StateContext queue 0 complete
TRACE StateContext queue 1 00000207EF2184F0 start
TRACE StateContext queue 1 messages 0
TRACE StateContext queue 1 messages clear start
TRACE StateContext queue 1 messages clear end
TRACE StateContext queue 1 complete
TRACE StateContext queue 2 00000207EF218610 start
TRACE StateContext queue 2 messages 0
TRACE StateContext queue 2 messages clear start
TRACE StateContext queue 2 messages clear end
TRACE StateContext queue 2 complete
TRACE StateContext queue 3 00000207EF218730 start
TRACE StateContext queue 3 messages 0
TRACE StateContext queue 3 messages clear start
TRACE StateContext queue 3 messages clear end
TRACE StateContext queue 3 complete
TRACE StateContext queue 4 00000207EF218850 start
TRACE StateContext queue 4 messages 0
TRACE StateContext queue 4 messages clear start
TRACE StateContext queue 4 messages clear end
TRACE StateContext queue 4 complete
TRACE StateContext queue 5 00000207EF218970 start
TRACE StateContext queue 5 messages 0
TRACE StateContext queue 5 messages clear start
TRACE StateContext queue 5 messages clear end
TRACE StateContext queue 5 complete
TRACE StateContext queue 6 00000207EF218A90 start
TRACE StateContext queue 6 messages 0
TRACE StateContext queue 6 messages clear start
TRACE StateContext queue 6 messages clear end
TRACE StateContext queue 6 complete
TRACE StateContext queue 7 00000207EF218BB0 start
TRACE StateContext queue 7 messages 0
TRACE StateContext queue 7 messages clear start
TRACE StateContext queue 7 messages clear end
TRACE StateContext queue 7 complete
TRACE StateContext queue 8 00000207EF224130 start
TRACE StateContext queue 8 messages 0
TRACE StateContext queue 8 messages clear start
TRACE StateContext queue 8 messages clear end
TRACE StateContext queue 8 complete
TRACE StateContext queue 9 00000207EF224250 start
TRACE StateContext queue 9 messages 0
TRACE StateContext queue 9 messages clear start
TRACE StateContext queue 9 messages clear end
TRACE StateContext queue 9 complete
TRACE StateContext queue 10 00000207EF224370 start
TRACE StateContext queue 10 messages 0
TRACE StateContext queue 10 messages clear start
TRACE StateContext queue 10 messages clear end
TRACE StateContext queue 10 complete
TRACE StateContext queue 11 00000207EF224490 start
TRACE StateContext queue 11 messages 0
TRACE StateContext queue 11 messages clear start
TRACE StateContext queue 11 messages clear end
TRACE StateContext queue 11 complete
TRACE StateContext queue 12 00000207EF2245B0 start
TRACE StateContext queue 12 messages 0
TRACE StateContext queue 12 messages clear start
TRACE StateContext queue 12 messages clear end
TRACE StateContext queue 12 complete
TRACE StateContext queue 13 00000207EF2246D0 start
TRACE StateContext queue 13 messages 0
TRACE StateContext queue 13 messages clear start
TRACE StateContext queue 13 messages clear end
TRACE StateContext queue 13 complete
TRACE StateContext queue 14 00000207EF2247F0 start
TRACE StateContext queue 14 messages 0
TRACE StateContext queue 14 messages clear start
TRACE StateContext queue 14 messages clear end
TRACE StateContext queue 14 complete
TRACE StateContext all queues drained
TRACE StateContext states snapshotted 1
TRACE StateContext states cleared
TRACE StateContext queues cleared
TRACE StateContext shared listener cleared
TRACE StateContext unload end 00000207F6F5CBD0
TRACE StateContext unload start 00000207F6F5CCA0 state 7
TRACE StateContext queues snapshotted 15
TRACE StateContext queue 0 00000207EF224910 start
TRACE StateContext queue 0 messages 0
TRACE StateContext queue 0 messages clear start
TRACE StateContext queue 0 messages clear end
TRACE StateContext queue 0 complete
TRACE StateContext queue 1 00000207EF224A30 start
TRACE StateContext queue 1 messages 0
TRACE StateContext queue 1 messages clear start
TRACE StateContext queue 1 messages clear end
TRACE StateContext queue 1 complete
TRACE StateContext queue 2 00000207EF224B50 start
TRACE StateContext queue 2 messages 0
TRACE StateContext queue 2 messages clear start
TRACE StateContext queue 2 messages clear end
TRACE StateContext queue 2 complete
TRACE StateContext queue 3 00000207EF224C70 start
TRACE StateContext queue 3 messages 0
TRACE StateContext queue 3 messages clear start
TRACE StateContext queue 3 messages clear end
TRACE StateContext queue 3 complete
TRACE StateContext queue 4 00000207EF224D90 start
TRACE StateContext queue 4 messages 0
TRACE StateContext queue 4 messages clear start
TRACE StateContext queue 4 messages clear end
TRACE StateContext queue 4 complete
TRACE StateContext queue 5 00000207EF224EB0 start
TRACE StateContext queue 5 messages 0
TRACE StateContext queue 5 messages clear start
TRACE StateContext queue 5 messages clear end
TRACE StateContext queue 5 complete
TRACE StateContext queue 6 00000207EF224FD0 start
TRACE StateContext queue 6 messages 0
TRACE StateContext queue 6 messages clear start
TRACE StateContext queue 6 messages clear end
TRACE StateContext queue 6 complete
TRACE StateContext queue 7 00000207EF2250F0 start
TRACE StateContext queue 7 messages 0
TRACE StateContext queue 7 messages clear start
TRACE StateContext queue 7 messages clear end
TRACE StateContext queue 7 complete
TRACE StateContext queue 8 00000207EF225210 start
TRACE StateContext queue 8 messages 0
TRACE StateContext queue 8 messages clear start
TRACE StateContext queue 8 messages clear end
TRACE StateContext queue 8 complete
TRACE StateContext queue 9 00000207EF225330 start
TRACE StateContext queue 9 messages 0
TRACE StateContext queue 9 messages clear start
TRACE StateContext queue 9 messages clear end
TRACE StateContext queue 9 complete
TRACE StateContext queue 10 00000207EF225450 start
TRACE StateContext queue 10 messages 0
TRACE StateContext queue 10 messages clear start
TRACE StateContext queue 10 messages clear end
TRACE StateContext queue 10 complete
TRACE StateContext queue 11 00000207EF225570 start
TRACE StateContext queue 11 messages 0
TRACE StateContext queue 11 messages clear start
TRACE StateContext queue 11 messages clear end
TRACE StateContext queue 11 complete
TRACE StateContext queue 12 00000207EF225690 start
TRACE StateContext queue 12 messages 0
TRACE StateContext queue 12 messages clear start
TRACE StateContext queue 12 messages clear end
TRACE StateContext queue 12 complete
TRACE StateContext queue 13 00000207EF2257B0 start
TRACE StateContext queue 13 messages 0
TRACE StateContext queue 13 messages clear start
TRACE StateContext queue 13 messages clear end
TRACE StateContext queue 13 complete
TRACE StateContext queue 14 00000207EF2258D0 start
TRACE StateContext queue 14 messages 0
TRACE StateContext queue 14 messages clear start
TRACE StateContext queue 14 messages clear end
TRACE StateContext queue 14 complete
TRACE StateContext all queues drained
TRACE StateContext states snapshotted 1
TRACE StateContext states cleared
TRACE StateContext queues cleared
TRACE StateContext shared listener cleared
TRACE StateContext unload end 00000207F6F5CCA0
TRACE StateContext unload start 00000207F4B9D2D0 state 5
TRACE StateContext unload start 00000207F4B9CDF0 state 5
TRACE StateContext unload start 00000207F4B9CEC0 state 5
TRACE StateContext unload start 00000207F4B9D200 state 5
TRACE StateContext unload start 00000207F4B9D3A0 state 5
TRACE StateContext unload start 00000207F4B9D470 state 5
TRACE StateContext unload start 00000207F4B9D540 state 5
TRACE StateContext unload start 00000207F4B9D610 state 5
TRACE StateContext unload start 00000207F4B9D6E0 state 5
TRACE StateContext unload start 00000207F4B9D7B0 state 5
TRACE StateContext unload start 00000207F4B9D880 state 5
TRACE StateContext unload start 00000207F4B9D950 state 5
TRACE StateContext unload start 00000207F4B9DA20 state 5
TRACE StateContext unload start 00000207F4B9DAF0 state 5
TRACE StateContext unload start 00000207F4B9DBC0 state 5
TRACE StateContext unload start 00000207F4B9DC90 state 5
TRACE StateContext unload start 00000207F4B9DD60 state 5
TRACE StateContext unload start 00000207F4B9DE30 state 5
TRACE StateContext unload start 00000207F4B9DF00 state 5
TRACE StateContext unload start 00000207F4B9DFD0 state 5
TRACE StateContext unload start 00000207F4B9E0A0 state 5
TRACE StateContext unload start 00000207F4B9E170 state 5
TRACE StateContext unload start 00000207F4B9E240 state 5
TRACE StateContext unload start 00000207F4B9E310 state 5
TRACE StateContext unload start 00000207F4B9E3E0 state 5
TRACE StateContext unload start 00000207F4B9E4B0 state 5
TRACE StateContext unload start 00000207F6F5C620 state 5
TRACE StateContext unload start 00000207F6F5C6F0 state 5
TRACE StateContext unload start 00000207F6F5C7C0 state 5
TRACE StateContext unload start 00000207F6F5C890 state 5
TRACE StateContext unload start 00000207F6F5C960 state 5
TRACE StateContext unload start 00000207F6F5CA30 state 5
TRACE StateContext unload start 00000207F6F5CB00 state 5
TRACE StateContext unload start 00000207F6F5CBD0 state 5
TRACE StateContext unload start 00000207F6F5CCA0 state 5
TRACE StateContext unload start 00000207F6F5CD70 state 5
TRACE StateContext unload start 00000207F6F5CE40 state 5
TRACE ApplicationManager plugins unloaded
TRACE ApplicationManager managers unloaded
TRACE ApplicationManager unload end
