Fsm manager created.
DLL version matches the host executable version. DLL version: 0.10.0 Host version: 0.10.0
DLL version matches the host executable version. DLL version: 0.10.0 Host version: 0.10.0
DLL version matches the host executable version. DLL version: 0.10.0 Host version: 0.10.0
DLL version matches the host executable version. DLL version: 0.10.0 Host version: 0.10.0
DLL version matches the host executable version. DLL version: 0.10.0 Host version: 0.10.0
DLL version matches the host executable version. DLL version: 0.10.0 Host version: 0.10.0
DLL version matches the host executable version. DLL version: 0.10.0 Host version: 0.10.0
Unable to load library: WPOISInput.dll
DLL version mismatch. Recompile required. DLL version: 0.0.0 Host version: 0.10.0
DLL version matches the host executable version. DLL version: 0.10.0 Host version: 0.10.0
Pool memory allocated.
FileSystem created.
SoundManager created.
ScriptManager created.
Create scene manager.
WPGraphics: initialization started; requested API=Automatic
WPGraphics: native graphics system and frame callback ready.
WPGraphics: scene, pipeline, window, material, texture, shader and UI factories registered.
WPGraphics: texture manager loaded.
WPGraphics: font, material and overlay manager loading requested.
WPGraphics: UI plugin loaded; ImGui manager loading requested.
WPGraphics: initialization completed in 23 ms; renderer configuration follows.
WPGraphics: configuration started; requested API=Automatic, create window=yes
WPGraphics: creating window 'DefaultWindow', 1280x720, fullscreen=no
WPGraphics/Window: loading 'DefaultWindow' at 1280x720
WPGraphics/Window: 'DefaultWindow' initialized.
WPGraphics: window 'DefaultWindow' ready; active API=Automatic
WPGraphics: creating DirectX 11 renderer.
WPGraphics/DX11: initializing renderer at 1280x720; native window=available
WPGraphics/DX11: renderer ready; shaders, depth testing and initial viewport configured.
WPGraphics: renderer loaded; active API=DirectX 11
WPGraphics: resource group manager loaded.
GraphicsPipeline: Constructor called
WPGraphics/Pipeline: initializing CPU post-processing at 1280x720; quality=2
GraphicsPipeline: Initialized.
WPGraphics/Pipeline: ready; TAA=1, AO=1, SSR=0, bloom=1, exposure=1, DOF=0, motion blur=0, contact shadows=1, CSM=1
Loading Debug
WPGraphics: configuration completed in 699 ms; active API=DirectX 11; CPU pipeline applies to the software main window.
GraphicsSystem created.
Resources loaded.
SceneManager(s) created.
Cameras created.
Viewports created.
Mesh loader created.
Create input system.
UI created.
RenderUI created.
Renderpipeline created.
Physics created.
RenderWindow created.
Finished creating base components.
Asset catalog requires an open parameterized database backend.
Loaded: ../../../../../Media/Scripts/Lua/AI/CreateGameEvaluator.lua
Loaded: ../../../../../Media/Scripts/Lua/AI/CreateSceneGoal.lua
Loaded: ../../../../../Media/Scripts/Lua/AI/Goal.lua
Loaded: ../../../../../Media/Scripts/Lua/AI/PromptProcessor.lua
Loaded: ../../../../../Media/Scripts/Lua/Editor/AboutDialog.lua
Loaded: BaseEditor.lua
Loaded: ../../../../../Media/Scripts/Lua/Editor/AnimationEditor.lua
Loaded: ../../../../../Media/Scripts/Lua/Editor/BaseEditor.lua
Loaded: ../../../../../Media/Scripts/Lua/Editor/Editor.lua
Loaded: ../../../../../Media/Scripts/Lua/Editor/EditorUI.lua
Loaded: ../../../../../Media/Scripts/Lua/Editor/GameTemplateDefinition.lua
Loaded: ../../../../../Media/Scripts/Lua/Editor/GameTemplateGeneratorEditor.lua
Loaded: ../../../../../Media/Scripts/Lua/Editor/InputManager.lua
Loaded: ../../../../../Media/Scripts/Lua/Editor/MaterialEditor.lua
Loaded: ../../../../../Media/Scripts/Lua/Editor/PackageEditor.lua
Loaded: ../../../../../Media/Scripts/Lua/Editor/ParticleEditor.lua
Loaded: ../../../../../Media/Scripts/Lua/Editor/ProceduralModelEditor.lua
Loaded: ../../../../../Media/Scripts/Lua/Editor/ProceduralTextureEditor.lua
Loaded: ../../../../../Media/Scripts/Lua/Editor/ProjectSettings.lua
Loaded: ../../../../../Media/Scripts/Lua/Editor/ResourceSelect.lua
Loaded: ../../../../../Media/Scripts/Lua/Editor/SceneBuilderEditor.lua
Loaded: ../../../../../Media/Scripts/Lua/Editor/ShaderEditor.lua
Loaded: ../../../../../Media/Scripts/Lua/Editor/SoundEditor.lua
Loaded: ../../../../../Media/Scripts/Lua/Editor/TerrainEditor.lua
Loaded: BaseComponent.lua
Loaded: ../../../../../Media/Scripts/Lua/Game/Builders/ApplicationSceneBuilder.lua
Loaded: ../../../../../Media/Scripts/Lua/Game/Builders/DataDrivenGameTemplateGenerator.lua
Loaded: ../../../../../Media/Scripts/Lua/Game/Builders/GameSceneBuilder.lua
Loaded: ../../../../../Media/Scripts/Lua/Game/Builders/GameTemplateDefinition.lua
Loaded: ../../../../../Media/Scripts/Lua/Game/Builders/GameTemplateGenerator.lua
Loaded: ../../../../../Media/Scripts/Lua/Game/Builders/GameTemplateGenre.lua
Loaded: ../../../../../Media/Scripts/Lua/Game/Builders/GenerateGameManager.lua
Loaded: ../../../../../Media/Scripts/Lua/Game/Builders/MenuBuilder.lua
Loaded: ../../../../../Media/Scripts/Lua/Game/Builders/SystemSettingsMenuBuilder.lua
Loaded: ../../../../../Media/Scripts/Lua/Game/Builders/TemplateGeneratedMarker.lua
Loaded: ../../../../../Media/Scripts/Lua/Game/Builders/TemplatePlayerController.lua
Loaded: ../../../../../Media/Scripts/Lua/Game/Builders/TemplateSpawnDefinition.lua
Loaded: CatchGameCore.lua
Loaded: ../../../../../Media/Scripts/Lua/Game/CatchGame/CatchGame.lua
Loaded: ../../../../../Media/Scripts/Lua/Game/CatchGame/CatchGameCore.lua
Loaded: ../../../../../Media/Scripts/Lua/Game/Core/Application.lua
Loaded: ../../../../../Media/Scripts/Lua/Game/Core/BaseComponent.lua
Loaded: ../../../../../Media/Scripts/Lua/Game/Core/GameSceneBuilder.lua
Loaded: ../../../../../Media/Scripts/Lua/Game/Core/LanguageSetters.lua
Loaded: ../../../../../Media/Scripts/Lua/Game/Core/RacingGameApplication.lua
Loaded: ../../../../../Media/Scripts/Lua/Game/Core/SampleVehicleAdvanced.lua
Loaded: ../../../../../Media/Scripts/Lua/Game/Core/TranslationObject.lua
Loaded: ../../../../../Media/Scripts/Lua/Game/Core/i18n.lua
Loaded: MissionRuntime.lua
Loaded: MissionObjective.lua
Loaded: MissionDefinition.lua
Loaded: ../../../../../Media/Scripts/Lua/Game/Mission/MissionAuthoring.lua
Loaded: MissionState.lua
Loaded: MissionLibrary.lua
Loaded: MissionManager.lua
Loaded: MissionHUD.lua
Loaded: ../../../../../Media/Scripts/Lua/Game/Mission/MissionBootstrap.lua
Loaded: ../../../../../Media/Scripts/Lua/Game/Mission/MissionDefinition.lua
Loaded: MissionAuthoring.lua
Loaded: ../../../../../Media/Scripts/Lua/Game/Mission/MissionEditorWindow.lua
Loaded: ../../../../../Media/Scripts/Lua/Game/Mission/MissionHUD.lua
Loaded: ../../../../../Media/Scripts/Lua/Game/Mission/MissionLibrary.lua
Loaded: ../../../../../Media/Scripts/Lua/Game/Mission/MissionManager.lua
Loaded: ../../../../../Media/Scripts/Lua/Game/Mission/MissionObjective.lua
Loaded: ../../../../../Media/Scripts/Lua/Game/Mission/MissionObjectiveSceneMarker.lua
Loaded: ../../../../../Media/Scripts/Lua/Game/Mission/MissionRuntime.lua
Loaded: ../../../../../Media/Scripts/Lua/Game/Mission/MissionState.lua
Loaded: ../../../../../Media/Scripts/Lua/Game/Mission/MissionTrigger.lua
Loaded: MissionEditorWindow.lua
Loaded: MissionObjectiveSceneMarker.lua
Loaded: MissionTrigger.lua
Loaded: MissionBootstrap.lua
Loaded: ../../../../../Media/Scripts/Lua/Game/Mission/Missions.lua
Loaded: ../../../../../Media/Scripts/Lua/Game/Procedural/BackGarden.lua
Loaded: ../../../../../Media/Scripts/Lua/Game/Procedural/Bin.lua
Loaded: ../../../../../Media/Scripts/Lua/Game/Procedural/Block.lua
Loaded: ../../../../../Media/Scripts/Lua/Game/Procedural/BlockGenerator.lua
Loaded: ../../../../../Media/Scripts/Lua/Game/Procedural/BlockNode.lua
Loaded: ../../../../../Media/Scripts/Lua/Game/Procedural/Building.lua
Loaded: ../../../../../Media/Scripts/Lua/Game/Procedural/BuildingGenerator.lua
Loaded: ../../../../../Media/Scripts/Lua/Game/Procedural/CityCell.lua
Loaded: ../../../../../Media/Scripts/Lua/Game/Procedural/CityGenerator.lua
Loaded: ../../../../../Media/Scripts/Lua/Game/Procedural/FrontGarden.lua
Loaded: ../../../../../Media/Scripts/Lua/Game/Procedural/LampPost.lua
Loaded: ../../../../../Media/Scripts/Lua/Game/Procedural/LampPostGenerator.lua
Loaded: ProceduralObject.lua
Loaded: ../../../../../Media/Scripts/Lua/Game/Procedural/Lot.lua
Loaded: ../../../../../Media/Scripts/Lua/Game/Procedural/LotGenerator.lua
Loaded: ../../../../../Media/Scripts/Lua/Game/Procedural/LotNode.lua
Loaded: ../../../../../Media/Scripts/Lua/Game/Procedural/MainBuilding.lua
Loaded: ../../../../../Media/Scripts/Lua/Game/Procedural/ProceduralCity.lua
Loaded: ../../../../../Media/Scripts/Lua/Game/Procedural/ProceduralGenerator.lua
Loaded: ../../../../../Media/Scripts/Lua/Game/Procedural/ProceduralGroup.lua
Loaded: ../../../../../Media/Scripts/Lua/Game/Procedural/ProceduralNetwork.lua
Loaded: ../../../../../Media/Scripts/Lua/Game/Procedural/ProceduralNode.lua
Loaded: ../../../../../Media/Scripts/Lua/Game/Procedural/ProceduralObject.lua
Loaded: ../../../../../Media/Scripts/Lua/Game/Procedural/ProceduralPath.lua
Loaded: ../../../../../Media/Scripts/Lua/Game/Procedural/ProceduralRenderable.lua
Loaded: ../../../../../Media/Scripts/Lua/Game/Procedural/ProceduralRenderer.lua
Loaded: ../../../../../Media/Scripts/Lua/Game/Procedural/ProceduralScene.lua
Loaded: ../../../../../Media/Scripts/Lua/Game/Procedural/ProceduralTerrain.lua
Loaded: ../../../../../Media/Scripts/Lua/Game/Procedural/River.lua
Loaded: ../../../../../Media/Scripts/Lua/Game/Procedural/RiverGenerator.lua
Loaded: ../../../../../Media/Scripts/Lua/Game/Procedural/RiverNode.lua
Loaded: ../../../../../Media/Scripts/Lua/Game/Procedural/Road.lua
Loaded: ../../../../../Media/Scripts/Lua/Game/Procedural/RoadConnection.lua
Loaded: ../../../../../Media/Scripts/Lua/Game/Procedural/RoadElement.lua
Loaded: ../../../../../Media/Scripts/Lua/Game/Procedural/RoadGenerator.lua
Loaded: ../../../../../Media/Scripts/Lua/Game/Procedural/RoadGroup.lua
Loaded: ../../../../../Media/Scripts/Lua/Game/Procedural/RoadNetwork.lua
Loaded: ../../../../../Media/Scripts/Lua/Game/Procedural/RoadNode.lua
Loaded: ../../../../../Media/Scripts/Lua/Game/Procedural/RoadSection.lua
Loaded: ../../../../../Media/Scripts/Lua/Game/Procedural/Sidewalk.lua
Loaded: ../../../../../Media/Scripts/Lua/Game/Procedural/SidewalkGenerator.lua
Loaded: ../../../../../Media/Scripts/Lua/Game/Procedural/SidewalkGroup.lua
Loaded: ../../../../../Media/Scripts/Lua/Game/Procedural/SidewalkNetwork.lua
Loaded: ../../../../../Media/Scripts/Lua/Game/Procedural/SidewalkNode.lua
Loaded: ../../../../../Media/Scripts/Lua/Game/Procedural/TerrainGenerator.lua
Loaded: ../../../../../Media/Scripts/Lua/Game/Procedural/TrafficGenerator.lua
Loaded: ../../../../../Media/Scripts/Lua/Game/Procedural/TreeGenerator.lua
Loaded: ../../../../../Media/Scripts/Lua/Game/Racing/CheckPoint.lua
Loaded: ../../../../../Media/Scripts/Lua/Game/Racing/Laps.lua
Loaded: ../../../../../Media/Scripts/Lua/Game/Racing/Racing/DroneGate.lua
Loaded: ../../../../../Media/Scripts/Lua/Game/Racing/Racing/Misc/DataLoader.lua
Loaded: ../../../../../Media/Scripts/Lua/Game/Racing/Racing/Misc/FramerateCounter.lua
Loaded: ../../../../../Media/Scripts/Lua/Game/Racing/Racing/Misc/MenuManager.lua
Loaded: ../../../../../Media/Scripts/Lua/Game/Racing/Racing/Misc/MenuScript.lua
Loaded: ../../../../../Media/Scripts/Lua/Game/Racing/Racing/Misc/MobileControlManager.lua
Loaded: ../../../../../Media/Scripts/Lua/Game/Racing/Racing/Misc/PlayerData.lua
Loaded: ../../../../../Media/Scripts/Lua/Game/Racing/Racing/Misc/TextAlpha.lua
Loaded: ../../../../../Media/Scripts/Lua/Game/Racing/Racing/Misc/VehicleUpgrades.lua
Loaded: ../../../../../Media/Scripts/Lua/Game/Racing/Racing/Race/Helpers/CheckpointContainer.lua
Loaded: ../../../../../Media/Scripts/Lua/Game/Racing/Racing/Race/Helpers/PathCreator.lua
Loaded: ../../../../../Media/Scripts/Lua/Game/Racing/Racing/Race/Helpers/SpawnpointContainer.lua
Loaded: ../../../../../Media/Scripts/Lua/Game/Racing/Racing/Race/Others/Brakezone.lua
Loaded: ../../../../../Media/Scripts/Lua/Game/Racing/Racing/Race/Others/CameraSwitcher.lua
Loaded: ../../../../../Media/Scripts/Lua/Game/Racing/Racing/Race/Others/Checkpoint.lua
Loaded: ../../../../../Media/Scripts/Lua/Game/Racing/Racing/Race/Others/GhostVehicle.lua
Loaded: ../../../../../Media/Scripts/Lua/Game/Racing/Racing/Race/Others/MinimapFollowTarget.lua
Loaded: ../../../../../Media/Scripts/Lua/Game/Racing/Racing/Race/Others/PlayerCamera.lua
Loaded: ../../../../../Media/Scripts/Lua/Game/Racing/Racing/Race/Others/PlayerFPCamera.lua
Loaded: ../../../../../Media/Scripts/Lua/Game/Racing/Racing/Race/Others/RaceRewards.lua
Loaded: ../../../../../Media/Scripts/Lua/Game/Racing/Racing/Race/Others/RacerName.lua
Loaded: ../../../../../Media/Scripts/Lua/Game/Racing/Racing/Race/Others/RacerPointer.lua
Loaded: ../../../../../Media/Scripts/Lua/Game/Racing/Racing/Race/Others/ReplayCamera.lua
Loaded: ../../../../../Media/Scripts/Lua/Game/Racing/Racing/Race/Others/ReplayManager.lua
Loaded: ../../../../../Media/Scripts/Lua/Game/Racing/Racing/Race/Others/TimeTrialConfig.lua
Loaded: ../../../../../Media/Scripts/Lua/Game/Racing/Racing/Race/Others/UIButton.lua
Loaded: ../../../../../Media/Scripts/Lua/Game/Racing/Racing/Race/Others/WaypointArrow.lua
Loaded: ../../../../../Media/Scripts/Lua/Game/Racing/Racing/Race/System/ProgressTracker.lua
Loaded: ../../../../../Media/Scripts/Lua/Game/Racing/Racing/Race/System/RaceManager.lua
Loaded: ../../../../../Media/Scripts/Lua/Game/Racing/Racing/Race/System/RaceManagerView.lua
Loaded: ../../../../../Media/Scripts/Lua/Game/Racing/Racing/Race/System/RaceManagerViewPUN.lua
Loaded: ../../../../../Media/Scripts/Lua/Game/Racing/Racing/Race/System/RaceManagerViewSteam.lua
Loaded: ../../../../../Media/Scripts/Lua/Game/Racing/Racing/Race/System/RaceView.lua
Loaded: ../../../../../Media/Scripts/Lua/Game/Racing/Racing/Race/System/RaceViewPUN.lua
Loaded: ../../../../../Media/Scripts/Lua/Game/Racing/Racing/Race/System/RaceViewSteam.lua
Loaded: ../../../../../Media/Scripts/Lua/Game/Racing/Racing/Race/System/RankManager.lua
Loaded: ../../../../../Media/Scripts/Lua/Game/Racing/Racing/Race/System/SoundManager.lua
Loaded: ../../../../../Media/Scripts/Lua/Game/Racing/Racing/Race/System/Statistics.lua
Loaded: ../../../../../Media/Scripts/Lua/Game/Racing/Racing/Race/System/WaypointCircuit.lua
Loaded: ../../../../../Media/Scripts/Lua/Game/Racing/Racing/Race/UI/RaceCompletedUI.lua
Loaded: ../../../../../Media/Scripts/Lua/Game/Racing/Racing/Race/UI/RaceStandingsUI.lua
Loaded: ../../../../../Media/Scripts/Lua/Game/Racing/Racing/Race/UI/RaceUI.lua
Loaded: ../../../../../Media/Scripts/Lua/Game/Racing/Racing/Vehicle/Car_Controller.lua
Loaded: ../../../../../Media/Scripts/Lua/Game/Racing/Racing/Vehicle/Drone_Controller.lua
Loaded: ../../../../../Media/Scripts/Lua/Game/Racing/Racing/Vehicle/Input/OpponentControl.lua
Loaded: ../../../../../Media/Scripts/Lua/Game/Racing/Racing/Vehicle/Input/PlayerControl.lua
Loaded: ../../../../../Media/Scripts/Lua/Game/Racing/Racing/Vehicle/Motorbike_Controller.lua
Loaded: ../../../../../Media/Scripts/Lua/Game/Racing/Racing/Vehicle/Skidmark.lua
Loaded: ../../../../../Media/Scripts/Lua/Game/Racing/Racing/Vehicle/Wheels.lua
Loaded: Road.lua
Loaded: ../../../../../Media/Scripts/Lua/Game/UnitTests/lua_unit_tests.lua
Loaded: ../../../../../Media/Scripts/Lua/Game/Vehicle/Vehicle.lua
Loaded: UIDialog.lua
Loaded: FlightDialog.lua
Loaded: FlightWorkbench.lua
Loaded: ../../../../../Media/Scripts/Lua/UI/AirFoilPanel.lua
Loaded: FlightHUD.lua
Loaded: ../../../../../Media/Scripts/Lua/UI/CGModeInfo.lua
Loaded: Settings.lua
Loaded: FlightSetup.lua
Loaded: ../../../../../Media/Scripts/Lua/UI/CameraSettingsDialog.lua
Loaded: FlightOnline.lua
Loaded: ../../../../../Media/Scripts/Lua/UI/ChatDialog.lua
Loaded: ../../../../../Media/Scripts/Lua/UI/ColourPicker.lua
Loaded: ../../../../../Media/Scripts/Lua/UI/ComponentChange.lua
Loaded: ../../../../../Media/Scripts/Lua/UI/ComponentConfig.lua
Loaded: ../../../../../Media/Scripts/Lua/UI/ComponentSelector.lua
Loaded: ../../../../../Media/Scripts/Lua/UI/ConeModes.lua
Loaded: ../../../../../Media/Scripts/Lua/UI/DemoHud.lua
Loaded: ../../../../../Media/Scripts/Lua/UI/DevPanel.lua
Loaded: FlightMedia.lua
Loaded: ../../../../../Media/Scripts/Lua/UI/FileBrowserDialog.lua
Loaded: ../../../../../Media/Scripts/Lua/UI/FixedWingDialog.lua
Loaded: SceneSelect.lua
Loaded: VehicleSelect.lua
Loaded: ../../../../../Media/Scripts/Lua/UI/FlightAliases.lua
Loaded: ../../../../../Media/Scripts/Lua/UI/FlightDialog.lua
Loaded: ../../../../../Media/Scripts/Lua/UI/FlightHUD.lua
Loaded: ../../../../../Media/Scripts/Lua/UI/FlightMedia.lua
Loaded: ../../../../../Media/Scripts/Lua/UI/FlightOnline.lua
Loaded: ../../../../../Media/Scripts/Lua/UI/FlightRecorder.lua
Loaded: ../../../../../Media/Scripts/Lua/UI/FlightSetup.lua
Loaded: ../../../../../Media/Scripts/Lua/UI/FlightWorkbench.lua
Loaded: ../../../../../Media/Scripts/Lua/UI/Hud.lua
Loaded: ../../../../../Media/Scripts/Lua/UI/InformationText.lua
Loaded: ../../../../../Media/Scripts/Lua/UI/InputConfiguration.lua
Loaded: ../../../../../Media/Scripts/Lua/UI/MessageBoxConfirm.lua
Loaded: ../../../../../Media/Scripts/Lua/UI/ModelEditor.lua
Loaded: FlightAliases.lua
Loaded: ../../../../../Media/Scripts/Lua/UI/ModelHangerDialog.lua
Loaded: ../../../../../Media/Scripts/Lua/UI/ModelSettings.lua
Loaded: ../../../../../Media/Scripts/Lua/UI/Mp3PlayerDialog.lua
Loaded: ../../../../../Media/Scripts/Lua/UI/OnlineMenu.lua
Loaded: ../../../../../Media/Scripts/Lua/UI/RaceSettings.lua
Loaded: ../../../../../Media/Scripts/Lua/UI/SceneEditorManagerGUI.lua
Loaded: ../../../../../Media/Scripts/Lua/UI/SceneIcon.lua
Loaded: ../../../../../Media/Scripts/Lua/UI/SceneSelect.lua
Loaded: ../../../../../Media/Scripts/Lua/UI/ScenerySelector.lua
Loaded: ../../../../../Media/Scripts/Lua/UI/Settings.lua
Loaded: ../../../../../Media/Scripts/Lua/UI/SettingsAudio.lua
Loaded: ../../../../../Media/Scripts/Lua/UI/SettingsGeneral.lua
Loaded: ../../../../../Media/Scripts/Lua/UI/SettingsGraphics.lua
Loaded: ../../../../../Media/Scripts/Lua/UI/SettingsRegion.lua
Loaded: ../../../../../Media/Scripts/Lua/UI/SettingsSimulation.lua
Loaded: ../../../../../Media/Scripts/Lua/UI/SettingsUI.lua
Loaded: ../../../../../Media/Scripts/Lua/UI/SettingsUserData.lua
Loaded: ../../../../../Media/Scripts/Lua/UI/SetupWizardDialog.lua
Loaded: ../../../../../Media/Scripts/Lua/UI/Splash.lua
Loaded: ../../../../../Media/Scripts/Lua/UI/StartMenu.lua
Loaded: ../../../../../Media/Scripts/Lua/UI/StatsMenu.lua
Loaded: ../../../../../Media/Scripts/Lua/UI/SwitchIndicators.lua
Loaded: ../../../../../Media/Scripts/Lua/UI/SwitchIndicatorsPanel.lua
Loaded: ../../../../../Media/Scripts/Lua/UI/SystemSettings.lua
Loaded: ../../../../../Media/Scripts/Lua/UI/Tooltip.lua
Loaded: ../../../../../Media/Scripts/Lua/UI/TrainingHud.lua
Loaded: ../../../../../Media/Scripts/Lua/UI/TrainingMenu.lua
Loaded: ../../../../../Media/Scripts/Lua/UI/TransmitterSelect.lua
Loaded: ../../../../../Media/Scripts/Lua/UI/TransmittersPanel.lua
Loaded: ../../../../../Media/Scripts/Lua/UI/UIDialog.lua
Loaded: ../../../../../Media/Scripts/Lua/UI/UIManager.lua
Loaded: ../../../../../Media/Scripts/Lua/UI/UnityDialog.lua
Loaded: ../../../../../Media/Scripts/Lua/UI/VehicleEditor.lua
Loaded: ../../../../../Media/Scripts/Lua/UI/VehicleIcon.lua
Loaded: ../../../../../Media/Scripts/Lua/UI/VehicleSelect.lua
Loaded: ../../../../../Media/Scripts/Lua/UI/VehiclesPanel.lua
Loaded: ../../../../../Media/Scripts/Lua/UI/VirtualTransmitter.lua
Loaded: ../../../../../Media/Scripts/Lua/UI/VisualTransmitterDialog.lua
Component Loaded: workphone::scene::ProceduralRaceScene Actor: Procedural Grand Prix
Component Loaded: workphone::scene::CollisionBox Actor: Procedural Grand Prix
Component Loaded: workphone::scene::Rigidbody Actor: Procedural Grand Prix
Component Loaded: workphone::scene::CarController Actor: Procedural Grand Prix
Component Loaded: workphone::scene::CollisionBox Actor: Circuit collision plane
Component Loaded: workphone::scene::Rigidbody Actor: Circuit collision plane
Asset catalog requires an open parameterized database backend.
Asset catalog requires an open parameterized database backend.
Asset catalog requires an open parameterized database backend.
Asset catalog requires an open parameterized database backend.
Asset catalog requires an open parameterized database backend.
Asset catalog requires an open parameterized database backend.
Asset catalog requires an open parameterized database backend.
Asset catalog requires an open parameterized database backend.
Asset catalog requires an open parameterized database backend.
Asset catalog requires an open parameterized database backend.
Asset catalog requires an open parameterized database backend.
Asset catalog requires an open parameterized database backend.
Asset catalog requires an open parameterized database backend.
Asset catalog requires an open parameterized database backend.
Asset catalog requires an open parameterized database backend.
Asset catalog requires an open parameterized database backend.
Asset catalog requires an open parameterized database backend.
Asset catalog requires an open parameterized database backend.
Asset catalog requires an open parameterized database backend.
Asset catalog requires an open parameterized database backend.
Asset catalog requires an open parameterized database backend.
Asset catalog requires an open parameterized database backend.
Asset catalog requires an open parameterized database backend.
Asset catalog requires an open parameterized database backend.
Asset catalog requires an open parameterized database backend.
Asset catalog requires an open parameterized database backend.
Asset catalog requires an open parameterized database backend.
Asset catalog requires an open parameterized database backend.
Asset catalog requires an open parameterized database backend.
Asset catalog requires an open parameterized database backend.
Asset catalog requires an open parameterized database backend.
Asset catalog requires an open parameterized database backend.
Asset catalog requires an open parameterized database backend.
Asset catalog requires an open parameterized database backend.
Asset catalog requires an open parameterized database backend.
Asset catalog requires an open parameterized database backend.
Asset catalog requires an open parameterized database backend.
Asset catalog requires an open parameterized database backend.
Asset catalog requires an open parameterized database backend.
Asset catalog requires an open parameterized database backend.
Asset catalog requires an open parameterized database backend.
Asset catalog requires an open parameterized database backend.
Asset catalog requires an open parameterized database backend.
Asset catalog requires an open parameterized database backend.
Asset catalog requires an open parameterized database backend.
Asset catalog requires an open parameterized database backend.
Asset catalog requires an open parameterized database backend.
Asset catalog requires an open parameterized database backend.
Asset catalog requires an open parameterized database backend.
Asset catalog requires an open parameterized database backend.
Asset catalog requires an open parameterized database backend.
Asset catalog requires an open parameterized database backend.
Asset catalog requires an open parameterized database backend.
Asset catalog requires an open parameterized database backend.
Asset catalog requires an open parameterized database backend.
Asset catalog requires an open parameterized database backend.
Asset catalog requires an open parameterized database backend.
Asset catalog requires an open parameterized database backend.
Asset catalog requires an open parameterized database backend.
Asset catalog requires an open parameterized database backend.
Asset catalog requires an open parameterized database backend.
Asset catalog requires an open parameterized database backend.
Asset catalog requires an open parameterized database backend.
Asset catalog requires an open parameterized database backend.
Asset catalog requires an open parameterized database backend.
Asset catalog requires an open parameterized database backend.
Asset catalog requires an open parameterized database backend.
Asset catalog requires an open parameterized database backend.
Asset catalog requires an open parameterized database backend.
Asset catalog requires an open parameterized database backend.
Asset catalog requires an open parameterized database backend.
Asset catalog requires an open parameterized database backend.
Asset catalog requires an open parameterized database backend.
Asset catalog requires an open parameterized database backend.
Asset catalog requires an open parameterized database backend.
Asset catalog requires an open parameterized database backend.
Asset catalog requires an open parameterized database backend.
Asset catalog requires an open parameterized database backend.
Asset catalog requires an open parameterized database backend.
Asset catalog requires an open parameterized database backend.
Asset catalog requires an open parameterized database backend.
Asset catalog requires an open parameterized database backend.
Asset catalog requires an open parameterized database backend.
Asset catalog requires an open parameterized database backend.
Asset catalog requires an open parameterized database backend.
Asset catalog requires an open parameterized database backend.
Asset catalog requires an open parameterized database backend.
Asset catalog requires an open parameterized database backend.
Asset catalog requires an open parameterized database backend.
Asset catalog requires an open parameterized database backend.
Asset catalog requires an open parameterized database backend.
Asset catalog requires an open parameterized database backend.
Asset catalog requires an open parameterized database backend.
Asset catalog requires an open parameterized database backend.
Asset catalog requires an open parameterized database backend.
Asset catalog requires an open parameterized database backend.
Asset catalog requires an open parameterized database backend.
Asset catalog requires an open parameterized database backend.
Asset catalog requires an open parameterized database backend.
Asset catalog requires an open parameterized database backend.
Asset catalog requires an open parameterized database backend.
Asset catalog requires an open parameterized database backend.
Asset catalog requires an open parameterized database backend.
Asset catalog requires an open parameterized database backend.
Asset catalog requires an open parameterized database backend.
Asset catalog requires an open parameterized database backend.
Asset catalog requires an open parameterized database backend.
Asset catalog requires an open parameterized database backend.
Asset catalog requires an open parameterized database backend.
Asset catalog requires an open parameterized database backend.
Asset catalog requires an open parameterized database backend.
Asset catalog requires an open parameterized database backend.
Asset catalog requires an open parameterized database backend.
Asset catalog requires an open parameterized database backend.
Asset catalog requires an open parameterized database backend.
Asset catalog requires an open parameterized database backend.
Asset catalog requires an open parameterized database backend.
Asset catalog requires an open parameterized database backend.
Asset catalog requires an open parameterized database backend.
Asset catalog requires an open parameterized database backend.
Asset catalog requires an open parameterized database backend.
Asset catalog requires an open parameterized database backend.
Asset catalog requires an open parameterized database backend.
Asset catalog requires an open parameterized database backend.
Asset catalog requires an open parameterized database backend.
Asset catalog requires an open parameterized database backend.
Asset catalog requires an open parameterized database backend.
Asset catalog requires an open parameterized database backend.
Asset catalog requires an open parameterized database backend.
Asset catalog requires an open parameterized database backend.
Asset catalog requires an open parameterized database backend.
Asset catalog requires an open parameterized database backend.
Asset catalog requires an open parameterized database backend.
Asset catalog requires an open parameterized database backend.
Asset catalog requires an open parameterized database backend.
Asset catalog requires an open parameterized database backend.
Asset catalog requires an open parameterized database backend.
Asset catalog requires an open parameterized database backend.
Asset catalog requires an open parameterized database backend.
Asset catalog requires an open parameterized database backend.
Asset catalog requires an open parameterized database backend.
Asset catalog requires an open parameterized database backend.
Asset catalog requires an open parameterized database backend.
Asset catalog requires an open parameterized database backend.
Asset catalog requires an open parameterized database backend.
Asset catalog requires an open parameterized database backend.
Asset catalog requires an open parameterized database backend.
Asset catalog requires an open parameterized database backend.
Asset catalog requires an open parameterized database backend.
Asset catalog requires an open parameterized database backend.
Asset catalog requires an open parameterized database backend.
Asset catalog requires an open parameterized database backend.
Asset catalog requires an open parameterized database backend.
Asset catalog requires an open parameterized database backend.
Asset catalog requires an open parameterized database backend.
Asset catalog requires an open parameterized database backend.
Asset catalog requires an open parameterized database backend.
Asset catalog requires an open parameterized database backend.
Asset catalog requires an open parameterized database backend.
Asset catalog requires an open parameterized database backend.
Asset catalog requires an open parameterized database backend.
Asset catalog requires an open parameterized database backend.
Asset catalog requires an open parameterized database backend.
Asset catalog requires an open parameterized database backend.
Asset catalog requires an open parameterized database backend.
Asset catalog requires an open parameterized database backend.
Asset catalog requires an open parameterized database backend.
Asset catalog requires an open parameterized database backend.
Asset catalog requires an open parameterized database backend.
Asset catalog requires an open parameterized database backend.
Asset catalog requires an open parameterized database backend.
Asset catalog requires an open parameterized database backend.
Asset catalog requires an open parameterized database backend.
Asset catalog requires an open parameterized database backend.
Asset catalog requires an open parameterized database backend.
Asset catalog requires an open parameterized database backend.
Asset catalog requires an open parameterized database backend.
Asset catalog requires an open parameterized database backend.
Asset catalog requires an open parameterized database backend.
Asset catalog requires an open parameterized database backend.
Asset catalog requires an open parameterized database backend.
Asset catalog requires an open parameterized database backend.
Asset catalog requires an open parameterized database backend.
Asset catalog requires an open parameterized database backend.
Asset catalog requires an open parameterized database backend.
Asset catalog requires an open parameterized database backend.
Asset catalog requires an open parameterized database backend.
Asset catalog requires an open parameterized database backend.
Asset catalog requires an open parameterized database backend.
Asset catalog requires an open parameterized database backend.
Asset catalog requires an open parameterized database backend.
Asset catalog requires an open parameterized database backend.
Asset catalog requires an open parameterized database backend.
Asset catalog requires an open parameterized database backend.
Asset catalog requires an open parameterized database backend.
Asset catalog requires an open parameterized database backend.
Asset catalog requires an open parameterized database backend.
Asset catalog requires an open parameterized database backend.
Asset catalog requires an open parameterized database backend.
Asset catalog requires an open parameterized database backend.
Asset catalog requires an open parameterized database backend.
Asset catalog requires an open parameterized database backend.
Asset catalog requires an open parameterized database backend.
Asset catalog requires an open parameterized database backend.
Asset catalog requires an open parameterized database backend.
Asset catalog requires an open parameterized database backend.
Asset catalog requires an open parameterized database backend.
Asset catalog requires an open parameterized database backend.
Asset catalog requires an open parameterized database backend.
Asset catalog requires an open parameterized database backend.
Asset catalog requires an open parameterized database backend.
Asset catalog requires an open parameterized database backend.
Asset catalog requires an open parameterized database backend.
Asset catalog requires an open parameterized database backend.
Asset catalog requires an open parameterized database backend.
Asset catalog requires an open parameterized database backend.
Asset catalog requires an open parameterized database backend.
Asset catalog requires an open parameterized database backend.
Asset catalog requires an open parameterized database backend.
Asset catalog requires an open parameterized database backend.
Asset catalog requires an open parameterized database backend.
Asset catalog requires an open parameterized database backend.
Asset catalog requires an open parameterized database backend.
Asset catalog requires an open parameterized database backend.
Asset catalog requires an open parameterized database backend.
Asset catalog requires an open parameterized database backend.
Asset catalog requires an open parameterized database backend.
Asset catalog requires an open parameterized database backend.
Asset catalog requires an open parameterized database backend.
Asset catalog requires an open parameterized database backend.
Asset catalog requires an open parameterized database backend.
Asset catalog requires an open parameterized database backend.
Asset catalog requires an open parameterized database backend.
Asset catalog requires an open parameterized database backend.
Asset catalog requires an open parameterized database backend.
Asset catalog requires an open parameterized database backend.
Asset catalog requires an open parameterized database backend.
Asset catalog requires an open parameterized database backend.
Asset catalog requires an open parameterized database backend.
Asset catalog requires an open parameterized database backend.
Asset catalog requires an open parameterized database backend.
Asset catalog requires an open parameterized database backend.
Asset catalog requires an open parameterized database backend.
Asset catalog requires an open parameterized database backend.
Asset catalog requires an open parameterized database backend.
Asset catalog requires an open parameterized database backend.
Asset catalog requires an open parameterized database backend.
Asset catalog requires an open parameterized database backend.
Asset catalog requires an open parameterized database backend.
Asset catalog requires an open parameterized database backend.
Asset catalog requires an open parameterized database backend.
Asset catalog requires an open parameterized database backend.
Asset catalog requires an open parameterized database backend.
Asset catalog requires an open parameterized database backend.
Asset catalog requires an open parameterized database backend.
Asset catalog requires an open parameterized database backend.
Asset catalog requires an open parameterized database backend.
Asset catalog requires an open parameterized database backend.
Asset catalog requires an open parameterized database backend.
Asset catalog requires an open parameterized database backend.
Asset catalog requires an open parameterized database backend.
Asset catalog requires an open parameterized database backend.
Asset catalog requires an open parameterized database backend.
Asset catalog requires an open parameterized database backend.
Asset catalog requires an open parameterized database backend.
Asset catalog requires an open parameterized database backend.
Asset catalog requires an open parameterized database backend.
Asset catalog requires an open parameterized database backend.
Asset catalog requires an open parameterized database backend.
Asset catalog requires an open parameterized database backend.
Asset catalog requires an open parameterized database backend.
Asset catalog requires an open parameterized database backend.
Asset catalog requires an open parameterized database backend.
Asset catalog requires an open parameterized database backend.
Asset catalog requires an open parameterized database backend.
Asset catalog requires an open parameterized database backend.
Asset catalog requires an open parameterized database backend.
Asset catalog requires an open parameterized database backend.
Asset catalog requires an open parameterized database backend.
Asset catalog requires an open parameterized database backend.
Asset catalog requires an open parameterized database backend.
Asset catalog requires an open parameterized database backend.
Asset catalog requires an open parameterized database backend.
Asset catalog requires an open parameterized database backend.
Asset catalog requires an open parameterized database backend.
Asset catalog requires an open parameterized database backend.
Asset catalog requires an open parameterized database backend.
Asset catalog requires an open parameterized database backend.
Asset catalog requires an open parameterized database backend.
Asset catalog requires an open parameterized database backend.
Asset catalog requires an open parameterized database backend.
Asset catalog requires an open parameterized database backend.
Asset catalog requires an open parameterized database backend.
Asset catalog requires an open parameterized database backend.
Asset catalog requires an open parameterized database backend.
Asset catalog requires an open parameterized database backend.
Asset catalog requires an open parameterized database backend.
Asset catalog requires an open parameterized database backend.
Asset catalog requires an open parameterized database backend.
Asset catalog requires an open parameterized database backend.
Asset catalog requires an open parameterized database backend.
Asset catalog requires an open parameterized database backend.
Asset catalog requires an open parameterized database backend.
Asset catalog requires an open parameterized database backend.
Asset catalog requires an open parameterized database backend.
Asset catalog requires an open parameterized database backend.
Asset catalog requires an open parameterized database backend.
Asset catalog requires an open parameterized database backend.
Asset catalog requires an open parameterized database backend.
Asset catalog requires an open parameterized database backend.
Asset catalog requires an open parameterized database backend.
Asset catalog requires an open parameterized database backend.
Asset catalog requires an open parameterized database backend.
Asset catalog requires an open parameterized database backend.
Asset catalog requires an open parameterized database backend.
Asset catalog requires an open parameterized database backend.
Asset catalog requires an open parameterized database backend.
Asset catalog requires an open parameterized database backend.
Asset catalog requires an open parameterized database backend.
Asset catalog requires an open parameterized database backend.
Asset catalog requires an open parameterized database backend.
Asset catalog requires an open parameterized database backend.
Asset catalog requires an open parameterized database backend.
Asset catalog requires an open parameterized database backend.
Asset catalog requires an open parameterized database backend.
Asset catalog requires an open parameterized database backend.
Asset catalog requires an open parameterized database backend.
Asset catalog requires an open parameterized database backend.
Asset catalog requires an open parameterized database backend.
Asset catalog requires an open parameterized database backend.
Asset catalog requires an open parameterized database backend.
Asset catalog requires an open parameterized database backend.
Asset catalog requires an open parameterized database backend.
Asset catalog requires an open parameterized database backend.
Asset catalog requires an open parameterized database backend.
Asset catalog requires an open parameterized database backend.
Asset catalog requires an open parameterized database backend.
Asset catalog requires an open parameterized database backend.
Asset catalog requires an open parameterized database backend.
Asset catalog requires an open parameterized database backend.
Asset catalog requires an open parameterized database backend.
Asset catalog requires an open parameterized database backend.
Asset catalog requires an open parameterized database backend.
Asset catalog requires an open parameterized database backend.
Asset catalog requires an open parameterized database backend.
Asset catalog requires an open parameterized database backend.
Asset catalog requires an open parameterized database backend.
Asset catalog requires an open parameterized database backend.
Asset catalog requires an open parameterized database backend.
Asset catalog requires an open parameterized database backend.
Asset catalog requires an open parameterized database backend.
Asset catalog requires an open parameterized database backend.
Asset catalog requires an open parameterized database backend.
Asset catalog requires an open parameterized database backend.
Asset catalog requires an open parameterized database backend.
Asset catalog requires an open parameterized database backend.
Asset catalog requires an open parameterized database backend.
Asset catalog requires an open parameterized database backend.
Asset catalog requires an open parameterized database backend.
Asset catalog requires an open parameterized database backend.
Asset catalog requires an open parameterized database backend.
Asset catalog requires an open parameterized database backend.
Asset catalog requires an open parameterized database backend.
Asset catalog requires an open parameterized database backend.
Asset catalog requires an open parameterized database backend.
Asset catalog requires an open parameterized database backend.
Asset catalog requires an open parameterized database backend.
Asset catalog requires an open parameterized database backend.
Asset catalog requires an open parameterized database backend.
Asset catalog requires an open parameterized database backend.
Asset catalog requires an open parameterized database backend.
Asset catalog requires an open parameterized database backend.
Component Loaded: workphone::scene::WheelController Actor: Generated wheel 0
Component Loaded: workphone::scene::WheelController Actor: Generated wheel 1
Component Loaded: workphone::scene::WheelController Actor: Generated wheel 2
Component Loaded: workphone::scene::WheelController Actor: Generated wheel 3
Component Loaded: workphone::scene::Mesh Actor: body_paint
Component Loaded: workphone::scene::MeshRenderer Actor: body_paint
Component Loaded: workphone::scene::Material Actor: body_paint
Component Loaded: workphone::scene::Mesh Actor: aero_carbon_matte
Component Loaded: workphone::scene::MeshRenderer Actor: aero_carbon_matte
Component Loaded: workphone::scene::Material Actor: aero_carbon_matte
Component Loaded: workphone::scene::Mesh Actor: aero_carbon_gloss
Component Loaded: workphone::scene::MeshRenderer Actor: aero_carbon_gloss
Component Loaded: workphone::scene::Material Actor: aero_carbon_gloss
Component Loaded: workphone::scene::Mesh Actor: cockpit_glass
Component Loaded: workphone::scene::MeshRenderer Actor: cockpit_glass
Component Loaded: workphone::scene::Material Actor: cockpit_glass
Component Loaded: workphone::scene::Mesh Actor: rain_light
Component Loaded: workphone::scene::MeshRenderer Actor: rain_light
Component Loaded: workphone::scene::Material Actor: rain_light
Component Loaded: workphone::scene::Mesh Actor: front_marker_lights
Component Loaded: workphone::scene::MeshRenderer Actor: front_marker_lights
Component Loaded: workphone::scene::Material Actor: front_marker_lights
Component Loaded: workphone::scene::Mesh Actor: tyres
Component Loaded: workphone::scene::MeshRenderer Actor: tyres
Component Loaded: workphone::scene::Material Actor: tyres
Component Loaded: workphone::scene::Mesh Actor: tyres
Component Loaded: workphone::scene::MeshRenderer Actor: tyres
Component Loaded: workphone::scene::Material Actor: tyres
Component Loaded: workphone::scene::Mesh Actor: tyres
Component Loaded: workphone::scene::MeshRenderer Actor: tyres
Component Loaded: workphone::scene::Material Actor: tyres
Component Loaded: workphone::scene::Mesh Actor: tyres
Component Loaded: workphone::scene::MeshRenderer Actor: tyres
Component Loaded: workphone::scene::Material Actor: tyres
Component Loaded: workphone::scene::Mesh Actor: rims
Component Loaded: workphone::scene::MeshRenderer Actor: rims
Component Loaded: workphone::scene::Material Actor: rims
Component Loaded: workphone::scene::Mesh Actor: rims
Component Loaded: workphone::scene::MeshRenderer Actor: rims
Component Loaded: workphone::scene::Material Actor: rims
Component Loaded: workphone::scene::Mesh Actor: rims
Component Loaded: workphone::scene::MeshRenderer Actor: rims
Component Loaded: workphone::scene::Material Actor: rims
Component Loaded: workphone::scene::Mesh Actor: rims
Component Loaded: workphone::scene::MeshRenderer Actor: rims
Component Loaded: workphone::scene::Material Actor: rims
Component Loaded: workphone::scene::Mesh Actor: brakes
Component Loaded: workphone::scene::MeshRenderer Actor: brakes
Component Loaded: workphone::scene::Material Actor: brakes
Component Loaded: workphone::scene::Mesh Actor: brakes
Component Loaded: workphone::scene::MeshRenderer Actor: brakes
Component Loaded: workphone::scene::Material Actor: brakes
Component Loaded: workphone::scene::Mesh Actor: brakes
Component Loaded: workphone::scene::MeshRenderer Actor: brakes
Component Loaded: workphone::scene::Material Actor: brakes
Component Loaded: workphone::scene::Mesh Actor: brakes
Component Loaded: workphone::scene::MeshRenderer Actor: brakes
Component Loaded: workphone::scene::Material Actor: brakes
Component Loaded: workphone::scene::Mesh Actor: suspension
Component Loaded: workphone::scene::MeshRenderer Actor: suspension
Component Loaded: workphone::scene::Material Actor: suspension
Asset catalog requires an open parameterized database backend.
Asset catalog requires an open parameterized database backend.
Asset catalog requires an open parameterized database backend.
Asset catalog requires an open parameterized database backend.
Asset catalog requires an open parameterized database backend.
Asset catalog requires an open parameterized database backend.
Asset catalog requires an open parameterized database backend.
Asset catalog requires an open parameterized database backend.
Asset catalog requires an open parameterized database backend.
Asset catalog requires an open parameterized database backend.
Component Loaded: workphone::scene::Mesh Actor: Continuous circuit
Component Loaded: workphone::scene::MeshRenderer Actor: Continuous circuit
Component Loaded: workphone::scene::Material Actor: Continuous circuit
Component Loaded: workphone::scene::Mesh Actor: Red kerbs
Component Loaded: workphone::scene::MeshRenderer Actor: Red kerbs
Component Loaded: workphone::scene::Material Actor: Red kerbs
Component Loaded: workphone::scene::Mesh Actor: White kerbs
Component Loaded: workphone::scene::MeshRenderer Actor: White kerbs
Component Loaded: workphone::scene::Material Actor: White kerbs
Component Loaded: workphone::scene::Mesh Actor: Edge markings
Component Loaded: workphone::scene::MeshRenderer Actor: Edge markings
Component Loaded: workphone::scene::Material Actor: Edge markings
Component Loaded: workphone::scene::Mesh Actor: Gravel runoff
Component Loaded: workphone::scene::MeshRenderer Actor: Gravel runoff
Component Loaded: workphone::scene::Material Actor: Gravel runoff
Component Loaded: workphone::scene::Mesh Actor: Circuit guardrails
Component Loaded: workphone::scene::MeshRenderer Actor: Circuit guardrails
Component Loaded: workphone::scene::Material Actor: Circuit guardrails
Component Loaded: workphone::scene::Mesh Actor: Circuit meadow
Component Loaded: workphone::scene::MeshRenderer Actor: Circuit meadow
Component Loaded: workphone::scene::Material Actor: Circuit meadow
Component Loaded: workphone::scene::Mesh Actor: Start finish black
Component Loaded: workphone::scene::MeshRenderer Actor: Start finish black
Component Loaded: workphone::scene::Material Actor: Start finish black
Component Loaded: workphone::scene::Mesh Actor: Start finish white
Component Loaded: workphone::scene::MeshRenderer Actor: Start finish white
Component Loaded: workphone::scene::Material Actor: Start finish white
Component Loaded: workphone::scene::Mesh Actor: Start gantry
Component Loaded: workphone::scene::MeshRenderer Actor: Start gantry
Component Loaded: workphone::scene::Material Actor: Start gantry
Component Loaded: workphone::scene::Mesh Actor: Pit garages
Component Loaded: workphone::scene::MeshRenderer Actor: Pit garages
Component Loaded: workphone::scene::Material Actor: Pit garages
Component Loaded: workphone::scene::Mesh Actor: Pit doors
Component Loaded: workphone::scene::MeshRenderer Actor: Pit doors
Component Loaded: workphone::scene::Material Actor: Pit doors
Asset catalog requires an open parameterized database backend.
Asset catalog requires an open parameterized database backend.
Asset catalog requires an open parameterized database backend.
Asset catalog requires an open parameterized database backend.
Component Loaded: workphone::scene::Mesh Actor: LOD0 pine trunks
Component Loaded: workphone::scene::MeshRenderer Actor: LOD0 pine trunks
Component Loaded: workphone::scene::Material Actor: LOD0 pine trunks
Component Loaded: workphone::scene::Mesh Actor: LOD0 pine canopy
Component Loaded: workphone::scene::MeshRenderer Actor: LOD0 pine canopy
Component Loaded: workphone::scene::Material Actor: LOD0 pine canopy
Component Loaded: workphone::scene::Mesh Actor: LOD1 pine imposters
Component Loaded: workphone::scene::MeshRenderer Actor: LOD1 pine imposters
Component Loaded: workphone::scene::Material Actor: LOD1 pine imposters
Component Loaded: workphone::scene::LODGroup Actor: Tree LOD patch
Component Loaded: workphone::scene::Mesh Actor: LOD0 pine trunks
Component Loaded: workphone::scene::MeshRenderer Actor: LOD0 pine trunks
Component Loaded: workphone::scene::Material Actor: LOD0 pine trunks
Component Loaded: workphone::scene::Mesh Actor: LOD0 pine canopy
Component Loaded: workphone::scene::MeshRenderer Actor: LOD0 pine canopy
Component Loaded: workphone::scene::Material Actor: LOD0 pine canopy
Component Loaded: workphone::scene::Mesh Actor: LOD1 pine imposters
Component Loaded: workphone::scene::MeshRenderer Actor: LOD1 pine imposters
Component Loaded: workphone::scene::Material Actor: LOD1 pine imposters
Component Loaded: workphone::scene::LODGroup Actor: Tree LOD patch
Component Loaded: workphone::scene::Mesh Actor: LOD0 pine trunks
Component Loaded: workphone::scene::MeshRenderer Actor: LOD0 pine trunks
Component Loaded: workphone::scene::Material Actor: LOD0 pine trunks
Component Loaded: workphone::scene::Mesh Actor: LOD0 pine canopy
Component Loaded: workphone::scene::MeshRenderer Actor: LOD0 pine canopy
Component Loaded: workphone::scene::Material Actor: LOD0 pine canopy
Component Loaded: workphone::scene::Mesh Actor: LOD1 pine imposters
Component Loaded: workphone::scene::MeshRenderer Actor: LOD1 pine imposters
Component Loaded: workphone::scene::Material Actor: LOD1 pine imposters
Component Loaded: workphone::scene::LODGroup Actor: Tree LOD patch
Component Loaded: workphone::scene::Mesh Actor: LOD0 pine trunks
Component Loaded: workphone::scene::MeshRenderer Actor: LOD0 pine trunks
Component Loaded: workphone::scene::Material Actor: LOD0 pine trunks
Component Loaded: workphone::scene::Mesh Actor: LOD0 pine canopy
Component Loaded: workphone::scene::MeshRenderer Actor: LOD0 pine canopy
Component Loaded: workphone::scene::Material Actor: LOD0 pine canopy
Component Loaded: workphone::scene::Mesh Actor: LOD1 pine imposters
Component Loaded: workphone::scene::MeshRenderer Actor: LOD1 pine imposters
Component Loaded: workphone::scene::Material Actor: LOD1 pine imposters
Component Loaded: workphone::scene::LODGroup Actor: Tree LOD patch
Component Loaded: workphone::scene::Mesh Actor: LOD0 pine trunks
Component Loaded: workphone::scene::MeshRenderer Actor: LOD0 pine trunks
Component Loaded: workphone::scene::Material Actor: LOD0 pine trunks
Component Loaded: workphone::scene::Mesh Actor: LOD0 pine canopy
Component Loaded: workphone::scene::MeshRenderer Actor: LOD0 pine canopy
Component Loaded: workphone::scene::Material Actor: LOD0 pine canopy
Component Loaded: workphone::scene::Mesh Actor: LOD1 pine imposters
Component Loaded: workphone::scene::MeshRenderer Actor: LOD1 pine imposters
Component Loaded: workphone::scene::Material Actor: LOD1 pine imposters
Component Loaded: workphone::scene::LODGroup Actor: Tree LOD patch
Component Loaded: workphone::scene::Mesh Actor: LOD0 pine trunks
Component Loaded: workphone::scene::MeshRenderer Actor: LOD0 pine trunks
Component Loaded: workphone::scene::Material Actor: LOD0 pine trunks
Component Loaded: workphone::scene::Mesh Actor: LOD0 pine canopy
Component Loaded: workphone::scene::MeshRenderer Actor: LOD0 pine canopy
Component Loaded: workphone::scene::Material Actor: LOD0 pine canopy
Component Loaded: workphone::scene::Mesh Actor: LOD1 pine imposters
Component Loaded: workphone::scene::MeshRenderer Actor: LOD1 pine imposters
Component Loaded: workphone::scene::Material Actor: LOD1 pine imposters
Component Loaded: workphone::scene::LODGroup Actor: Tree LOD patch
Component Loaded: workphone::scene::Mesh Actor: LOD0 pine trunks
Component Loaded: workphone::scene::MeshRenderer Actor: LOD0 pine trunks
Component Loaded: workphone::scene::Material Actor: LOD0 pine trunks
Component Loaded: workphone::scene::Mesh Actor: LOD0 pine canopy
Component Loaded: workphone::scene::MeshRenderer Actor: LOD0 pine canopy
Component Loaded: workphone::scene::Material Actor: LOD0 pine canopy
Component Loaded: workphone::scene::Mesh Actor: LOD1 pine imposters
Component Loaded: workphone::scene::MeshRenderer Actor: LOD1 pine imposters
Component Loaded: workphone::scene::Material Actor: LOD1 pine imposters
Component Loaded: workphone::scene::LODGroup Actor: Tree LOD patch
Component Loaded: workphone::scene::Mesh Actor: LOD0 pine trunks
Component Loaded: workphone::scene::MeshRenderer Actor: LOD0 pine trunks
Component Loaded: workphone::scene::Material Actor: LOD0 pine trunks
Component Loaded: workphone::scene::Mesh Actor: LOD0 pine canopy
Component Loaded: workphone::scene::MeshRenderer Actor: LOD0 pine canopy
Component Loaded: workphone::scene::Material Actor: LOD0 pine canopy
Component Loaded: workphone::scene::Mesh Actor: LOD1 pine imposters
Component Loaded: workphone::scene::MeshRenderer Actor: LOD1 pine imposters
Component Loaded: workphone::scene::Material Actor: LOD1 pine imposters
Component Loaded: workphone::scene::LODGroup Actor: Tree LOD patch
Component Loaded: workphone::scene::Mesh Actor: LOD0 pine trunks
Component Loaded: workphone::scene::MeshRenderer Actor: LOD0 pine trunks
Component Loaded: workphone::scene::Material Actor: LOD0 pine trunks
Component Loaded: workphone::scene::Mesh Actor: LOD0 pine canopy
Component Loaded: workphone::scene::MeshRenderer Actor: LOD0 pine canopy
Component Loaded: workphone::scene::Material Actor: LOD0 pine canopy
Component Loaded: workphone::scene::Mesh Actor: LOD1 pine imposters
Component Loaded: workphone::scene::MeshRenderer Actor: LOD1 pine imposters
Component Loaded: workphone::scene::Material Actor: LOD1 pine imposters
Component Loaded: workphone::scene::LODGroup Actor: Tree LOD patch
Component Loaded: workphone::scene::Mesh Actor: LOD0 pine trunks
Component Loaded: workphone::scene::MeshRenderer Actor: LOD0 pine trunks
Component Loaded: workphone::scene::Material Actor: LOD0 pine trunks
Component Loaded: workphone::scene::Mesh Actor: LOD0 pine canopy
Component Loaded: workphone::scene::MeshRenderer Actor: LOD0 pine canopy
Component Loaded: workphone::scene::Material Actor: LOD0 pine canopy
Component Loaded: workphone::scene::Mesh Actor: LOD1 pine imposters
Component Loaded: workphone::scene::MeshRenderer Actor: LOD1 pine imposters
Component Loaded: workphone::scene::Material Actor: LOD1 pine imposters
Component Loaded: workphone::scene::LODGroup Actor: Tree LOD patch
Component Loaded: workphone::scene::Mesh Actor: LOD0 pine trunks
Component Loaded: workphone::scene::MeshRenderer Actor: LOD0 pine trunks
Component Loaded: workphone::scene::Material Actor: LOD0 pine trunks
Component Loaded: workphone::scene::Mesh Actor: LOD0 pine canopy
Component Loaded: workphone::scene::MeshRenderer Actor: LOD0 pine canopy
Component Loaded: workphone::scene::Material Actor: LOD0 pine canopy
Component Loaded: workphone::scene::Mesh Actor: LOD1 pine imposters
Component Loaded: workphone::scene::MeshRenderer Actor: LOD1 pine imposters
Component Loaded: workphone::scene::Material Actor: LOD1 pine imposters
Component Loaded: workphone::scene::LODGroup Actor: Tree LOD patch
Component Loaded: workphone::scene::Mesh Actor: LOD0 pine trunks
Component Loaded: workphone::scene::MeshRenderer Actor: LOD0 pine trunks
Component Loaded: workphone::scene::Material Actor: LOD0 pine trunks
Component Loaded: workphone::scene::Mesh Actor: LOD0 pine canopy
Component Loaded: workphone::scene::MeshRenderer Actor: LOD0 pine canopy
Component Loaded: workphone::scene::Material Actor: LOD0 pine canopy
Component Loaded: workphone::scene::Mesh Actor: LOD1 pine imposters
Component Loaded: workphone::scene::MeshRenderer Actor: LOD1 pine imposters
Component Loaded: workphone::scene::Material Actor: LOD1 pine imposters
Component Loaded: workphone::scene::LODGroup Actor: Tree LOD patch
Component Loaded: workphone::scene::Mesh Actor: LOD0 pine trunks
Component Loaded: workphone::scene::MeshRenderer Actor: LOD0 pine trunks
Component Loaded: workphone::scene::Material Actor: LOD0 pine trunks
Component Loaded: workphone::scene::Mesh Actor: LOD0 pine canopy
Component Loaded: workphone::scene::MeshRenderer Actor: LOD0 pine canopy
Component Loaded: workphone::scene::Material Actor: LOD0 pine canopy
Component Loaded: workphone::scene::Mesh Actor: LOD1 pine imposters
Component Loaded: workphone::scene::MeshRenderer Actor: LOD1 pine imposters
Component Loaded: workphone::scene::Material Actor: LOD1 pine imposters
Component Loaded: workphone::scene::LODGroup Actor: Tree LOD patch
Component Loaded: workphone::scene::Mesh Actor: LOD0 pine trunks
Component Loaded: workphone::scene::MeshRenderer Actor: LOD0 pine trunks
Component Loaded: workphone::scene::Material Actor: LOD0 pine trunks
Component Loaded: workphone::scene::Mesh Actor: LOD0 pine canopy
Component Loaded: workphone::scene::MeshRenderer Actor: LOD0 pine canopy
Component Loaded: workphone::scene::Material Actor: LOD0 pine canopy
Component Loaded: workphone::scene::Mesh Actor: LOD1 pine imposters
Component Loaded: workphone::scene::MeshRenderer Actor: LOD1 pine imposters
Component Loaded: workphone::scene::Material Actor: LOD1 pine imposters
Component Loaded: workphone::scene::LODGroup Actor: Tree LOD patch
Component Loaded: workphone::scene::Mesh Actor: LOD0 pine trunks
Component Loaded: workphone::scene::MeshRenderer Actor: LOD0 pine trunks
Component Loaded: workphone::scene::Material Actor: LOD0 pine trunks
Component Loaded: workphone::scene::Mesh Actor: LOD0 pine canopy
Component Loaded: workphone::scene::MeshRenderer Actor: LOD0 pine canopy
Component Loaded: workphone::scene::Material Actor: LOD0 pine canopy
Component Loaded: workphone::scene::Mesh Actor: LOD1 pine imposters
Component Loaded: workphone::scene::MeshRenderer Actor: LOD1 pine imposters
Component Loaded: workphone::scene::Material Actor: LOD1 pine imposters
Component Loaded: workphone::scene::LODGroup Actor: Tree LOD patch
Component Loaded: workphone::scene::Mesh Actor: LOD0 pine trunks
Component Loaded: workphone::scene::MeshRenderer Actor: LOD0 pine trunks
Component Loaded: workphone::scene::Material Actor: LOD0 pine trunks
Component Loaded: workphone::scene::Mesh Actor: LOD0 pine canopy
Component Loaded: workphone::scene::MeshRenderer Actor: LOD0 pine canopy
Component Loaded: workphone::scene::Material Actor: LOD0 pine canopy
Component Loaded: workphone::scene::Mesh Actor: LOD1 pine imposters
Component Loaded: workphone::scene::MeshRenderer Actor: LOD1 pine imposters
Component Loaded: workphone::scene::Material Actor: LOD1 pine imposters
Component Loaded: workphone::scene::LODGroup Actor: Tree LOD patch
Component Loaded: workphone::scene::Mesh Actor: LOD0 pine trunks
Component Loaded: workphone::scene::MeshRenderer Actor: LOD0 pine trunks
Component Loaded: workphone::scene::Material Actor: LOD0 pine trunks
Component Loaded: workphone::scene::Mesh Actor: LOD0 pine canopy
Component Loaded: workphone::scene::MeshRenderer Actor: LOD0 pine canopy
Component Loaded: workphone::scene::Material Actor: LOD0 pine canopy
Component Loaded: workphone::scene::Mesh Actor: LOD1 pine imposters
Component Loaded: workphone::scene::MeshRenderer Actor: LOD1 pine imposters
Component Loaded: workphone::scene::Material Actor: LOD1 pine imposters
Component Loaded: workphone::scene::LODGroup Actor: Tree LOD patch
Component Loaded: workphone::scene::Mesh Actor: LOD0 pine trunks
Component Loaded: workphone::scene::MeshRenderer Actor: LOD0 pine trunks
Component Loaded: workphone::scene::Material Actor: LOD0 pine trunks
Component Loaded: workphone::scene::Mesh Actor: LOD0 pine canopy
Component Loaded: workphone::scene::MeshRenderer Actor: LOD0 pine canopy
Component Loaded: workphone::scene::Material Actor: LOD0 pine canopy
Component Loaded: workphone::scene::Mesh Actor: LOD1 pine imposters
Component Loaded: workphone::scene::MeshRenderer Actor: LOD1 pine imposters
Component Loaded: workphone::scene::Material Actor: LOD1 pine imposters
Component Loaded: workphone::scene::LODGroup Actor: Tree LOD patch
Component Loaded: workphone::scene::Mesh Actor: LOD0 pine trunks
Component Loaded: workphone::scene::MeshRenderer Actor: LOD0 pine trunks
Component Loaded: workphone::scene::Material Actor: LOD0 pine trunks
Component Loaded: workphone::scene::Mesh Actor: LOD0 pine canopy
Component Loaded: workphone::scene::MeshRenderer Actor: LOD0 pine canopy
Component Loaded: workphone::scene::Material Actor: LOD0 pine canopy
Component Loaded: workphone::scene::Mesh Actor: LOD1 pine imposters
Component Loaded: workphone::scene::MeshRenderer Actor: LOD1 pine imposters
Component Loaded: workphone::scene::Material Actor: LOD1 pine imposters
Component Loaded: workphone::scene::LODGroup Actor: Tree LOD patch
Component Loaded: workphone::scene::Mesh Actor: LOD0 pine trunks
Component Loaded: workphone::scene::MeshRenderer Actor: LOD0 pine trunks
Component Loaded: workphone::scene::Material Actor: LOD0 pine trunks
Component Loaded: workphone::scene::Mesh Actor: LOD0 pine canopy
Component Loaded: workphone::scene::MeshRenderer Actor: LOD0 pine canopy
Component Loaded: workphone::scene::Material Actor: LOD0 pine canopy
Component Loaded: workphone::scene::Mesh Actor: LOD1 pine imposters
Component Loaded: workphone::scene::MeshRenderer Actor: LOD1 pine imposters
Component Loaded: workphone::scene::Material Actor: LOD1 pine imposters
Component Loaded: workphone::scene::LODGroup Actor: Tree LOD patch
Component Loaded: workphone::scene::Mesh Actor: LOD0 pine trunks
Component Loaded: workphone::scene::MeshRenderer Actor: LOD0 pine trunks
Component Loaded: workphone::scene::Material Actor: LOD0 pine trunks
Component Loaded: workphone::scene::Mesh Actor: LOD0 pine canopy
Component Loaded: workphone::scene::MeshRenderer Actor: LOD0 pine canopy
Component Loaded: workphone::scene::Material Actor: LOD0 pine canopy
Component Loaded: workphone::scene::Mesh Actor: LOD1 pine imposters
Component Loaded: workphone::scene::MeshRenderer Actor: LOD1 pine imposters
Component Loaded: workphone::scene::Material Actor: LOD1 pine imposters
Component Loaded: workphone::scene::LODGroup Actor: Tree LOD patch
Component Loaded: workphone::scene::Mesh Actor: LOD0 pine trunks
Component Loaded: workphone::scene::MeshRenderer Actor: LOD0 pine trunks
Component Loaded: workphone::scene::Material Actor: LOD0 pine trunks
Component Loaded: workphone::scene::Mesh Actor: LOD0 pine canopy
Component Loaded: workphone::scene::MeshRenderer Actor: LOD0 pine canopy
Component Loaded: workphone::scene::Material Actor: LOD0 pine canopy
Component Loaded: workphone::scene::Mesh Actor: LOD1 pine imposters
Component Loaded: workphone::scene::MeshRenderer Actor: LOD1 pine imposters
Component Loaded: workphone::scene::Material Actor: LOD1 pine imposters
Component Loaded: workphone::scene::LODGroup Actor: Tree LOD patch
Component Loaded: workphone::scene::Mesh Actor: LOD0 pine trunks
Component Loaded: workphone::scene::MeshRenderer Actor: LOD0 pine trunks
Component Loaded: workphone::scene::Material Actor: LOD0 pine trunks
Component Loaded: workphone::scene::Mesh Actor: LOD0 pine canopy
Component Loaded: workphone::scene::MeshRenderer Actor: LOD0 pine canopy
Component Loaded: workphone::scene::Material Actor: LOD0 pine canopy
Component Loaded: workphone::scene::Mesh Actor: LOD1 pine imposters
Component Loaded: workphone::scene::MeshRenderer Actor: LOD1 pine imposters
Component Loaded: workphone::scene::Material Actor: LOD1 pine imposters
Component Loaded: workphone::scene::LODGroup Actor: Tree LOD patch
Component Loaded: workphone::scene::Mesh Actor: LOD0 pine trunks
Component Loaded: workphone::scene::MeshRenderer Actor: LOD0 pine trunks
Component Loaded: workphone::scene::Material Actor: LOD0 pine trunks
Component Loaded: workphone::scene::Mesh Actor: LOD0 pine canopy
Component Loaded: workphone::scene::MeshRenderer Actor: LOD0 pine canopy
Component Loaded: workphone::scene::Material Actor: LOD0 pine canopy
Component Loaded: workphone::scene::Mesh Actor: LOD1 pine imposters
Component Loaded: workphone::scene::MeshRenderer Actor: LOD1 pine imposters
Component Loaded: workphone::scene::Material Actor: LOD1 pine imposters
Component Loaded: workphone::scene::LODGroup Actor: Tree LOD patch
Component Loaded: workphone::scene::Mesh Actor: LOD0 pine trunks
Component Loaded: workphone::scene::MeshRenderer Actor: LOD0 pine trunks
Component Loaded: workphone::scene::Material Actor: LOD0 pine trunks
Component Loaded: workphone::scene::Mesh Actor: LOD0 pine canopy
Component Loaded: workphone::scene::MeshRenderer Actor: LOD0 pine canopy
Component Loaded: workphone::scene::Material Actor: LOD0 pine canopy
Component Loaded: workphone::scene::Mesh Actor: LOD1 pine imposters
Component Loaded: workphone::scene::MeshRenderer Actor: LOD1 pine imposters
Component Loaded: workphone::scene::Material Actor: LOD1 pine imposters
Component Loaded: workphone::scene::LODGroup Actor: Tree LOD patch
Component Loaded: workphone::scene::Mesh Actor: LOD0 pine trunks
Component Loaded: workphone::scene::MeshRenderer Actor: LOD0 pine trunks
Component Loaded: workphone::scene::Material Actor: LOD0 pine trunks
Component Loaded: workphone::scene::Mesh Actor: LOD0 pine canopy
Component Loaded: workphone::scene::MeshRenderer Actor: LOD0 pine canopy
Component Loaded: workphone::scene::Material Actor: LOD0 pine canopy
Component Loaded: workphone::scene::Mesh Actor: LOD1 pine imposters
Component Loaded: workphone::scene::MeshRenderer Actor: LOD1 pine imposters
Component Loaded: workphone::scene::Material Actor: LOD1 pine imposters
Component Loaded: workphone::scene::LODGroup Actor: Tree LOD patch
Component Loaded: workphone::scene::Mesh Actor: LOD0 pine trunks
Component Loaded: workphone::scene::MeshRenderer Actor: LOD0 pine trunks
Component Loaded: workphone::scene::Material Actor: LOD0 pine trunks
Component Loaded: workphone::scene::Mesh Actor: LOD0 pine canopy
Component Loaded: workphone::scene::MeshRenderer Actor: LOD0 pine canopy
Component Loaded: workphone::scene::Material Actor: LOD0 pine canopy
Component Loaded: workphone::scene::Mesh Actor: LOD1 pine imposters
Component Loaded: workphone::scene::MeshRenderer Actor: LOD1 pine imposters
Component Loaded: workphone::scene::Material Actor: LOD1 pine imposters
Component Loaded: workphone::scene::LODGroup Actor: Tree LOD patch
Component Loaded: workphone::scene::Mesh Actor: LOD0 pine trunks
Component Loaded: workphone::scene::MeshRenderer Actor: LOD0 pine trunks
Component Loaded: workphone::scene::Material Actor: LOD0 pine trunks
Component Loaded: workphone::scene::Mesh Actor: LOD0 pine canopy
Component Loaded: workphone::scene::MeshRenderer Actor: LOD0 pine canopy
Component Loaded: workphone::scene::Material Actor: LOD0 pine canopy
Component Loaded: workphone::scene::Mesh Actor: LOD1 pine imposters
Component Loaded: workphone::scene::MeshRenderer Actor: LOD1 pine imposters
Component Loaded: workphone::scene::Material Actor: LOD1 pine imposters
Component Loaded: workphone::scene::LODGroup Actor: Tree LOD patch
Component Loaded: workphone::scene::Mesh Actor: Distant hills
Component Loaded: workphone::scene::MeshRenderer Actor: Distant hills
Component Loaded: workphone::scene::Material Actor: Distant hills
Component Loaded: workphone::scene::Cubemap Actor: Vehicle Reflection Cubemap
Asset catalog requires an open parameterized database backend.
Asset catalog requires an open parameterized database backend.
Asset catalog requires an open parameterized database backend.
Asset catalog requires an open parameterized database backend.
Asset catalog requires an open parameterized database backend.
Asset catalog requires an open parameterized database backend.
Asset catalog requires an open parameterized database backend.
Asset catalog requires an open parameterized database backend.
Asset catalog requires an open parameterized database backend.
Asset catalog requires an open parameterized database backend.
Asset catalog requires an open parameterized database backend.
Asset catalog requires an open parameterized database backend.
Asset catalog requires an open parameterized database backend.
Asset catalog requires an open parameterized database backend.
Asset catalog requires an open parameterized database backend.
Asset catalog requires an open parameterized database backend.
Asset catalog requires an open parameterized database backend.
Asset catalog requires an open parameterized database backend.
Asset catalog requires an open parameterized database backend.
Asset catalog requires an open parameterized database backend.
Asset catalog requires an open parameterized database backend.
Asset catalog requires an open parameterized database backend.
Asset catalog requires an open parameterized database backend.
Asset catalog requires an open parameterized database backend.
Asset catalog requires an open parameterized database backend.
Asset catalog requires an open parameterized database backend.
Asset catalog requires an open parameterized database backend.
Asset catalog requires an open parameterized database backend.
Asset catalog requires an open parameterized database backend.
Asset catalog requires an open parameterized database backend.
Asset catalog requires an open parameterized database backend.
Asset catalog requires an open parameterized database backend.
Asset catalog requires an open parameterized database backend.
Asset catalog requires an open parameterized database backend.
Asset catalog requires an open parameterized database backend.
Asset catalog requires an open parameterized database backend.
Asset catalog requires an open parameterized database backend.
Asset catalog requires an open parameterized database backend.
Component Loaded: workphone::scene::Material Actor: Vehicle Reflection Cubemap
VehicleAdvanced: custom cubemap actor created; reflection applied to all vehicle materials.
Asset catalog requires an open parameterized database backend.
Asset catalog requires an open parameterized database backend.
Component Loaded: workphone::scene::Mesh Actor: Vehicle contact shadow
Component Loaded: workphone::scene::MeshRenderer Actor: Vehicle contact shadow
Component Loaded: workphone::scene::Material Actor: Vehicle contact shadow
VehicleAdvanced generation milliseconds=3281.3627999999999
VehicleAdvanced generated: seed=7 hash=14479680043490062693 triangles=20896 texture bytes=8536032 circuit metres=851.278
Database::load: asset.db
Database::load: database exists at asset.db
WheelControllerBrush only supports the Brush tire model.
WheelControllerBrush only supports the Brush tire model.
WheelControllerBrush only supports the Brush tire model.
WheelControllerBrush only supports the Brush tire model.
Component Loaded: workphone::scene::VehicleCameraController Actor: Vehicle Follow Camera
WheelControllerBrush only supports the Brush tire model.
WheelControllerBrush only supports the Brush tire model.
WheelControllerBrush only supports the Brush tire model.
WheelControllerBrush only supports the Brush tire model.
ClawImguiManager::init: creating UI context and font atlas.
ClawImguiManager::init: context configured; viewport=1280x720, docking enabled, settings=.ini
GRAND PRIX | 0.0 km/h | Gear 1 | 0 rpm | Lap 1
Lap time 0.0 s | Last 0.0 s | Best 0.0 s
Circuit 851.3 m | Seed 7
Advanced physics: dt=0.61535650000000008 mass=798 inertia=1071.79 1118.46 91.2612 angular=0 0 0 controllerMass=798 root=0 0.42 0 mount=-0.81 0.0253547 -1.93793 rate=131077 damping=4176.83 travel=0.076
GRAND PRIX | 0.0 km/h | Gear 1 | 0 rpm | Lap 1
Lap time 2.1 s | Last 0.0 s | Best 0.0 s
Circuit 851.3 m | Seed 7
Advanced physics: dt=0.02722950000000024 mass=798 inertia=1071.79 1118.46 91.2612 angular=0 0 0 controllerMass=798 root=0 0.42 0 mount=-0.81 0.0253547 -1.93793 rate=131077 damping=4176.83 travel=0.076
WheelControllerBrush only supports the Brush tire model.
WheelControllerBrush only supports the Brush tire model.
WheelControllerBrush only supports the Brush tire model.
WheelControllerBrush only supports the Brush tire model.
GRAND PRIX | 0.8 km/h | Gear 1 | 4200 rpm | Lap 1
Lap time 4.1 s | Last 0.0 s | Best 0.0 s
Circuit 851.3 m | Seed 7
Advanced physics: dt=0.036440799999999385 mass=798 inertia=1071.79 1118.46 91.2612 angular=0.00385327 -3.40607e-15 -6.70763e-14 controllerMass=798 root=-4.70093e-15 0.399175 0.000672805 mount=-0.81 0.0253547 -1.93793 rate=131077 damping=4176.83 travel=0.076
GRAND PRIX | 0.8 km/h | Gear 1 | 4200 rpm | Lap 1
Lap time 6.2 s | Last 0.0 s | Best 0.0 s
Circuit 851.3 m | Seed 7
Advanced physics: dt=0.046367799999999626 mass=798 inertia=1071.79 1118.46 91.2612 angular=0.00495366 5.73841e-15 5.41652e-13 controllerMass=798 root=6.61187e-16 0.409257 0.000849745 mount=-0.81 0.0253547 -1.93793 rate=131077 damping=4176.83 travel=0.076
Vehicle smoke phase 0: PASS position=-7.99583e-14 0.40392 0.000808998 speed=0.000241727 height range=0.06094 peak vertical speed=0.333978
Vehicle scene-node mismatch: tyres position error=0.018633 orientation error=2.7398e-05
Vehicle smoke: rendered vehicle hierarchy does not match its pose.
TRACE ApplicationManager unload start
Conflicting catalog identity; insertion rejected.
Conflicting catalog identity; insertion rejected.
TRACE GameManager destructor body start
TRACE GameManager destructor body end
TRACE ApplicationManager game manager done
TRACE ApplicationManager physics manager done
TRACE ApplicationManager job queue done
TRACE ApplicationManager task manager done
TRACE ApplicationManager window done
TRACE ApplicationManager scene window done
TRACE ApplicationManager ui done
TRACE StateManager remove context begin 000001EC7A9E8900
TRACE StateManager context list size 46
TRACE StateManager context erase complete
TRACE StateContext unload start 000001EC7A9E8900 state 7
TRACE StateContext queues snapshotted 15
TRACE StateContext queue 0 000001EC73653DB0 start
TRACE StateContext queue 0 messages 0
TRACE StateContext queue 0 messages clear start
TRACE StateContext queue 0 messages clear end
TRACE StateContext queue 0 complete
TRACE StateContext queue 1 000001EC73653ED0 start
TRACE StateContext queue 1 messages 0
TRACE StateContext queue 1 messages clear start
TRACE StateContext queue 1 messages clear end
TRACE StateContext queue 1 complete
TRACE StateContext queue 2 000001EC73653FF0 start
TRACE StateContext queue 2 messages 0
TRACE StateContext queue 2 messages clear start
TRACE StateContext queue 2 messages clear end
TRACE StateContext queue 2 complete
TRACE StateContext queue 3 000001EC73654110 start
TRACE StateContext queue 3 messages 0
TRACE StateContext queue 3 messages clear start
TRACE StateContext queue 3 messages clear end
TRACE StateContext queue 3 complete
TRACE StateContext queue 4 000001EC73654230 start
TRACE StateContext queue 4 messages 0
TRACE StateContext queue 4 messages clear start
TRACE StateContext queue 4 messages clear end
TRACE StateContext queue 4 complete
TRACE StateContext queue 5 000001EC73654350 start
TRACE StateContext queue 5 messages 0
TRACE StateContext queue 5 messages clear start
TRACE StateContext queue 5 messages clear end
TRACE StateContext queue 5 complete
TRACE StateContext queue 6 000001EC73654470 start
TRACE StateContext queue 6 messages 0
TRACE StateContext queue 6 messages clear start
TRACE StateContext queue 6 messages clear end
TRACE StateContext queue 6 complete
TRACE StateContext queue 7 000001EC73654590 start
TRACE StateContext queue 7 messages 0
TRACE StateContext queue 7 messages clear start
TRACE StateContext queue 7 messages clear end
TRACE StateContext queue 7 complete
TRACE StateContext queue 8 000001EC736546B0 start
TRACE StateContext queue 8 messages 0
TRACE StateContext queue 8 messages clear start
TRACE StateContext queue 8 messages clear end
TRACE StateContext queue 8 complete
TRACE StateContext queue 9 000001EC736547D0 start
TRACE StateContext queue 9 messages 0
TRACE StateContext queue 9 messages clear start
TRACE StateContext queue 9 messages clear end
TRACE StateContext queue 9 complete
TRACE StateContext queue 10 000001EC7365B530 start
TRACE StateContext queue 10 messages 0
TRACE StateContext queue 10 messages clear start
TRACE StateContext queue 10 messages clear end
TRACE StateContext queue 10 complete
TRACE StateContext queue 11 000001EC7365B650 start
TRACE StateContext queue 11 messages 0
TRACE StateContext queue 11 messages clear start
TRACE StateContext queue 11 messages clear end
TRACE StateContext queue 11 complete
TRACE StateContext queue 12 000001EC7365B770 start
TRACE StateContext queue 12 messages 0
TRACE StateContext queue 12 messages clear start
TRACE StateContext queue 12 messages clear end
TRACE StateContext queue 12 complete
TRACE StateContext queue 13 000001EC7365B890 start
TRACE StateContext queue 13 messages 0
TRACE StateContext queue 13 messages clear start
TRACE StateContext queue 13 messages clear end
TRACE StateContext queue 13 complete
TRACE StateContext queue 14 000001EC7365B9B0 start
TRACE StateContext queue 14 messages 0
TRACE StateContext queue 14 messages clear start
TRACE StateContext queue 14 messages clear end
TRACE StateContext queue 14 complete
TRACE StateContext all queues drained
TRACE StateContext states snapshotted 2
TRACE StateContext states cleared
TRACE StateContext queues cleared
TRACE StateContext shared listener cleared
TRACE StateContext unload end 000001EC7A9E8900
TRACE StateContext unload start 000001EC7A9E8900 state 5
TRACE StateManager remove context begin 000001EC7A9E89D0
TRACE StateManager context list size 45
TRACE StateManager context erase complete
TRACE StateContext unload start 000001EC7A9E89D0 state 7
TRACE StateContext queues snapshotted 15
TRACE StateContext queue 0 000001EC7365BAD0 start
TRACE StateContext queue 0 messages 0
TRACE StateContext queue 0 messages clear start
TRACE StateContext queue 0 messages clear end
TRACE StateContext queue 0 complete
TRACE StateContext queue 1 000001EC7365BBF0 start
TRACE StateContext queue 1 messages 0
TRACE StateContext queue 1 messages clear start
TRACE StateContext queue 1 messages clear end
TRACE StateContext queue 1 complete
TRACE StateContext queue 2 000001EC7365BD10 start
TRACE StateContext queue 2 messages 0
TRACE StateContext queue 2 messages clear start
TRACE StateContext queue 2 messages clear end
TRACE StateContext queue 2 complete
TRACE StateContext queue 3 000001EC7365BE30 start
TRACE StateContext queue 3 messages 0
TRACE StateContext queue 3 messages clear start
TRACE StateContext queue 3 messages clear end
TRACE StateContext queue 3 complete
TRACE StateContext queue 4 000001EC7365BF50 start
TRACE StateContext queue 4 messages 0
TRACE StateContext queue 4 messages clear start
TRACE StateContext queue 4 messages clear end
TRACE StateContext queue 4 complete
TRACE StateContext queue 5 000001EC7365C070 start
TRACE StateContext queue 5 messages 0
TRACE StateContext queue 5 messages clear start
TRACE StateContext queue 5 messages clear end
TRACE StateContext queue 5 complete
TRACE StateContext queue 6 000001EC7365C190 start
TRACE StateContext queue 6 messages 0
TRACE StateContext queue 6 messages clear start
TRACE StateContext queue 6 messages clear end
TRACE StateContext queue 6 complete
TRACE StateContext queue 7 000001EC7365C2B0 start
TRACE StateContext queue 7 messages 0
TRACE StateContext queue 7 messages clear start
TRACE StateContext queue 7 messages clear end
TRACE StateContext queue 7 complete
TRACE StateContext queue 8 000001EC7365C3D0 start
TRACE StateContext queue 8 messages 0
TRACE StateContext queue 8 messages clear start
TRACE StateContext queue 8 messages clear end
TRACE StateContext queue 8 complete
TRACE StateContext queue 9 000001EC7365C4F0 start
TRACE StateContext queue 9 messages 0
TRACE StateContext queue 9 messages clear start
TRACE StateContext queue 9 messages clear end
TRACE StateContext queue 9 complete
TRACE StateContext queue 10 000001EC7365C610 start
TRACE StateContext queue 10 messages 0
TRACE StateContext queue 10 messages clear start
TRACE StateContext queue 10 messages clear end
TRACE StateContext queue 10 complete
TRACE StateContext queue 11 000001EC7365C730 start
TRACE StateContext queue 11 messages 0
TRACE StateContext queue 11 messages clear start
TRACE StateContext queue 11 messages clear end
TRACE StateContext queue 11 complete
TRACE StateContext queue 12 000001EC7365C850 start
TRACE StateContext queue 12 messages 0
TRACE StateContext queue 12 messages clear start
TRACE StateContext queue 12 messages clear end
TRACE StateContext queue 12 complete
TRACE StateContext queue 13 000001EC7365C970 start
TRACE StateContext queue 13 messages 0
TRACE StateContext queue 13 messages clear start
TRACE StateContext queue 13 messages clear end
TRACE StateContext queue 13 complete
TRACE StateContext queue 14 000001EC7365CA90 start
TRACE StateContext queue 14 messages 0
TRACE StateContext queue 14 messages clear start
TRACE StateContext queue 14 messages clear end
TRACE StateContext queue 14 complete
TRACE StateContext all queues drained
TRACE StateContext states snapshotted 2
TRACE StateContext states cleared
TRACE StateContext queues cleared
TRACE StateContext shared listener cleared
TRACE StateContext unload end 000001EC7A9E89D0
TRACE StateContext unload start 000001EC7A9E89D0 state 5
TRACE StateManager remove context begin 000001EC7A9E8AA0
TRACE StateManager context list size 44
TRACE StateManager context erase complete
TRACE StateContext unload start 000001EC7A9E8AA0 state 7
TRACE StateContext queues snapshotted 15
TRACE StateContext queue 0 000001EC7365CBB0 start
TRACE StateContext queue 0 messages 0
TRACE StateContext queue 0 messages clear start
TRACE StateContext queue 0 messages clear end
TRACE StateContext queue 0 complete
TRACE StateContext queue 1 000001EC7365CCD0 start
TRACE StateContext queue 1 messages 0
TRACE StateContext queue 1 messages clear start
TRACE StateContext queue 1 messages clear end
TRACE StateContext queue 1 complete
TRACE StateContext queue 2 000001EC7365CDF0 start
TRACE StateContext queue 2 messages 0
TRACE StateContext queue 2 messages clear start
TRACE StateContext queue 2 messages clear end
TRACE StateContext queue 2 complete
TRACE StateContext queue 3 000001EC7365CF10 start
TRACE StateContext queue 3 messages 0
TRACE StateContext queue 3 messages clear start
TRACE StateContext queue 3 messages clear end
TRACE StateContext queue 3 complete
TRACE StateContext queue 4 000001EC7365D030 start
TRACE StateContext queue 4 messages 0
TRACE StateContext queue 4 messages clear start
TRACE StateContext queue 4 messages clear end
TRACE StateContext queue 4 complete
TRACE StateContext queue 5 000001EC7365D150 start
TRACE StateContext queue 5 messages 0
TRACE StateContext queue 5 messages clear start
TRACE StateContext queue 5 messages clear end
TRACE StateContext queue 5 complete
TRACE StateContext queue 6 000001EC7365D270 start
TRACE StateContext queue 6 messages 0
TRACE StateContext queue 6 messages clear start
TRACE StateContext queue 6 messages clear end
TRACE StateContext queue 6 complete
TRACE StateContext queue 7 000001EC7365D390 start
TRACE StateContext queue 7 messages 0
TRACE StateContext queue 7 messages clear start
TRACE StateContext queue 7 messages clear end
TRACE StateContext queue 7 complete
TRACE StateContext queue 8 000001EC7365D4B0 start
TRACE StateContext queue 8 messages 0
TRACE StateContext queue 8 messages clear start
TRACE StateContext queue 8 messages clear end
TRACE StateContext queue 8 complete
TRACE StateContext queue 9 000001EC7365D5D0 start
TRACE StateContext queue 9 messages 0
TRACE StateContext queue 9 messages clear start
TRACE StateContext queue 9 messages clear end
TRACE StateContext queue 9 complete
TRACE StateContext queue 10 000001EC7365D6F0 start
TRACE StateContext queue 10 messages 0
TRACE StateContext queue 10 messages clear start
TRACE StateContext queue 10 messages clear end
TRACE StateContext queue 10 complete
TRACE StateContext queue 11 000001EC7365D810 start
TRACE StateContext queue 11 messages 0
TRACE StateContext queue 11 messages clear start
TRACE StateContext queue 11 messages clear end
TRACE StateContext queue 11 complete
TRACE StateContext queue 12 000001ECC047B570 start
TRACE StateContext queue 12 messages 0
TRACE StateContext queue 12 messages clear start
TRACE StateContext queue 12 messages clear end
TRACE StateContext queue 12 complete
TRACE StateContext queue 13 000001ECC047B690 start
TRACE StateContext queue 13 messages 0
TRACE StateContext queue 13 messages clear start
TRACE StateContext queue 13 messages clear end
TRACE StateContext queue 13 complete
TRACE StateContext queue 14 000001ECC047B7B0 start
TRACE StateContext queue 14 messages 0
TRACE StateContext queue 14 messages clear start
TRACE StateContext queue 14 messages clear end
TRACE StateContext queue 14 complete
TRACE StateContext all queues drained
TRACE StateContext states snapshotted 2
TRACE StateContext states cleared
TRACE StateContext queues cleared
TRACE StateContext shared listener cleared
TRACE StateContext unload end 000001EC7A9E8AA0
TRACE StateContext unload start 000001EC7A9E8AA0 state 5
TRACE StateManager remove context begin 000001EC7A9E8B70
TRACE StateManager context list size 43
TRACE StateManager context erase complete
TRACE StateContext unload start 000001EC7A9E8B70 state 7
TRACE StateContext queues snapshotted 15
TRACE StateContext queue 0 000001ECC047B8D0 start
TRACE StateContext queue 0 messages 0
TRACE StateContext queue 0 messages clear start
TRACE StateContext queue 0 messages clear end
TRACE StateContext queue 0 complete
TRACE StateContext queue 1 000001ECC047B9F0 start
TRACE StateContext queue 1 messages 0
TRACE StateContext queue 1 messages clear start
TRACE StateContext queue 1 messages clear end
TRACE StateContext queue 1 complete
TRACE StateContext queue 2 000001ECC047BB10 start
TRACE StateContext queue 2 messages 0
TRACE StateContext queue 2 messages clear start
TRACE StateContext queue 2 messages clear end
TRACE StateContext queue 2 complete
TRACE StateContext queue 3 000001ECC047BC30 start
TRACE StateContext queue 3 messages 0
TRACE StateContext queue 3 messages clear start
TRACE StateContext queue 3 messages clear end
TRACE StateContext queue 3 complete
TRACE StateContext queue 4 000001ECC047BD50 start
TRACE StateContext queue 4 messages 0
TRACE StateContext queue 4 messages clear start
TRACE StateContext queue 4 messages clear end
TRACE StateContext queue 4 complete
TRACE StateContext queue 5 000001ECC047BE70 start
TRACE StateContext queue 5 messages 0
TRACE StateContext queue 5 messages clear start
TRACE StateContext queue 5 messages clear end
TRACE StateContext queue 5 complete
TRACE StateContext queue 6 000001ECC047BF90 start
TRACE StateContext queue 6 messages 0
TRACE StateContext queue 6 messages clear start
TRACE StateContext queue 6 messages clear end
TRACE StateContext queue 6 complete
TRACE StateContext queue 7 000001ECC047C0B0 start
TRACE StateContext queue 7 messages 0
TRACE StateContext queue 7 messages clear start
TRACE StateContext queue 7 messages clear end
TRACE StateContext queue 7 complete
TRACE StateContext queue 8 000001ECC047C1D0 start
TRACE StateContext queue 8 messages 0
TRACE StateContext queue 8 messages clear start
TRACE StateContext queue 8 messages clear end
TRACE StateContext queue 8 complete
TRACE StateContext queue 9 000001ECC047C2F0 start
TRACE StateContext queue 9 messages 0
TRACE StateContext queue 9 messages clear start
TRACE StateContext queue 9 messages clear end
TRACE StateContext queue 9 complete
TRACE StateContext queue 10 000001ECC047C410 start
TRACE StateContext queue 10 messages 0
TRACE StateContext queue 10 messages clear start
TRACE StateContext queue 10 messages clear end
TRACE StateContext queue 10 complete
TRACE StateContext queue 11 000001ECC047C530 start
TRACE StateContext queue 11 messages 0
TRACE StateContext queue 11 messages clear start
TRACE StateContext queue 11 messages clear end
TRACE StateContext queue 11 complete
TRACE StateContext queue 12 000001ECC047C650 start
TRACE StateContext queue 12 messages 0
TRACE StateContext queue 12 messages clear start
TRACE StateContext queue 12 messages clear end
TRACE StateContext queue 12 complete
TRACE StateContext queue 13 000001ECC047C770 start
TRACE StateContext queue 13 messages 0
TRACE StateContext queue 13 messages clear start
TRACE StateContext queue 13 messages clear end
TRACE StateContext queue 13 complete
TRACE StateContext queue 14 000001ECC047C890 start
TRACE StateContext queue 14 messages 0
TRACE StateContext queue 14 messages clear start
TRACE StateContext queue 14 messages clear end
TRACE StateContext queue 14 complete
TRACE StateContext all queues drained
TRACE StateContext states snapshotted 2
TRACE StateContext states cleared
TRACE StateContext queues cleared
TRACE StateContext shared listener cleared
TRACE StateContext unload end 000001EC7A9E8B70
TRACE StateContext unload start 000001EC7A9E8B70 state 5
TRACE StateManager remove context begin 000001EC7A9E8C40
TRACE StateManager context list size 42
TRACE StateManager context erase complete
TRACE StateContext unload start 000001EC7A9E8C40 state 7
TRACE StateContext queues snapshotted 15
TRACE StateContext queue 0 000001ECC047C9B0 start
TRACE StateContext queue 0 messages 0
TRACE StateContext queue 0 messages clear start
TRACE StateContext queue 0 messages clear end
TRACE StateContext queue 0 complete
TRACE StateContext queue 1 000001ECC047CAD0 start
TRACE StateContext queue 1 messages 0
TRACE StateContext queue 1 messages clear start
TRACE StateContext queue 1 messages clear end
TRACE StateContext queue 1 complete
TRACE StateContext queue 2 000001ECC047CBF0 start
TRACE StateContext queue 2 messages 0
TRACE StateContext queue 2 messages clear start
TRACE StateContext queue 2 messages clear end
TRACE StateContext queue 2 complete
TRACE StateContext queue 3 000001ECC047CD10 start
TRACE StateContext queue 3 messages 0
TRACE StateContext queue 3 messages clear start
TRACE StateContext queue 3 messages clear end
TRACE StateContext queue 3 complete
TRACE StateContext queue 4 000001ECC047CE30 start
TRACE StateContext queue 4 messages 0
TRACE StateContext queue 4 messages clear start
TRACE StateContext queue 4 messages clear end
TRACE StateContext queue 4 complete
TRACE StateContext queue 5 000001ECC047CF50 start
TRACE StateContext queue 5 messages 0
TRACE StateContext queue 5 messages clear start
TRACE StateContext queue 5 messages clear end
TRACE StateContext queue 5 complete
TRACE StateContext queue 6 000001ECC047D070 start
TRACE StateContext queue 6 messages 0
TRACE StateContext queue 6 messages clear start
TRACE StateContext queue 6 messages clear end
TRACE StateContext queue 6 complete
TRACE StateContext queue 7 000001ECC047D190 start
TRACE StateContext queue 7 messages 0
TRACE StateContext queue 7 messages clear start
TRACE StateContext queue 7 messages clear end
TRACE StateContext queue 7 complete
TRACE StateContext queue 8 000001ECC047D2B0 start
TRACE StateContext queue 8 messages 0
TRACE StateContext queue 8 messages clear start
TRACE StateContext queue 8 messages clear end
TRACE StateContext queue 8 complete
TRACE StateContext queue 9 000001ECC047D3D0 start
TRACE StateContext queue 9 messages 0
TRACE StateContext queue 9 messages clear start
TRACE StateContext queue 9 messages clear end
TRACE StateContext queue 9 complete
TRACE StateContext queue 10 000001ECC047D4F0 start
TRACE StateContext queue 10 messages 0
TRACE StateContext queue 10 messages clear start
TRACE StateContext queue 10 messages clear end
TRACE StateContext queue 10 complete
TRACE StateContext queue 11 000001ECC047D610 start
TRACE StateContext queue 11 messages 0
TRACE StateContext queue 11 messages clear start
TRACE StateContext queue 11 messages clear end
TRACE StateContext queue 11 complete
TRACE StateContext queue 12 000001ECC047D730 start
TRACE StateContext queue 12 messages 0
TRACE StateContext queue 12 messages clear start
TRACE StateContext queue 12 messages clear end
TRACE StateContext queue 12 complete
TRACE StateContext queue 13 000001ECC047D850 start
TRACE StateContext queue 13 messages 0
TRACE StateContext queue 13 messages clear start
TRACE StateContext queue 13 messages clear end
TRACE StateContext queue 13 complete
TRACE StateContext queue 14 000001ECC0474940 start
TRACE StateContext queue 14 messages 0
TRACE StateContext queue 14 messages clear start
TRACE StateContext queue 14 messages clear end
TRACE StateContext queue 14 complete
TRACE StateContext all queues drained
TRACE StateContext states snapshotted 2
TRACE StateContext states cleared
TRACE StateContext queues cleared
TRACE StateContext shared listener cleared
TRACE StateContext unload end 000001EC7A9E8C40
TRACE StateContext unload start 000001EC7A9E8C40 state 5
TRACE ApplicationManager render ui done
TRACE ApplicationManager package manager done
TRACE ApplicationManager network manager done
TRACE ApplicationManager camera manager done
TRACE ApplicationManager video manager done
TRACE ApplicationManager ai manager done
TRACE ApplicationManager mesh loader done
TRACE ApplicationManager input done
TRACE ApplicationManager input device manager done
TRACE ApplicationManager selection manager done
TRACE ApplicationManager database done
TRACE ApplicationManager procedural manager done
TRACE ApplicationManager command manager done
TRACE ApplicationManager resource database done
TRACE ApplicationManager resource manager done
TRACE ApplicationManager process manager done
TRACE ApplicationManager mesh manager done
TRACE ApplicationManager vehicle manager done
TRACE ApplicationManager physics2 manager done
TRACE ApplicationManager sound manager done
Unloading Debug
TRACE StateManager remove context begin 000001EC78623780
TRACE StateManager context list size 41
TRACE StateManager context erase complete
TRACE StateContext unload start 000001EC78623780 state 7
TRACE StateContext queues snapshotted 15
TRACE StateContext queue 0 000001EC78618C50 start
TRACE StateContext queue 0 messages 0
TRACE StateContext queue 0 messages clear start
TRACE StateContext queue 0 messages clear end
TRACE StateContext queue 0 complete
TRACE StateContext queue 1 000001EC78618D70 start
TRACE StateContext queue 1 messages 0
TRACE StateContext queue 1 messages clear start
TRACE StateContext queue 1 messages clear end
TRACE StateContext queue 1 complete
TRACE StateContext queue 2 000001EC78618E90 start
TRACE StateContext queue 2 messages 0
TRACE StateContext queue 2 messages clear start
TRACE StateContext queue 2 messages clear end
TRACE StateContext queue 2 complete
TRACE StateContext queue 3 000001EC78618FB0 start
TRACE StateContext queue 3 messages 0
TRACE StateContext queue 3 messages clear start
TRACE StateContext queue 3 messages clear end
TRACE StateContext queue 3 complete
TRACE StateContext queue 4 000001EC786190D0 start
TRACE StateContext queue 4 messages 0
TRACE StateContext queue 4 messages clear start
TRACE StateContext queue 4 messages clear end
TRACE StateContext queue 4 complete
TRACE StateContext queue 5 000001EC786191F0 start
TRACE StateContext queue 5 messages 0
TRACE StateContext queue 5 messages clear start
TRACE StateContext queue 5 messages clear end
TRACE StateContext queue 5 complete
TRACE StateContext queue 6 000001EC78619310 start
TRACE StateContext queue 6 messages 0
TRACE StateContext queue 6 messages clear start
TRACE StateContext queue 6 messages clear end
TRACE StateContext queue 6 complete
TRACE StateContext queue 7 000001EC78619430 start
TRACE StateContext queue 7 messages 0
TRACE StateContext queue 7 messages clear start
TRACE StateContext queue 7 messages clear end
TRACE StateContext queue 7 complete
TRACE StateContext queue 8 000001EC78619550 start
TRACE StateContext queue 8 messages 0
TRACE StateContext queue 8 messages clear start
TRACE StateContext queue 8 messages clear end
TRACE StateContext queue 8 complete
TRACE StateContext queue 9 000001EC78619670 start
TRACE StateContext queue 9 messages 0
TRACE StateContext queue 9 messages clear start
TRACE StateContext queue 9 messages clear end
TRACE StateContext queue 9 complete
TRACE StateContext queue 10 000001EC78619790 start
TRACE StateContext queue 10 messages 0
TRACE StateContext queue 10 messages clear start
TRACE StateContext queue 10 messages clear end
TRACE StateContext queue 10 complete
TRACE StateContext queue 11 000001EC786198B0 start
TRACE StateContext queue 11 messages 0
TRACE StateContext queue 11 messages clear start
TRACE StateContext queue 11 messages clear end
TRACE StateContext queue 11 complete
TRACE StateContext queue 12 000001EC786199D0 start
TRACE StateContext queue 12 messages 0
TRACE StateContext queue 12 messages clear start
TRACE StateContext queue 12 messages clear end
TRACE StateContext queue 12 complete
TRACE StateContext queue 13 000001EC78619AF0 start
TRACE StateContext queue 13 messages 0
TRACE StateContext queue 13 messages clear start
TRACE StateContext queue 13 messages clear end
TRACE StateContext queue 13 complete
TRACE StateContext queue 14 000001EC78619C10 start
TRACE StateContext queue 14 messages 0
TRACE StateContext queue 14 messages clear start
TRACE StateContext queue 14 messages clear end
TRACE StateContext queue 14 complete
TRACE StateContext all queues drained
TRACE StateContext states snapshotted 0
TRACE StateContext states cleared
TRACE StateContext queues cleared
TRACE StateContext shared listener cleared
TRACE StateContext unload end 000001EC78623780
TRACE StateContext unload start 000001EC78623780 state 5
GraphicsPipeline: Shutdown complete
GraphicsPipeline: Destructor called
TRACE base GraphicsScene unload start 000001EC7C439F70
TRACE base GraphicsScene clear done
TRACE base GraphicsScene state cleanup start
TRACE base GraphicsScene node context 000001EC78623AC0
TRACE base GraphicsScene node listener removed
TRACE StateManager remove context begin 000001EC78623AC0
TRACE StateManager context list size 40
TRACE StateManager context erase complete
TRACE StateContext unload start 000001EC78623AC0 state 7
TRACE StateContext queues snapshotted 15
TRACE StateContext queue 0 000001EC7C3F64E0 start
TRACE StateContext queue 0 messages 0
TRACE StateContext queue 0 messages clear start
TRACE StateContext queue 0 messages clear end
TRACE StateContext queue 0 complete
TRACE StateContext queue 1 000001EC7C3F6600 start
TRACE StateContext queue 1 messages 0
TRACE StateContext queue 1 messages clear start
TRACE StateContext queue 1 messages clear end
TRACE StateContext queue 1 complete
TRACE StateContext queue 2 000001EC7C3F6720 start
TRACE StateContext queue 2 messages 0
TRACE StateContext queue 2 messages clear start
TRACE StateContext queue 2 messages clear end
TRACE StateContext queue 2 complete
TRACE StateContext queue 3 000001EC7C3F6840 start
TRACE StateContext queue 3 messages 0
TRACE StateContext queue 3 messages clear start
TRACE StateContext queue 3 messages clear end
TRACE StateContext queue 3 complete
TRACE StateContext queue 4 000001EC7C3F6960 start
TRACE StateContext queue 4 messages 0
TRACE StateContext queue 4 messages clear start
TRACE StateContext queue 4 messages clear end
TRACE StateContext queue 4 complete
TRACE StateContext queue 5 000001EC7C3F6A80 start
TRACE StateContext queue 5 messages 0
TRACE StateContext queue 5 messages clear start
TRACE StateContext queue 5 messages clear end
TRACE StateContext queue 5 complete
TRACE StateContext queue 6 000001EC7C3F6BA0 start
TRACE StateContext queue 6 messages 0
TRACE StateContext queue 6 messages clear start
TRACE StateContext queue 6 messages clear end
TRACE StateContext queue 6 complete
TRACE StateContext queue 7 000001EC7C3F6CC0 start
TRACE StateContext queue 7 messages 0
TRACE StateContext queue 7 messages clear start
TRACE StateContext queue 7 messages clear end
TRACE StateContext queue 7 complete
TRACE StateContext queue 8 000001EC7C3F6DE0 start
TRACE StateContext queue 8 messages 0
TRACE StateContext queue 8 messages clear start
TRACE StateContext queue 8 messages clear end
TRACE StateContext queue 8 complete
TRACE StateContext queue 9 000001EC7C3F6F00 start
TRACE StateContext queue 9 messages 0
TRACE StateContext queue 9 messages clear start
TRACE StateContext queue 9 messages clear end
TRACE StateContext queue 9 complete
TRACE StateContext queue 10 000001EC7C3F7020 start
TRACE StateContext queue 10 messages 0
TRACE StateContext queue 10 messages clear start
TRACE StateContext queue 10 messages clear end
TRACE StateContext queue 10 complete
TRACE StateContext queue 11 000001EC7C3F7140 start
TRACE StateContext queue 11 messages 0
TRACE StateContext queue 11 messages clear start
TRACE StateContext queue 11 messages clear end
TRACE StateContext queue 11 complete
TRACE StateContext queue 12 000001EC7C3F7260 start
TRACE StateContext queue 12 messages 0
TRACE StateContext queue 12 messages clear start
TRACE StateContext queue 12 messages clear end
TRACE StateContext queue 12 complete
TRACE StateContext queue 13 000001EC7C3F7380 start
TRACE StateContext queue 13 messages 0
TRACE StateContext queue 13 messages clear start
TRACE StateContext queue 13 messages clear end
TRACE StateContext queue 13 complete
TRACE StateContext queue 14 000001EC7C3F74A0 start
TRACE StateContext queue 14 messages 0
TRACE StateContext queue 14 messages clear start
TRACE StateContext queue 14 messages clear end
TRACE StateContext queue 14 complete
TRACE StateContext all queues drained
TRACE StateContext states snapshotted 0
TRACE StateContext states cleared
TRACE StateContext queues cleared
TRACE StateContext shared listener cleared
TRACE StateContext unload end 000001EC78623AC0
TRACE base GraphicsScene node context removed
TRACE base GraphicsScene node context owner cleared
TRACE base GraphicsScene scene-node context done
TRACE StateManager remove context begin 000001EC78623C60
TRACE StateManager context list size 39
TRACE StateManager context erase complete
TRACE StateContext unload start 000001EC78623C60 state 7
TRACE StateContext queues snapshotted 15
TRACE StateContext queue 0 000001EC7C3F86B0 start
TRACE StateContext queue 0 messages 0
TRACE StateContext queue 0 messages clear start
TRACE StateContext queue 0 messages clear end
TRACE StateContext queue 0 complete
TRACE StateContext queue 1 000001EC7C3F87D0 start
TRACE StateContext queue 1 messages 0
TRACE StateContext queue 1 messages clear start
TRACE StateContext queue 1 messages clear end
TRACE StateContext queue 1 complete
TRACE StateContext queue 2 000001EC7C3F88F0 start
TRACE StateContext queue 2 messages 0
TRACE StateContext queue 2 messages clear start
TRACE StateContext queue 2 messages clear end
TRACE StateContext queue 2 complete
TRACE StateContext queue 3 000001EC7C3F8A10 start
TRACE StateContext queue 3 messages 0
TRACE StateContext queue 3 messages clear start
TRACE StateContext queue 3 messages clear end
TRACE StateContext queue 3 complete
TRACE StateContext queue 4 000001EC7C3F8B30 start
TRACE StateContext queue 4 messages 0
TRACE StateContext queue 4 messages clear start
TRACE StateContext queue 4 messages clear end
TRACE StateContext queue 4 complete
TRACE StateContext queue 5 000001EC7C3F8C50 start
TRACE StateContext queue 5 messages 0
TRACE StateContext queue 5 messages clear start
TRACE StateContext queue 5 messages clear end
TRACE StateContext queue 5 complete
TRACE StateContext queue 6 000001EC7C3F8D70 start
TRACE StateContext queue 6 messages 0
TRACE StateContext queue 6 messages clear start
TRACE StateContext queue 6 messages clear end
TRACE StateContext queue 6 complete
TRACE StateContext queue 7 000001EC7C3F8E90 start
TRACE StateContext queue 7 messages 0
TRACE StateContext queue 7 messages clear start
TRACE StateContext queue 7 messages clear end
TRACE StateContext queue 7 complete
TRACE StateContext queue 8 000001EC7C3F8FB0 start
TRACE StateContext queue 8 messages 0
TRACE StateContext queue 8 messages clear start
TRACE StateContext queue 8 messages clear end
TRACE StateContext queue 8 complete
TRACE StateContext queue 9 000001EC7C3F90D0 start
TRACE StateContext queue 9 messages 0
TRACE StateContext queue 9 messages clear start
TRACE StateContext queue 9 messages clear end
TRACE StateContext queue 9 complete
TRACE StateContext queue 10 000001EC7C3F91F0 start
TRACE StateContext queue 10 messages 0
TRACE StateContext queue 10 messages clear start
TRACE StateContext queue 10 messages clear end
TRACE StateContext queue 10 complete
TRACE StateContext queue 11 000001EC7C3F9310 start
TRACE StateContext queue 11 messages 0
TRACE StateContext queue 11 messages clear start
TRACE StateContext queue 11 messages clear end
TRACE StateContext queue 11 complete
TRACE StateContext queue 12 000001EC7C3F9430 start
TRACE StateContext queue 12 messages 0
TRACE StateContext queue 12 messages clear start
TRACE StateContext queue 12 messages clear end
TRACE StateContext queue 12 complete
TRACE StateContext queue 13 000001EC7C3F9550 start
TRACE StateContext queue 13 messages 0
TRACE StateContext queue 13 messages clear start
TRACE StateContext queue 13 messages clear end
TRACE StateContext queue 13 complete
TRACE StateContext queue 14 000001EC7C3F9670 start
TRACE StateContext queue 14 messages 0
TRACE StateContext queue 14 messages clear start
TRACE StateContext queue 14 messages clear end
TRACE StateContext queue 14 complete
TRACE StateContext all queues drained
TRACE StateContext states snapshotted 0
TRACE StateContext states cleared
TRACE StateContext queues cleared
TRACE StateContext shared listener cleared
TRACE StateContext unload end 000001EC78623C60
TRACE StateManager remove context begin 000001EC78623B90
TRACE StateManager context list size 38
TRACE StateManager context erase complete
TRACE StateContext unload start 000001EC78623B90 state 7
TRACE StateContext queues snapshotted 15
TRACE StateContext queue 0 000001EC7C3F75C0 start
TRACE StateContext queue 0 messages 0
TRACE StateContext queue 0 messages clear start
TRACE StateContext queue 0 messages clear end
TRACE StateContext queue 0 complete
TRACE StateContext queue 1 000001EC7C3F76E0 start
TRACE StateContext queue 1 messages 0
TRACE StateContext queue 1 messages clear start
TRACE StateContext queue 1 messages clear end
TRACE StateContext queue 1 complete
TRACE StateContext queue 2 000001EC7C3F7800 start
TRACE StateContext queue 2 messages 0
TRACE StateContext queue 2 messages clear start
TRACE StateContext queue 2 messages clear end
TRACE StateContext queue 2 complete
TRACE StateContext queue 3 000001EC7C3F7920 start
TRACE StateContext queue 3 messages 0
TRACE StateContext queue 3 messages clear start
TRACE StateContext queue 3 messages clear end
TRACE StateContext queue 3 complete
TRACE StateContext queue 4 000001EC7C3F7A40 start
TRACE StateContext queue 4 messages 0
TRACE StateContext queue 4 messages clear start
TRACE StateContext queue 4 messages clear end
TRACE StateContext queue 4 complete
TRACE StateContext queue 5 000001EC7C3F7B60 start
TRACE StateContext queue 5 messages 0
TRACE StateContext queue 5 messages clear start
TRACE StateContext queue 5 messages clear end
TRACE StateContext queue 5 complete
TRACE StateContext queue 6 000001EC7C3F7C90 start
TRACE StateContext queue 6 messages 0
TRACE StateContext queue 6 messages clear start
TRACE StateContext queue 6 messages clear end
TRACE StateContext queue 6 complete
TRACE StateContext queue 7 000001EC7C3F7DB0 start
TRACE StateContext queue 7 messages 0
TRACE StateContext queue 7 messages clear start
TRACE StateContext queue 7 messages clear end
TRACE StateContext queue 7 complete
TRACE StateContext queue 8 000001EC7C3F7ED0 start
TRACE StateContext queue 8 messages 0
TRACE StateContext queue 8 messages clear start
TRACE StateContext queue 8 messages clear end
TRACE StateContext queue 8 complete
TRACE StateContext queue 9 000001EC7C3F7FF0 start
TRACE StateContext queue 9 messages 0
TRACE StateContext queue 9 messages clear start
TRACE StateContext queue 9 messages clear end
TRACE StateContext queue 9 complete
TRACE StateContext queue 10 000001EC7C3F8110 start
TRACE StateContext queue 10 messages 0
TRACE StateContext queue 10 messages clear start
TRACE StateContext queue 10 messages clear end
TRACE StateContext queue 10 complete
TRACE StateContext queue 11 000001EC7C3F8230 start
TRACE StateContext queue 11 messages 0
TRACE StateContext queue 11 messages clear start
TRACE StateContext queue 11 messages clear end
TRACE StateContext queue 11 complete
TRACE StateContext queue 12 000001EC7C3F8350 start
TRACE StateContext queue 12 messages 0
TRACE StateContext queue 12 messages clear start
TRACE StateContext queue 12 messages clear end
TRACE StateContext queue 12 complete
TRACE StateContext queue 13 000001EC7C3F8470 start
TRACE StateContext queue 13 messages 0
TRACE StateContext queue 13 messages clear start
TRACE StateContext queue 13 messages clear end
TRACE StateContext queue 13 complete
TRACE StateContext queue 14 000001EC7C3F8590 start
TRACE StateContext queue 14 messages 0
TRACE StateContext queue 14 messages clear start
TRACE StateContext queue 14 messages clear end
TRACE StateContext queue 14 complete
TRACE StateContext all queues drained
TRACE StateContext states snapshotted 0
TRACE StateContext states cleared
TRACE StateContext queues cleared
TRACE StateContext shared listener cleared
TRACE StateContext unload end 000001EC78623B90
TRACE StateManager remove context begin 000001EC78623D30
TRACE StateManager context list size 37
TRACE StateManager context erase complete
TRACE StateContext unload start 000001EC78623D30 state 7
TRACE StateContext queues snapshotted 15
TRACE StateContext queue 0 000001EC7C3F9790 start
TRACE StateContext queue 0 messages 0
TRACE StateContext queue 0 messages clear start
TRACE StateContext queue 0 messages clear end
TRACE StateContext queue 0 complete
TRACE StateContext queue 1 000001EC7C3F98B0 start
TRACE StateContext queue 1 messages 0
TRACE StateContext queue 1 messages clear start
TRACE StateContext queue 1 messages clear end
TRACE StateContext queue 1 complete
TRACE StateContext queue 2 000001EC7C3F99D0 start
TRACE StateContext queue 2 messages 0
TRACE StateContext queue 2 messages clear start
TRACE StateContext queue 2 messages clear end
TRACE StateContext queue 2 complete
TRACE StateContext queue 3 000001EC7C3F9AF0 start
TRACE StateContext queue 3 messages 0
TRACE StateContext queue 3 messages clear start
TRACE StateContext queue 3 messages clear end
TRACE StateContext queue 3 complete
TRACE StateContext queue 4 000001EC7C3F9C10 start
TRACE StateContext queue 4 messages 0
TRACE StateContext queue 4 messages clear start
TRACE StateContext queue 4 messages clear end
TRACE StateContext queue 4 complete
TRACE StateContext queue 5 000001EC7C3F9D30 start
TRACE StateContext queue 5 messages 0
TRACE StateContext queue 5 messages clear start
TRACE StateContext queue 5 messages clear end
TRACE StateContext queue 5 complete
TRACE StateContext queue 6 000001EC7C3F9E50 start
TRACE StateContext queue 6 messages 0
TRACE StateContext queue 6 messages clear start
TRACE StateContext queue 6 messages clear end
TRACE StateContext queue 6 complete
TRACE StateContext queue 7 000001EC7C3F9F70 start
TRACE StateContext queue 7 messages 0
TRACE StateContext queue 7 messages clear start
TRACE StateContext queue 7 messages clear end
TRACE StateContext queue 7 complete
TRACE StateContext queue 8 000001EC7C3FA0A0 start
TRACE StateContext queue 8 messages 0
TRACE StateContext queue 8 messages clear start
TRACE StateContext queue 8 messages clear end
TRACE StateContext queue 8 complete
TRACE StateContext queue 9 000001EC7C3FA1C0 start
TRACE StateContext queue 9 messages 0
TRACE StateContext queue 9 messages clear start
TRACE StateContext queue 9 messages clear end
TRACE StateContext queue 9 complete
TRACE StateContext queue 10 000001EC7C3FA2E0 start
TRACE StateContext queue 10 messages 0
TRACE StateContext queue 10 messages clear start
TRACE StateContext queue 10 messages clear end
TRACE StateContext queue 10 complete
TRACE StateContext queue 11 000001EC7C3FA400 start
TRACE StateContext queue 11 messages 0
TRACE StateContext queue 11 messages clear start
TRACE StateContext queue 11 messages clear end
TRACE StateContext queue 11 complete
TRACE StateContext queue 12 000001EC7C3FA520 start
TRACE StateContext queue 12 messages 0
TRACE StateContext queue 12 messages clear start
TRACE StateContext queue 12 messages clear end
TRACE StateContext queue 12 complete
TRACE StateContext queue 13 000001EC7C3FA640 start
TRACE StateContext queue 13 messages 0
TRACE StateContext queue 13 messages clear start
TRACE StateContext queue 13 messages clear end
TRACE StateContext queue 13 complete
TRACE StateContext queue 14 000001EC7C3FA760 start
TRACE StateContext queue 14 messages 0
TRACE StateContext queue 14 messages clear start
TRACE StateContext queue 14 messages clear end
TRACE StateContext queue 14 complete
TRACE StateContext all queues drained
TRACE StateContext states snapshotted 0
TRACE StateContext states cleared
TRACE StateContext queues cleared
TRACE StateContext shared listener cleared
TRACE StateContext unload end 000001EC78623D30
TRACE base GraphicsScene object contexts done
TRACE StateContext unload start 000001EC78623C60 state 5
TRACE StateContext unload start 000001EC78623B90 state 5
TRACE StateContext unload start 000001EC78623D30 state 5
TRACE StateManager remove context begin 000001EC786239F0
TRACE StateManager context list size 36
TRACE StateManager context erase complete
TRACE StateContext unload start 000001EC786239F0 state 7
TRACE StateContext queues snapshotted 15
TRACE StateContext queue 0 000001EC7A9E7D20 start
TRACE StateContext queue 0 messages 0
TRACE StateContext queue 0 messages clear start
TRACE StateContext queue 0 messages clear end
TRACE StateContext queue 0 complete
TRACE StateContext queue 1 000001EC7A9E7E40 start
TRACE StateContext queue 1 messages 0
TRACE StateContext queue 1 messages clear start
TRACE StateContext queue 1 messages clear end
TRACE StateContext queue 1 complete
TRACE StateContext queue 2 000001EC7A9E7F60 start
TRACE StateContext queue 2 messages 0
TRACE StateContext queue 2 messages clear start
TRACE StateContext queue 2 messages clear end
TRACE StateContext queue 2 complete
TRACE StateContext queue 3 000001EC7A9E8080 start
TRACE StateContext queue 3 messages 0
TRACE StateContext queue 3 messages clear start
TRACE StateContext queue 3 messages clear end
TRACE StateContext queue 3 complete
TRACE StateContext queue 4 000001EC7C3F5880 start
TRACE StateContext queue 4 messages 0
TRACE StateContext queue 4 messages clear start
TRACE StateContext queue 4 messages clear end
TRACE StateContext queue 4 complete
TRACE StateContext queue 5 000001EC7C3F59A0 start
TRACE StateContext queue 5 messages 0
TRACE StateContext queue 5 messages clear start
TRACE StateContext queue 5 messages clear end
TRACE StateContext queue 5 complete
TRACE StateContext queue 6 000001EC7C3F5AC0 start
TRACE StateContext queue 6 messages 0
TRACE StateContext queue 6 messages clear start
TRACE StateContext queue 6 messages clear end
TRACE StateContext queue 6 complete
TRACE StateContext queue 7 000001EC7C3F5BE0 start
TRACE StateContext queue 7 messages 0
TRACE StateContext queue 7 messages clear start
TRACE StateContext queue 7 messages clear end
TRACE StateContext queue 7 complete
TRACE StateContext queue 8 000001EC7C3F5D00 start
TRACE StateContext queue 8 messages 0
TRACE StateContext queue 8 messages clear start
TRACE StateContext queue 8 messages clear end
TRACE StateContext queue 8 complete
TRACE StateContext queue 9 000001EC7C3F5E20 start
TRACE StateContext queue 9 messages 0
TRACE StateContext queue 9 messages clear start
TRACE StateContext queue 9 messages clear end
TRACE StateContext queue 9 complete
TRACE StateContext queue 10 000001EC7C3F5F40 start
TRACE StateContext queue 10 messages 0
TRACE StateContext queue 10 messages clear start
TRACE StateContext queue 10 messages clear end
TRACE StateContext queue 10 complete
TRACE StateContext queue 11 000001EC7C3F6060 start
TRACE StateContext queue 11 messages 0
TRACE StateContext queue 11 messages clear start
TRACE StateContext queue 11 messages clear end
TRACE StateContext queue 11 complete
TRACE StateContext queue 12 000001EC7C3F6180 start
TRACE StateContext queue 12 messages 0
TRACE StateContext queue 12 messages clear start
TRACE StateContext queue 12 messages clear end
TRACE StateContext queue 12 complete
TRACE StateContext queue 13 000001EC7C3F62A0 start
TRACE StateContext queue 13 messages 0
TRACE StateContext queue 13 messages clear start
TRACE StateContext queue 13 messages clear end
TRACE StateContext queue 13 complete
TRACE StateContext queue 14 000001EC7C3F63C0 start
TRACE StateContext queue 14 messages 0
TRACE StateContext queue 14 messages clear start
TRACE StateContext queue 14 messages clear end
TRACE StateContext queue 14 complete
TRACE StateContext all queues drained
TRACE StateContext states snapshotted 2
TRACE StateContext states cleared
TRACE StateContext queues cleared
TRACE StateContext shared listener cleared
TRACE StateContext unload end 000001EC786239F0
TRACE StateContext unload start 000001EC786239F0 state 5
TRACE base GraphicsScene unload end
TRACE StateManager remove context begin 000001EC78623920
TRACE StateManager context list size 35
TRACE StateManager context erase complete
TRACE StateContext unload start 000001EC78623920 state 7
TRACE StateContext queues snapshotted 15
TRACE StateContext queue 0 000001EC7A9E6C40 start
TRACE StateContext queue 0 messages 0
TRACE StateContext queue 0 messages clear start
TRACE StateContext queue 0 messages clear end
TRACE StateContext queue 0 complete
TRACE StateContext queue 1 000001EC7A9E6D60 start
TRACE StateContext queue 1 messages 0
TRACE StateContext queue 1 messages clear start
TRACE StateContext queue 1 messages clear end
TRACE StateContext queue 1 complete
TRACE StateContext queue 2 000001EC7A9E6E80 start
TRACE StateContext queue 2 messages 0
TRACE StateContext queue 2 messages clear start
TRACE StateContext queue 2 messages clear end
TRACE StateContext queue 2 complete
TRACE StateContext queue 3 000001EC7A9E6FA0 start
TRACE StateContext queue 3 messages 0
TRACE StateContext queue 3 messages clear start
TRACE StateContext queue 3 messages clear end
TRACE StateContext queue 3 complete
TRACE StateContext queue 4 000001EC7A9E70C0 start
TRACE StateContext queue 4 messages 0
TRACE StateContext queue 4 messages clear start
TRACE StateContext queue 4 messages clear end
TRACE StateContext queue 4 complete
TRACE StateContext queue 5 000001EC7A9E71E0 start
TRACE StateContext queue 5 messages 0
TRACE StateContext queue 5 messages clear start
TRACE StateContext queue 5 messages clear end
TRACE StateContext queue 5 complete
TRACE StateContext queue 6 000001EC7A9E7300 start
TRACE StateContext queue 6 messages 0
TRACE StateContext queue 6 messages clear start
TRACE StateContext queue 6 messages clear end
TRACE StateContext queue 6 complete
TRACE StateContext queue 7 000001EC7A9E7420 start
TRACE StateContext queue 7 messages 0
TRACE StateContext queue 7 messages clear start
TRACE StateContext queue 7 messages clear end
TRACE StateContext queue 7 complete
TRACE StateContext queue 8 000001EC7A9E7540 start
TRACE StateContext queue 8 messages 0
TRACE StateContext queue 8 messages clear start
TRACE StateContext queue 8 messages clear end
TRACE StateContext queue 8 complete
TRACE StateContext queue 9 000001EC7A9E7660 start
TRACE StateContext queue 9 messages 0
TRACE StateContext queue 9 messages clear start
TRACE StateContext queue 9 messages clear end
TRACE StateContext queue 9 complete
TRACE StateContext queue 10 000001EC7A9E7780 start
TRACE StateContext queue 10 messages 0
TRACE StateContext queue 10 messages clear start
TRACE StateContext queue 10 messages clear end
TRACE StateContext queue 10 complete
TRACE StateContext queue 11 000001EC7A9E78A0 start
TRACE StateContext queue 11 messages 0
TRACE StateContext queue 11 messages clear start
TRACE StateContext queue 11 messages clear end
TRACE StateContext queue 11 complete
TRACE StateContext queue 12 000001EC7A9E79C0 start
TRACE StateContext queue 12 messages 0
TRACE StateContext queue 12 messages clear start
TRACE StateContext queue 12 messages clear end
TRACE StateContext queue 12 complete
TRACE StateContext queue 13 000001EC7A9E7AE0 start
TRACE StateContext queue 13 messages 0
TRACE StateContext queue 13 messages clear start
TRACE StateContext queue 13 messages clear end
TRACE StateContext queue 13 complete
TRACE StateContext queue 14 000001EC7A9E7C00 start
TRACE StateContext queue 14 messages 0
TRACE StateContext queue 14 messages clear start
TRACE StateContext queue 14 messages clear end
TRACE StateContext queue 14 complete
TRACE StateContext all queues drained
TRACE StateContext states snapshotted 2
TRACE StateContext states cleared
TRACE StateContext queues cleared
TRACE StateContext shared listener cleared
TRACE StateContext unload end 000001EC78623920
TRACE StateContext unload start 000001EC78623920 state 5
TRACE StateManager remove context begin 000001EC78623850
TRACE StateManager context list size 34
TRACE StateManager context erase complete
TRACE StateContext unload start 000001EC78623850 state 7
TRACE StateContext queues snapshotted 15
TRACE StateContext queue 0 000001EC78619D30 start
TRACE StateContext queue 0 messages 0
TRACE StateContext queue 0 messages clear start
TRACE StateContext queue 0 messages clear end
TRACE StateContext queue 0 complete
TRACE StateContext queue 1 000001EC78619E50 start
TRACE StateContext queue 1 messages 0
TRACE StateContext queue 1 messages clear start
TRACE StateContext queue 1 messages clear end
TRACE StateContext queue 1 complete
TRACE StateContext queue 2 000001EC7A9E5DA0 start
TRACE StateContext queue 2 messages 0
TRACE StateContext queue 2 messages clear start
TRACE StateContext queue 2 messages clear end
TRACE StateContext queue 2 complete
TRACE StateContext queue 3 000001EC7A9E5EC0 start
TRACE StateContext queue 3 messages 0
TRACE StateContext queue 3 messages clear start
TRACE StateContext queue 3 messages clear end
TRACE StateContext queue 3 complete
TRACE StateContext queue 4 000001EC7A9E5FE0 start
TRACE StateContext queue 4 messages 0
TRACE StateContext queue 4 messages clear start
TRACE StateContext queue 4 messages clear end
TRACE StateContext queue 4 complete
TRACE StateContext queue 5 000001EC7A9E6100 start
TRACE StateContext queue 5 messages 0
TRACE StateContext queue 5 messages clear start
TRACE StateContext queue 5 messages clear end
TRACE StateContext queue 5 complete
TRACE StateContext queue 6 000001EC7A9E6220 start
TRACE StateContext queue 6 messages 0
TRACE StateContext queue 6 messages clear start
TRACE StateContext queue 6 messages clear end
TRACE StateContext queue 6 complete
TRACE StateContext queue 7 000001EC7A9E6340 start
TRACE StateContext queue 7 messages 0
TRACE StateContext queue 7 messages clear start
TRACE StateContext queue 7 messages clear end
TRACE StateContext queue 7 complete
TRACE StateContext queue 8 000001EC7A9E6460 start
TRACE StateContext queue 8 messages 0
TRACE StateContext queue 8 messages clear start
TRACE StateContext queue 8 messages clear end
TRACE StateContext queue 8 complete
TRACE StateContext queue 9 000001EC7A9E6580 start
TRACE StateContext queue 9 messages 0
TRACE StateContext queue 9 messages clear start
TRACE StateContext queue 9 messages clear end
TRACE StateContext queue 9 complete
TRACE StateContext queue 10 000001EC7A9E66A0 start
TRACE StateContext queue 10 messages 0
TRACE StateContext queue 10 messages clear start
TRACE StateContext queue 10 messages clear end
TRACE StateContext queue 10 complete
TRACE StateContext queue 11 000001EC7A9E67C0 start
TRACE StateContext queue 11 messages 0
TRACE StateContext queue 11 messages clear start
TRACE StateContext queue 11 messages clear end
TRACE StateContext queue 11 complete
TRACE StateContext queue 12 000001EC7A9E68E0 start
TRACE StateContext queue 12 messages 0
TRACE StateContext queue 12 messages clear start
TRACE StateContext queue 12 messages clear end
TRACE StateContext queue 12 complete
TRACE StateContext queue 13 000001EC7A9E6A00 start
TRACE StateContext queue 13 messages 0
TRACE StateContext queue 13 messages clear start
TRACE StateContext queue 13 messages clear end
TRACE StateContext queue 13 complete
TRACE StateContext queue 14 000001EC7A9E6B20 start
TRACE StateContext queue 14 messages 0
TRACE StateContext queue 14 messages clear start
TRACE StateContext queue 14 messages clear end
TRACE StateContext queue 14 complete
TRACE StateContext all queues drained
TRACE StateContext states snapshotted 0
TRACE StateContext states cleared
TRACE StateContext queues cleared
TRACE StateContext shared listener cleared
TRACE StateContext unload end 000001EC78623850
TRACE StateContext unload start 000001EC78623850 state 5
TRACE ApplicationManager graphics system done
TRACE StateContext unload start 000001EC78623E00 state 7
TRACE StateContext queues snapshotted 15
TRACE StateContext queue 0 000001EC7C3FA880 start
TRACE StateContext queue 0 messages 0
TRACE StateContext queue 0 messages clear start
TRACE StateContext queue 0 messages clear end
TRACE StateContext queue 0 complete
TRACE StateContext queue 1 000001EC7C3FA9A0 start
TRACE StateContext queue 1 messages 0
TRACE StateContext queue 1 messages clear start
TRACE StateContext queue 1 messages clear end
TRACE StateContext queue 1 complete
TRACE StateContext queue 2 000001EC7C3FAAC0 start
TRACE StateContext queue 2 messages 0
TRACE StateContext queue 2 messages clear start
TRACE StateContext queue 2 messages clear end
TRACE StateContext queue 2 complete
TRACE StateContext queue 3 000001EC7C3FABE0 start
TRACE StateContext queue 3 messages 0
TRACE StateContext queue 3 messages clear start
TRACE StateContext queue 3 messages clear end
TRACE StateContext queue 3 complete
TRACE StateContext queue 4 000001EC7C3FAD00 start
TRACE StateContext queue 4 messages 0
TRACE StateContext queue 4 messages clear start
TRACE StateContext queue 4 messages clear end
TRACE StateContext queue 4 complete
TRACE StateContext queue 5 000001EC7C3FAE20 start
TRACE StateContext queue 5 messages 0
TRACE StateContext queue 5 messages clear start
TRACE StateContext queue 5 messages clear end
TRACE StateContext queue 5 complete
TRACE StateContext queue 6 000001EC7C3FAF40 start
TRACE StateContext queue 6 messages 0
TRACE StateContext queue 6 messages clear start
TRACE StateContext queue 6 messages clear end
TRACE StateContext queue 6 complete
TRACE StateContext queue 7 000001EC7C3FB060 start
TRACE StateContext queue 7 messages 0
TRACE StateContext queue 7 messages clear start
TRACE StateContext queue 7 messages clear end
TRACE StateContext queue 7 complete
TRACE StateContext queue 8 000001EC7C3FB180 start
TRACE StateContext queue 8 messages 0
TRACE StateContext queue 8 messages clear start
TRACE StateContext queue 8 messages clear end
TRACE StateContext queue 8 complete
TRACE StateContext queue 9 000001EC7C3FB2A0 start
TRACE StateContext queue 9 messages 0
TRACE StateContext queue 9 messages clear start
TRACE StateContext queue 9 messages clear end
TRACE StateContext queue 9 complete
TRACE StateContext queue 10 000001EC7C3FB3C0 start
TRACE StateContext queue 10 messages 0
TRACE StateContext queue 10 messages clear start
TRACE StateContext queue 10 messages clear end
TRACE StateContext queue 10 complete
TRACE StateContext queue 11 000001EC7C3FB4E0 start
TRACE StateContext queue 11 messages 0
TRACE StateContext queue 11 messages clear start
TRACE StateContext queue 11 messages clear end
TRACE StateContext queue 11 complete
TRACE StateContext queue 12 000001EC7C3FB600 start
TRACE StateContext queue 12 messages 0
TRACE StateContext queue 12 messages clear start
TRACE StateContext queue 12 messages clear end
TRACE StateContext queue 12 complete
TRACE StateContext queue 13 000001EC7C3FB720 start
TRACE StateContext queue 13 messages 0
TRACE StateContext queue 13 messages clear start
TRACE StateContext queue 13 messages clear end
TRACE StateContext queue 13 complete
TRACE StateContext queue 14 000001EC7C3FB840 start
TRACE StateContext queue 14 messages 0
TRACE StateContext queue 14 messages clear start
TRACE StateContext queue 14 messages clear end
TRACE StateContext queue 14 complete
TRACE StateContext all queues drained
TRACE StateContext states snapshotted 1
TRACE StateContext states cleared
TRACE StateContext queues cleared
TRACE StateContext shared listener cleared
TRACE StateContext unload end 000001EC78623E00
TRACE StateContext unload start 000001EC78623ED0 state 7
TRACE StateContext queues snapshotted 15
TRACE StateContext queue 0 000001EC7C3FB960 start
TRACE StateContext queue 0 messages 0
TRACE StateContext queue 0 messages clear start
TRACE StateContext queue 0 messages clear end
TRACE StateContext queue 0 complete
TRACE StateContext queue 1 000001EC7C3FBA80 start
TRACE StateContext queue 1 messages 0
TRACE StateContext queue 1 messages clear start
TRACE StateContext queue 1 messages clear end
TRACE StateContext queue 1 complete
TRACE StateContext queue 2 000001EC7C3FBBA0 start
TRACE StateContext queue 2 messages 0
TRACE StateContext queue 2 messages clear start
TRACE StateContext queue 2 messages clear end
TRACE StateContext queue 2 complete
TRACE StateContext queue 3 000001EC7C3FBCC0 start
TRACE StateContext queue 3 messages 0
TRACE StateContext queue 3 messages clear start
TRACE StateContext queue 3 messages clear end
TRACE StateContext queue 3 complete
TRACE StateContext queue 4 000001EC7C3FBDE0 start
TRACE StateContext queue 4 messages 0
TRACE StateContext queue 4 messages clear start
TRACE StateContext queue 4 messages clear end
TRACE StateContext queue 4 complete
TRACE StateContext queue 5 000001EC7C3FBF00 start
TRACE StateContext queue 5 messages 0
TRACE StateContext queue 5 messages clear start
TRACE StateContext queue 5 messages clear end
TRACE StateContext queue 5 complete
TRACE StateContext queue 6 000001EC7C3FC020 start
TRACE StateContext queue 6 messages 0
TRACE StateContext queue 6 messages clear start
TRACE StateContext queue 6 messages clear end
TRACE StateContext queue 6 complete
TRACE StateContext queue 7 000001EC7C3FC140 start
TRACE StateContext queue 7 messages 0
TRACE StateContext queue 7 messages clear start
TRACE StateContext queue 7 messages clear end
TRACE StateContext queue 7 complete
TRACE StateContext queue 8 000001EC7C3FC260 start
TRACE StateContext queue 8 messages 0
TRACE StateContext queue 8 messages clear start
TRACE StateContext queue 8 messages clear end
TRACE StateContext queue 8 complete
TRACE StateContext queue 9 000001EC7C3FC380 start
TRACE StateContext queue 9 messages 0
TRACE StateContext queue 9 messages clear start
TRACE StateContext queue 9 messages clear end
TRACE StateContext queue 9 complete
TRACE StateContext queue 10 000001EC7C594F90 start
TRACE StateContext queue 10 messages 0
TRACE StateContext queue 10 messages clear start
TRACE StateContext queue 10 messages clear end
TRACE StateContext queue 10 complete
TRACE StateContext queue 11 000001EC7C5950B0 start
TRACE StateContext queue 11 messages 0
TRACE StateContext queue 11 messages clear start
TRACE StateContext queue 11 messages clear end
TRACE StateContext queue 11 complete
TRACE StateContext queue 12 000001EC7C5951D0 start
TRACE StateContext queue 12 messages 0
TRACE StateContext queue 12 messages clear start
TRACE StateContext queue 12 messages clear end
TRACE StateContext queue 12 complete
TRACE StateContext queue 13 000001EC7C5952F0 start
TRACE StateContext queue 13 messages 0
TRACE StateContext queue 13 messages clear start
TRACE StateContext queue 13 messages clear end
TRACE StateContext queue 13 complete
TRACE StateContext queue 14 000001EC7C595410 start
TRACE StateContext queue 14 messages 0
TRACE StateContext queue 14 messages clear start
TRACE StateContext queue 14 messages clear end
TRACE StateContext queue 14 complete
TRACE StateContext all queues drained
TRACE StateContext states snapshotted 1
TRACE StateContext states cleared
TRACE StateContext queues cleared
TRACE StateContext shared listener cleared
TRACE StateContext unload end 000001EC78623ED0
TRACE StateContext unload start 000001EC78623FA0 state 7
TRACE StateContext queues snapshotted 15
TRACE StateContext queue 0 000001EC7C595530 start
TRACE StateContext queue 0 messages 0
TRACE StateContext queue 0 messages clear start
TRACE StateContext queue 0 messages clear end
TRACE StateContext queue 0 complete
TRACE StateContext queue 1 000001EC7C595650 start
TRACE StateContext queue 1 messages 0
TRACE StateContext queue 1 messages clear start
TRACE StateContext queue 1 messages clear end
TRACE StateContext queue 1 complete
TRACE StateContext queue 2 000001EC7C595770 start
TRACE StateContext queue 2 messages 0
TRACE StateContext queue 2 messages clear start
TRACE StateContext queue 2 messages clear end
TRACE StateContext queue 2 complete
TRACE StateContext queue 3 000001EC7C595890 start
TRACE StateContext queue 3 messages 0
TRACE StateContext queue 3 messages clear start
TRACE StateContext queue 3 messages clear end
TRACE StateContext queue 3 complete
TRACE StateContext queue 4 000001EC7C5959B0 start
TRACE StateContext queue 4 messages 0
TRACE StateContext queue 4 messages clear start
TRACE StateContext queue 4 messages clear end
TRACE StateContext queue 4 complete
TRACE StateContext queue 5 000001EC7C595AD0 start
TRACE StateContext queue 5 messages 0
TRACE StateContext queue 5 messages clear start
TRACE StateContext queue 5 messages clear end
TRACE StateContext queue 5 complete
TRACE StateContext queue 6 000001EC7C595BF0 start
TRACE StateContext queue 6 messages 0
TRACE StateContext queue 6 messages clear start
TRACE StateContext queue 6 messages clear end
TRACE StateContext queue 6 complete
TRACE StateContext queue 7 000001EC7C595D10 start
TRACE StateContext queue 7 messages 0
TRACE StateContext queue 7 messages clear start
TRACE StateContext queue 7 messages clear end
TRACE StateContext queue 7 complete
TRACE StateContext queue 8 000001EC7C595E30 start
TRACE StateContext queue 8 messages 0
TRACE StateContext queue 8 messages clear start
TRACE StateContext queue 8 messages clear end
TRACE StateContext queue 8 complete
TRACE StateContext queue 9 000001EC7C595F50 start
TRACE StateContext queue 9 messages 0
TRACE StateContext queue 9 messages clear start
TRACE StateContext queue 9 messages clear end
TRACE StateContext queue 9 complete
TRACE StateContext queue 10 000001EC7C596070 start
TRACE StateContext queue 10 messages 0
TRACE StateContext queue 10 messages clear start
TRACE StateContext queue 10 messages clear end
TRACE StateContext queue 10 complete
TRACE StateContext queue 11 000001EC7C596190 start
TRACE StateContext queue 11 messages 0
TRACE StateContext queue 11 messages clear start
TRACE StateContext queue 11 messages clear end
TRACE StateContext queue 11 complete
TRACE StateContext queue 12 000001EC7C5962B0 start
TRACE StateContext queue 12 messages 0
TRACE StateContext queue 12 messages clear start
TRACE StateContext queue 12 messages clear end
TRACE StateContext queue 12 complete
TRACE StateContext queue 13 000001EC7C5963D0 start
TRACE StateContext queue 13 messages 0
TRACE StateContext queue 13 messages clear start
TRACE StateContext queue 13 messages clear end
TRACE StateContext queue 13 complete
TRACE StateContext queue 14 000001EC7C5964F0 start
TRACE StateContext queue 14 messages 0
TRACE StateContext queue 14 messages clear start
TRACE StateContext queue 14 messages clear end
TRACE StateContext queue 14 complete
TRACE StateContext all queues drained
TRACE StateContext states snapshotted 1
TRACE StateContext states cleared
TRACE StateContext queues cleared
TRACE StateContext shared listener cleared
TRACE StateContext unload end 000001EC78623FA0
TRACE StateContext unload start 000001EC78624070 state 7
TRACE StateContext queues snapshotted 15
TRACE StateContext queue 0 000001EC7C596610 start
TRACE StateContext queue 0 messages 0
TRACE StateContext queue 0 messages clear start
TRACE StateContext queue 0 messages clear end
TRACE StateContext queue 0 complete
TRACE StateContext queue 1 000001EC7C596730 start
TRACE StateContext queue 1 messages 0
TRACE StateContext queue 1 messages clear start
TRACE StateContext queue 1 messages clear end
TRACE StateContext queue 1 complete
TRACE StateContext queue 2 000001EC7C596850 start
TRACE StateContext queue 2 messages 0
TRACE StateContext queue 2 messages clear start
TRACE StateContext queue 2 messages clear end
TRACE StateContext queue 2 complete
TRACE StateContext queue 3 000001EC7C596970 start
TRACE StateContext queue 3 messages 0
TRACE StateContext queue 3 messages clear start
TRACE StateContext queue 3 messages clear end
TRACE StateContext queue 3 complete
TRACE StateContext queue 4 000001EC7C596A90 start
TRACE StateContext queue 4 messages 0
TRACE StateContext queue 4 messages clear start
TRACE StateContext queue 4 messages clear end
TRACE StateContext queue 4 complete
TRACE StateContext queue 5 000001EC7C596BB0 start
TRACE StateContext queue 5 messages 0
TRACE StateContext queue 5 messages clear start
TRACE StateContext queue 5 messages clear end
TRACE StateContext queue 5 complete
TRACE StateContext queue 6 000001EC7C596CD0 start
TRACE StateContext queue 6 messages 0
TRACE StateContext queue 6 messages clear start
TRACE StateContext queue 6 messages clear end
TRACE StateContext queue 6 complete
TRACE StateContext queue 7 000001EC7C596DF0 start
TRACE StateContext queue 7 messages 0
TRACE StateContext queue 7 messages clear start
TRACE StateContext queue 7 messages clear end
TRACE StateContext queue 7 complete
TRACE StateContext queue 8 000001EC7C596F10 start
TRACE StateContext queue 8 messages 0
TRACE StateContext queue 8 messages clear start
TRACE StateContext queue 8 messages clear end
TRACE StateContext queue 8 complete
TRACE StateContext queue 9 000001EC7C597030 start
TRACE StateContext queue 9 messages 0
TRACE StateContext queue 9 messages clear start
TRACE StateContext queue 9 messages clear end
TRACE StateContext queue 9 complete
TRACE StateContext queue 10 000001EC7C597150 start
TRACE StateContext queue 10 messages 0
TRACE StateContext queue 10 messages clear start
TRACE StateContext queue 10 messages clear end
TRACE StateContext queue 10 complete
TRACE StateContext queue 11 000001EC7C597270 start
TRACE StateContext queue 11 messages 0
TRACE StateContext queue 11 messages clear start
TRACE StateContext queue 11 messages clear end
TRACE StateContext queue 11 complete
TRACE StateContext queue 12 000001EC7344D0A0 start
TRACE StateContext queue 12 messages 0
TRACE StateContext queue 12 messages clear start
TRACE StateContext queue 12 messages clear end
TRACE StateContext queue 12 complete
TRACE StateContext queue 13 000001EC7344D1C0 start
TRACE StateContext queue 13 messages 0
TRACE StateContext queue 13 messages clear start
TRACE StateContext queue 13 messages clear end
TRACE StateContext queue 13 complete
TRACE StateContext queue 14 000001EC7344D2E0 start
TRACE StateContext queue 14 messages 0
TRACE StateContext queue 14 messages clear start
TRACE StateContext queue 14 messages clear end
TRACE StateContext queue 14 complete
TRACE StateContext all queues drained
TRACE StateContext states snapshotted 1
TRACE StateContext states cleared
TRACE StateContext queues cleared
TRACE StateContext shared listener cleared
TRACE StateContext unload end 000001EC78624070
TRACE StateContext unload start 000001EC78624140 state 7
TRACE StateContext queues snapshotted 15
TRACE StateContext queue 0 000001EC7344D400 start
TRACE StateContext queue 0 messages 0
TRACE StateContext queue 0 messages clear start
TRACE StateContext queue 0 messages clear end
TRACE StateContext queue 0 complete
TRACE StateContext queue 1 000001EC7344D520 start
TRACE StateContext queue 1 messages 0
TRACE StateContext queue 1 messages clear start
TRACE StateContext queue 1 messages clear end
TRACE StateContext queue 1 complete
TRACE StateContext queue 2 000001EC7344D640 start
TRACE StateContext queue 2 messages 0
TRACE StateContext queue 2 messages clear start
TRACE StateContext queue 2 messages clear end
TRACE StateContext queue 2 complete
TRACE StateContext queue 3 000001EC7344D760 start
TRACE StateContext queue 3 messages 0
TRACE StateContext queue 3 messages clear start
TRACE StateContext queue 3 messages clear end
TRACE StateContext queue 3 complete
TRACE StateContext queue 4 000001EC7344D880 start
TRACE StateContext queue 4 messages 0
TRACE StateContext queue 4 messages clear start
TRACE StateContext queue 4 messages clear end
TRACE StateContext queue 4 complete
TRACE StateContext queue 5 000001EC7344D9A0 start
TRACE StateContext queue 5 messages 0
TRACE StateContext queue 5 messages clear start
TRACE StateContext queue 5 messages clear end
TRACE StateContext queue 5 complete
TRACE StateContext queue 6 000001EC7344DAC0 start
TRACE StateContext queue 6 messages 0
TRACE StateContext queue 6 messages clear start
TRACE StateContext queue 6 messages clear end
TRACE StateContext queue 6 complete
TRACE StateContext queue 7 000001EC7344DBE0 start
TRACE StateContext queue 7 messages 0
TRACE StateContext queue 7 messages clear start
TRACE StateContext queue 7 messages clear end
TRACE StateContext queue 7 complete
TRACE StateContext queue 8 000001EC7344DD00 start
TRACE StateContext queue 8 messages 0
TRACE StateContext queue 8 messages clear start
TRACE StateContext queue 8 messages clear end
TRACE StateContext queue 8 complete
TRACE StateContext queue 9 000001EC7344DE20 start
TRACE StateContext queue 9 messages 0
TRACE StateContext queue 9 messages clear start
TRACE StateContext queue 9 messages clear end
TRACE StateContext queue 9 complete
TRACE StateContext queue 10 000001EC7344DF40 start
TRACE StateContext queue 10 messages 0
TRACE StateContext queue 10 messages clear start
TRACE StateContext queue 10 messages clear end
TRACE StateContext queue 10 complete
TRACE StateContext queue 11 000001EC7344E060 start
TRACE StateContext queue 11 messages 0
TRACE StateContext queue 11 messages clear start
TRACE StateContext queue 11 messages clear end
TRACE StateContext queue 11 complete
TRACE StateContext queue 12 000001EC7344E180 start
TRACE StateContext queue 12 messages 0
TRACE StateContext queue 12 messages clear start
TRACE StateContext queue 12 messages clear end
TRACE StateContext queue 12 complete
TRACE StateContext queue 13 000001EC7344E2A0 start
TRACE StateContext queue 13 messages 0
TRACE StateContext queue 13 messages clear start
TRACE StateContext queue 13 messages clear end
TRACE StateContext queue 13 complete
TRACE StateContext queue 14 000001EC7344E3C0 start
TRACE StateContext queue 14 messages 0
TRACE StateContext queue 14 messages clear start
TRACE StateContext queue 14 messages clear end
TRACE StateContext queue 14 complete
TRACE StateContext all queues drained
TRACE StateContext states snapshotted 1
TRACE StateContext states cleared
TRACE StateContext queues cleared
TRACE StateContext shared listener cleared
TRACE StateContext unload end 000001EC78624140
TRACE StateContext unload start 000001EC78624210 state 7
TRACE StateContext queues snapshotted 15
TRACE StateContext queue 0 000001EC7344E4E0 start
TRACE StateContext queue 0 messages 0
TRACE StateContext queue 0 messages clear start
TRACE StateContext queue 0 messages clear end
TRACE StateContext queue 0 complete
TRACE StateContext queue 1 000001EC7344E600 start
TRACE StateContext queue 1 messages 0
TRACE StateContext queue 1 messages clear start
TRACE StateContext queue 1 messages clear end
TRACE StateContext queue 1 complete
TRACE StateContext queue 2 000001EC7344E720 start
TRACE StateContext queue 2 messages 0
TRACE StateContext queue 2 messages clear start
TRACE StateContext queue 2 messages clear end
TRACE StateContext queue 2 complete
TRACE StateContext queue 3 000001EC7344E840 start
TRACE StateContext queue 3 messages 0
TRACE StateContext queue 3 messages clear start
TRACE StateContext queue 3 messages clear end
TRACE StateContext queue 3 complete
TRACE StateContext queue 4 000001EC7344E960 start
TRACE StateContext queue 4 messages 0
TRACE StateContext queue 4 messages clear start
TRACE StateContext queue 4 messages clear end
TRACE StateContext queue 4 complete
TRACE StateContext queue 5 000001EC7344EA80 start
TRACE StateContext queue 5 messages 0
TRACE StateContext queue 5 messages clear start
TRACE StateContext queue 5 messages clear end
TRACE StateContext queue 5 complete
TRACE StateContext queue 6 000001EC7344EBA0 start
TRACE StateContext queue 6 messages 0
TRACE StateContext queue 6 messages clear start
TRACE StateContext queue 6 messages clear end
TRACE StateContext queue 6 complete
TRACE StateContext queue 7 000001EC7344ECC0 start
TRACE StateContext queue 7 messages 0
TRACE StateContext queue 7 messages clear start
TRACE StateContext queue 7 messages clear end
TRACE StateContext queue 7 complete
TRACE StateContext queue 8 000001EC7344EDE0 start
TRACE StateContext queue 8 messages 0
TRACE StateContext queue 8 messages clear start
TRACE StateContext queue 8 messages clear end
TRACE StateContext queue 8 complete
TRACE StateContext queue 9 000001EC7344EF00 start
TRACE StateContext queue 9 messages 0
TRACE StateContext queue 9 messages clear start
TRACE StateContext queue 9 messages clear end
TRACE StateContext queue 9 complete
TRACE StateContext queue 10 000001EC7344F020 start
TRACE StateContext queue 10 messages 0
TRACE StateContext queue 10 messages clear start
TRACE StateContext queue 10 messages clear end
TRACE StateContext queue 10 complete
TRACE StateContext queue 11 000001EC7344F140 start
TRACE StateContext queue 11 messages 0
TRACE StateContext queue 11 messages clear start
TRACE StateContext queue 11 messages clear end
TRACE StateContext queue 11 complete
TRACE StateContext queue 12 000001EC7344F260 start
TRACE StateContext queue 12 messages 0
TRACE StateContext queue 12 messages clear start
TRACE StateContext queue 12 messages clear end
TRACE StateContext queue 12 complete
TRACE StateContext queue 13 000001EC7344F380 start
TRACE StateContext queue 13 messages 0
TRACE StateContext queue 13 messages clear start
TRACE StateContext queue 13 messages clear end
TRACE StateContext queue 13 complete
TRACE StateContext queue 14 000001EC7344F4B0 start
TRACE StateContext queue 14 messages 0
TRACE StateContext queue 14 messages clear start
TRACE StateContext queue 14 messages clear end
TRACE StateContext queue 14 complete
TRACE StateContext all queues drained
TRACE StateContext states snapshotted 1
TRACE StateContext states cleared
TRACE StateContext queues cleared
TRACE StateContext shared listener cleared
TRACE StateContext unload end 000001EC78624210
TRACE StateContext unload start 000001EC786242E0 state 7
TRACE StateContext queues snapshotted 15
TRACE StateContext queue 0 000001EC7344F5D0 start
TRACE StateContext queue 0 messages 0
TRACE StateContext queue 0 messages clear start
TRACE StateContext queue 0 messages clear end
TRACE StateContext queue 0 complete
TRACE StateContext queue 1 000001EC7344F6F0 start
TRACE StateContext queue 1 messages 0
TRACE StateContext queue 1 messages clear start
TRACE StateContext queue 1 messages clear end
TRACE StateContext queue 1 complete
TRACE StateContext queue 2 000001EC7344F810 start
TRACE StateContext queue 2 messages 0
TRACE StateContext queue 2 messages clear start
TRACE StateContext queue 2 messages clear end
TRACE StateContext queue 2 complete
TRACE StateContext queue 3 000001EC7344F930 start
TRACE StateContext queue 3 messages 0
TRACE StateContext queue 3 messages clear start
TRACE StateContext queue 3 messages clear end
TRACE StateContext queue 3 complete
TRACE StateContext queue 4 000001EC7344FA50 start
TRACE StateContext queue 4 messages 0
TRACE StateContext queue 4 messages clear start
TRACE StateContext queue 4 messages clear end
TRACE StateContext queue 4 complete
TRACE StateContext queue 5 000001EC7344FB70 start
TRACE StateContext queue 5 messages 0
TRACE StateContext queue 5 messages clear start
TRACE StateContext queue 5 messages clear end
TRACE StateContext queue 5 complete
TRACE StateContext queue 6 000001EC7344FC90 start
TRACE StateContext queue 6 messages 0
TRACE StateContext queue 6 messages clear start
TRACE StateContext queue 6 messages clear end
TRACE StateContext queue 6 complete
TRACE StateContext queue 7 000001EC7344FDB0 start
TRACE StateContext queue 7 messages 0
TRACE StateContext queue 7 messages clear start
TRACE StateContext queue 7 messages clear end
TRACE StateContext queue 7 complete
TRACE StateContext queue 8 000001EC7344FED0 start
TRACE StateContext queue 8 messages 0
TRACE StateContext queue 8 messages clear start
TRACE StateContext queue 8 messages clear end
TRACE StateContext queue 8 complete
TRACE StateContext queue 9 000001EC7344FFF0 start
TRACE StateContext queue 9 messages 0
TRACE StateContext queue 9 messages clear start
TRACE StateContext queue 9 messages clear end
TRACE StateContext queue 9 complete
TRACE StateContext queue 10 000001EC73450110 start
TRACE StateContext queue 10 messages 0
TRACE StateContext queue 10 messages clear start
TRACE StateContext queue 10 messages clear end
TRACE StateContext queue 10 complete
TRACE StateContext queue 11 000001EC73450230 start
TRACE StateContext queue 11 messages 0
TRACE StateContext queue 11 messages clear start
TRACE StateContext queue 11 messages clear end
TRACE StateContext queue 11 complete
TRACE StateContext queue 12 000001EC73450350 start
TRACE StateContext queue 12 messages 0
TRACE StateContext queue 12 messages clear start
TRACE StateContext queue 12 messages clear end
TRACE StateContext queue 12 complete
TRACE StateContext queue 13 000001EC73450470 start
TRACE StateContext queue 13 messages 0
TRACE StateContext queue 13 messages clear start
TRACE StateContext queue 13 messages clear end
TRACE StateContext queue 13 complete
TRACE StateContext queue 14 000001EC73450590 start
TRACE StateContext queue 14 messages 0
TRACE StateContext queue 14 messages clear start
TRACE StateContext queue 14 messages clear end
TRACE StateContext queue 14 complete
TRACE StateContext all queues drained
TRACE StateContext states snapshotted 1
TRACE StateContext states cleared
TRACE StateContext queues cleared
TRACE StateContext shared listener cleared
TRACE StateContext unload end 000001EC786242E0
TRACE StateContext unload start 000001EC786243B0 state 7
TRACE StateContext queues snapshotted 15
TRACE StateContext queue 0 000001EC734506B0 start
TRACE StateContext queue 0 messages 0
TRACE StateContext queue 0 messages clear start
TRACE StateContext queue 0 messages clear end
TRACE StateContext queue 0 complete
TRACE StateContext queue 1 000001EC734507D0 start
TRACE StateContext queue 1 messages 0
TRACE StateContext queue 1 messages clear start
TRACE StateContext queue 1 messages clear end
TRACE StateContext queue 1 complete
TRACE StateContext queue 2 000001EC734508F0 start
TRACE StateContext queue 2 messages 0
TRACE StateContext queue 2 messages clear start
TRACE StateContext queue 2 messages clear end
TRACE StateContext queue 2 complete
TRACE StateContext queue 3 000001EC73450A10 start
TRACE StateContext queue 3 messages 0
TRACE StateContext queue 3 messages clear start
TRACE StateContext queue 3 messages clear end
TRACE StateContext queue 3 complete
TRACE StateContext queue 4 000001EC73450B30 start
TRACE StateContext queue 4 messages 0
TRACE StateContext queue 4 messages clear start
TRACE StateContext queue 4 messages clear end
TRACE StateContext queue 4 complete
TRACE StateContext queue 5 000001EC73450C50 start
TRACE StateContext queue 5 messages 0
TRACE StateContext queue 5 messages clear start
TRACE StateContext queue 5 messages clear end
TRACE StateContext queue 5 complete
TRACE StateContext queue 6 000001EC73450D70 start
TRACE StateContext queue 6 messages 0
TRACE StateContext queue 6 messages clear start
TRACE StateContext queue 6 messages clear end
TRACE StateContext queue 6 complete
TRACE StateContext queue 7 000001EC73450E90 start
TRACE StateContext queue 7 messages 0
TRACE StateContext queue 7 messages clear start
TRACE StateContext queue 7 messages clear end
TRACE StateContext queue 7 complete
TRACE StateContext queue 8 000001EC73450FB0 start
TRACE StateContext queue 8 messages 0
TRACE StateContext queue 8 messages clear start
TRACE StateContext queue 8 messages clear end
TRACE StateContext queue 8 complete
TRACE StateContext queue 9 000001EC734510D0 start
TRACE StateContext queue 9 messages 0
TRACE StateContext queue 9 messages clear start
TRACE StateContext queue 9 messages clear end
TRACE StateContext queue 9 complete
TRACE StateContext queue 10 000001EC734511F0 start
TRACE StateContext queue 10 messages 0
TRACE StateContext queue 10 messages clear start
TRACE StateContext queue 10 messages clear end
TRACE StateContext queue 10 complete
TRACE StateContext queue 11 000001EC73451310 start
TRACE StateContext queue 11 messages 0
TRACE StateContext queue 11 messages clear start
TRACE StateContext queue 11 messages clear end
TRACE StateContext queue 11 complete
TRACE StateContext queue 12 000001EC73451430 start
TRACE StateContext queue 12 messages 0
TRACE StateContext queue 12 messages clear start
TRACE StateContext queue 12 messages clear end
TRACE StateContext queue 12 complete
TRACE StateContext queue 13 000001EC73451550 start
TRACE StateContext queue 13 messages 0
TRACE StateContext queue 13 messages clear start
TRACE StateContext queue 13 messages clear end
TRACE StateContext queue 13 complete
TRACE StateContext queue 14 000001EC73451670 start
TRACE StateContext queue 14 messages 0
TRACE StateContext queue 14 messages clear start
TRACE StateContext queue 14 messages clear end
TRACE StateContext queue 14 complete
TRACE StateContext all queues drained
TRACE StateContext states snapshotted 1
TRACE StateContext states cleared
TRACE StateContext queues cleared
TRACE StateContext shared listener cleared
TRACE StateContext unload end 000001EC786243B0
TRACE StateContext unload start 000001EC78624480 state 7
TRACE StateContext queues snapshotted 15
TRACE StateContext queue 0 000001EC73451790 start
TRACE StateContext queue 0 messages 0
TRACE StateContext queue 0 messages clear start
TRACE StateContext queue 0 messages clear end
TRACE StateContext queue 0 complete
TRACE StateContext queue 1 000001EC73452190 start
TRACE StateContext queue 1 messages 0
TRACE StateContext queue 1 messages clear start
TRACE StateContext queue 1 messages clear end
TRACE StateContext queue 1 complete
TRACE StateContext queue 2 000001EC734522B0 start
TRACE StateContext queue 2 messages 0
TRACE StateContext queue 2 messages clear start
TRACE StateContext queue 2 messages clear end
TRACE StateContext queue 2 complete
TRACE StateContext queue 3 000001EC734523D0 start
TRACE StateContext queue 3 messages 0
TRACE StateContext queue 3 messages clear start
TRACE StateContext queue 3 messages clear end
TRACE StateContext queue 3 complete
TRACE StateContext queue 4 000001EC734524F0 start
TRACE StateContext queue 4 messages 0
TRACE StateContext queue 4 messages clear start
TRACE StateContext queue 4 messages clear end
TRACE StateContext queue 4 complete
TRACE StateContext queue 5 000001EC73452610 start
TRACE StateContext queue 5 messages 0
TRACE StateContext queue 5 messages clear start
TRACE StateContext queue 5 messages clear end
TRACE StateContext queue 5 complete
TRACE StateContext queue 6 000001EC73452730 start
TRACE StateContext queue 6 messages 0
TRACE StateContext queue 6 messages clear start
TRACE StateContext queue 6 messages clear end
TRACE StateContext queue 6 complete
TRACE StateContext queue 7 000001EC73452850 start
TRACE StateContext queue 7 messages 0
TRACE StateContext queue 7 messages clear start
TRACE StateContext queue 7 messages clear end
TRACE StateContext queue 7 complete
TRACE StateContext queue 8 000001EC73452970 start
TRACE StateContext queue 8 messages 0
TRACE StateContext queue 8 messages clear start
TRACE StateContext queue 8 messages clear end
TRACE StateContext queue 8 complete
TRACE StateContext queue 9 000001EC73452A90 start
TRACE StateContext queue 9 messages 0
TRACE StateContext queue 9 messages clear start
TRACE StateContext queue 9 messages clear end
TRACE StateContext queue 9 complete
TRACE StateContext queue 10 000001EC73452BB0 start
TRACE StateContext queue 10 messages 0
TRACE StateContext queue 10 messages clear start
TRACE StateContext queue 10 messages clear end
TRACE StateContext queue 10 complete
TRACE StateContext queue 11 000001EC73452CD0 start
TRACE StateContext queue 11 messages 0
TRACE StateContext queue 11 messages clear start
TRACE StateContext queue 11 messages clear end
TRACE StateContext queue 11 complete
TRACE StateContext queue 12 000001EC73452DF0 start
TRACE StateContext queue 12 messages 0
TRACE StateContext queue 12 messages clear start
TRACE StateContext queue 12 messages clear end
TRACE StateContext queue 12 complete
TRACE StateContext queue 13 000001EC73452F10 start
TRACE StateContext queue 13 messages 0
TRACE StateContext queue 13 messages clear start
TRACE StateContext queue 13 messages clear end
TRACE StateContext queue 13 complete
TRACE StateContext queue 14 000001EC73453030 start
TRACE StateContext queue 14 messages 0
TRACE StateContext queue 14 messages clear start
TRACE StateContext queue 14 messages clear end
TRACE StateContext queue 14 complete
TRACE StateContext all queues drained
TRACE StateContext states snapshotted 1
TRACE StateContext states cleared
TRACE StateContext queues cleared
TRACE StateContext shared listener cleared
TRACE StateContext unload end 000001EC78624480
TRACE StateContext unload start 000001EC78624550 state 7
TRACE StateContext queues snapshotted 15
TRACE StateContext queue 0 000001EC73453150 start
TRACE StateContext queue 0 messages 0
TRACE StateContext queue 0 messages clear start
TRACE StateContext queue 0 messages clear end
TRACE StateContext queue 0 complete
TRACE StateContext queue 1 000001EC73453270 start
TRACE StateContext queue 1 messages 0
TRACE StateContext queue 1 messages clear start
TRACE StateContext queue 1 messages clear end
TRACE StateContext queue 1 complete
TRACE StateContext queue 2 000001EC73453390 start
TRACE StateContext queue 2 messages 0
TRACE StateContext queue 2 messages clear start
TRACE StateContext queue 2 messages clear end
TRACE StateContext queue 2 complete
TRACE StateContext queue 3 000001EC734534B0 start
TRACE StateContext queue 3 messages 0
TRACE StateContext queue 3 messages clear start
TRACE StateContext queue 3 messages clear end
TRACE StateContext queue 3 complete
TRACE StateContext queue 4 000001EC734535D0 start
TRACE StateContext queue 4 messages 0
TRACE StateContext queue 4 messages clear start
TRACE StateContext queue 4 messages clear end
TRACE StateContext queue 4 complete
TRACE StateContext queue 5 000001EC734536F0 start
TRACE StateContext queue 5 messages 0
TRACE StateContext queue 5 messages clear start
TRACE StateContext queue 5 messages clear end
TRACE StateContext queue 5 complete
TRACE StateContext queue 6 000001EC73453810 start
TRACE StateContext queue 6 messages 0
TRACE StateContext queue 6 messages clear start
TRACE StateContext queue 6 messages clear end
TRACE StateContext queue 6 complete
TRACE StateContext queue 7 000001EC73453930 start
TRACE StateContext queue 7 messages 0
TRACE StateContext queue 7 messages clear start
TRACE StateContext queue 7 messages clear end
TRACE StateContext queue 7 complete
TRACE StateContext queue 8 000001EC73453A50 start
TRACE StateContext queue 8 messages 0
TRACE StateContext queue 8 messages clear start
TRACE StateContext queue 8 messages clear end
TRACE StateContext queue 8 complete
TRACE StateContext queue 9 000001EC73453B70 start
TRACE StateContext queue 9 messages 0
TRACE StateContext queue 9 messages clear start
TRACE StateContext queue 9 messages clear end
TRACE StateContext queue 9 complete
TRACE StateContext queue 10 000001EC73453C90 start
TRACE StateContext queue 10 messages 0
TRACE StateContext queue 10 messages clear start
TRACE StateContext queue 10 messages clear end
TRACE StateContext queue 10 complete
TRACE StateContext queue 11 000001EC73453DB0 start
TRACE StateContext queue 11 messages 0
TRACE StateContext queue 11 messages clear start
TRACE StateContext queue 11 messages clear end
TRACE StateContext queue 11 complete
TRACE StateContext queue 12 000001EC73453ED0 start
TRACE StateContext queue 12 messages 0
TRACE StateContext queue 12 messages clear start
TRACE StateContext queue 12 messages clear end
TRACE StateContext queue 12 complete
TRACE StateContext queue 13 000001EC73453FF0 start
TRACE StateContext queue 13 messages 0
TRACE StateContext queue 13 messages clear start
TRACE StateContext queue 13 messages clear end
TRACE StateContext queue 13 complete
TRACE StateContext queue 14 000001EC73454110 start
TRACE StateContext queue 14 messages 0
TRACE StateContext queue 14 messages clear start
TRACE StateContext queue 14 messages clear end
TRACE StateContext queue 14 complete
TRACE StateContext all queues drained
TRACE StateContext states snapshotted 1
TRACE StateContext states cleared
TRACE StateContext queues cleared
TRACE StateContext shared listener cleared
TRACE StateContext unload end 000001EC78624550
TRACE StateContext unload start 000001EC78624620 state 7
TRACE StateContext queues snapshotted 15
TRACE StateContext queue 0 000001EC73454230 start
TRACE StateContext queue 0 messages 0
TRACE StateContext queue 0 messages clear start
TRACE StateContext queue 0 messages clear end
TRACE StateContext queue 0 complete
TRACE StateContext queue 1 000001EC73454350 start
TRACE StateContext queue 1 messages 0
TRACE StateContext queue 1 messages clear start
TRACE StateContext queue 1 messages clear end
TRACE StateContext queue 1 complete
TRACE StateContext queue 2 000001EC73454470 start
TRACE StateContext queue 2 messages 0
TRACE StateContext queue 2 messages clear start
TRACE StateContext queue 2 messages clear end
TRACE StateContext queue 2 complete
TRACE StateContext queue 3 000001EC735BAD30 start
TRACE StateContext queue 3 messages 0
TRACE StateContext queue 3 messages clear start
TRACE StateContext queue 3 messages clear end
TRACE StateContext queue 3 complete
TRACE StateContext queue 4 000001EC735BAE50 start
TRACE StateContext queue 4 messages 0
TRACE StateContext queue 4 messages clear start
TRACE StateContext queue 4 messages clear end
TRACE StateContext queue 4 complete
TRACE StateContext queue 5 000001EC735BAF70 start
TRACE StateContext queue 5 messages 0
TRACE StateContext queue 5 messages clear start
TRACE StateContext queue 5 messages clear end
TRACE StateContext queue 5 complete
TRACE StateContext queue 6 000001EC735BB090 start
TRACE StateContext queue 6 messages 0
TRACE StateContext queue 6 messages clear start
TRACE StateContext queue 6 messages clear end
TRACE StateContext queue 6 complete
TRACE StateContext queue 7 000001EC735BB1B0 start
TRACE StateContext queue 7 messages 0
TRACE StateContext queue 7 messages clear start
TRACE StateContext queue 7 messages clear end
TRACE StateContext queue 7 complete
TRACE StateContext queue 8 000001EC735BB2D0 start
TRACE StateContext queue 8 messages 0
TRACE StateContext queue 8 messages clear start
TRACE StateContext queue 8 messages clear end
TRACE StateContext queue 8 complete
TRACE StateContext queue 9 000001EC735BB3F0 start
TRACE StateContext queue 9 messages 0
TRACE StateContext queue 9 messages clear start
TRACE StateContext queue 9 messages clear end
TRACE StateContext queue 9 complete
TRACE StateContext queue 10 000001EC735BB510 start
TRACE StateContext queue 10 messages 0
TRACE StateContext queue 10 messages clear start
TRACE StateContext queue 10 messages clear end
TRACE StateContext queue 10 complete
TRACE StateContext queue 11 000001EC735BB630 start
TRACE StateContext queue 11 messages 0
TRACE StateContext queue 11 messages clear start
TRACE StateContext queue 11 messages clear end
TRACE StateContext queue 11 complete
TRACE StateContext queue 12 000001EC735BB750 start
TRACE StateContext queue 12 messages 0
TRACE StateContext queue 12 messages clear start
TRACE StateContext queue 12 messages clear end
TRACE StateContext queue 12 complete
TRACE StateContext queue 13 000001EC735BB870 start
TRACE StateContext queue 13 messages 0
TRACE StateContext queue 13 messages clear start
TRACE StateContext queue 13 messages clear end
TRACE StateContext queue 13 complete
TRACE StateContext queue 14 000001EC735BB990 start
TRACE StateContext queue 14 messages 0
TRACE StateContext queue 14 messages clear start
TRACE StateContext queue 14 messages clear end
TRACE StateContext queue 14 complete
TRACE StateContext all queues drained
TRACE StateContext states snapshotted 1
TRACE StateContext states cleared
TRACE StateContext queues cleared
TRACE StateContext shared listener cleared
TRACE StateContext unload end 000001EC78624620
TRACE StateContext unload start 000001EC786246F0 state 7
TRACE StateContext queues snapshotted 15
TRACE StateContext queue 0 000001EC735BBAB0 start
TRACE StateContext queue 0 messages 0
TRACE StateContext queue 0 messages clear start
TRACE StateContext queue 0 messages clear end
TRACE StateContext queue 0 complete
TRACE StateContext queue 1 000001EC735BBBD0 start
TRACE StateContext queue 1 messages 0
TRACE StateContext queue 1 messages clear start
TRACE StateContext queue 1 messages clear end
TRACE StateContext queue 1 complete
TRACE StateContext queue 2 000001EC735BBCF0 start
TRACE StateContext queue 2 messages 0
TRACE StateContext queue 2 messages clear start
TRACE StateContext queue 2 messages clear end
TRACE StateContext queue 2 complete
TRACE StateContext queue 3 000001EC735BBE10 start
TRACE StateContext queue 3 messages 0
TRACE StateContext queue 3 messages clear start
TRACE StateContext queue 3 messages clear end
TRACE StateContext queue 3 complete
TRACE StateContext queue 4 000001EC735BBF30 start
TRACE StateContext queue 4 messages 0
TRACE StateContext queue 4 messages clear start
TRACE StateContext queue 4 messages clear end
TRACE StateContext queue 4 complete
TRACE StateContext queue 5 000001EC735BC050 start
TRACE StateContext queue 5 messages 0
TRACE StateContext queue 5 messages clear start
TRACE StateContext queue 5 messages clear end
TRACE StateContext queue 5 complete
TRACE StateContext queue 6 000001EC735BC170 start
TRACE StateContext queue 6 messages 0
TRACE StateContext queue 6 messages clear start
TRACE StateContext queue 6 messages clear end
TRACE StateContext queue 6 complete
TRACE StateContext queue 7 000001EC735BC290 start
TRACE StateContext queue 7 messages 0
TRACE StateContext queue 7 messages clear start
TRACE StateContext queue 7 messages clear end
TRACE StateContext queue 7 complete
TRACE StateContext queue 8 000001EC735BC3B0 start
TRACE StateContext queue 8 messages 0
TRACE StateContext queue 8 messages clear start
TRACE StateContext queue 8 messages clear end
TRACE StateContext queue 8 complete
TRACE StateContext queue 9 000001EC735BC4D0 start
TRACE StateContext queue 9 messages 0
TRACE StateContext queue 9 messages clear start
TRACE StateContext queue 9 messages clear end
TRACE StateContext queue 9 complete
TRACE StateContext queue 10 000001EC735BC5F0 start
TRACE StateContext queue 10 messages 0
TRACE StateContext queue 10 messages clear start
TRACE StateContext queue 10 messages clear end
TRACE StateContext queue 10 complete
TRACE StateContext queue 11 000001EC735BC710 start
TRACE StateContext queue 11 messages 0
TRACE StateContext queue 11 messages clear start
TRACE StateContext queue 11 messages clear end
TRACE StateContext queue 11 complete
TRACE StateContext queue 12 000001EC735BC830 start
TRACE StateContext queue 12 messages 0
TRACE StateContext queue 12 messages clear start
TRACE StateContext queue 12 messages clear end
TRACE StateContext queue 12 complete
TRACE StateContext queue 13 000001EC735BC950 start
TRACE StateContext queue 13 messages 0
TRACE StateContext queue 13 messages clear start
TRACE StateContext queue 13 messages clear end
TRACE StateContext queue 13 complete
TRACE StateContext queue 14 000001EC735BCA70 start
TRACE StateContext queue 14 messages 0
TRACE StateContext queue 14 messages clear start
TRACE StateContext queue 14 messages clear end
TRACE StateContext queue 14 complete
TRACE StateContext all queues drained
TRACE StateContext states snapshotted 1
TRACE StateContext states cleared
TRACE StateContext queues cleared
TRACE StateContext shared listener cleared
TRACE StateContext unload end 000001EC786246F0
TRACE StateContext unload start 000001EC786247C0 state 7
TRACE StateContext queues snapshotted 15
TRACE StateContext queue 0 000001EC735BCB90 start
TRACE StateContext queue 0 messages 0
TRACE StateContext queue 0 messages clear start
TRACE StateContext queue 0 messages clear end
TRACE StateContext queue 0 complete
TRACE StateContext queue 1 000001EC735BCCB0 start
TRACE StateContext queue 1 messages 0
TRACE StateContext queue 1 messages clear start
TRACE StateContext queue 1 messages clear end
TRACE StateContext queue 1 complete
TRACE StateContext queue 2 000001EC735BCDD0 start
TRACE StateContext queue 2 messages 0
TRACE StateContext queue 2 messages clear start
TRACE StateContext queue 2 messages clear end
TRACE StateContext queue 2 complete
TRACE StateContext queue 3 000001EC735BCEF0 start
TRACE StateContext queue 3 messages 0
TRACE StateContext queue 3 messages clear start
TRACE StateContext queue 3 messages clear end
TRACE StateContext queue 3 complete
TRACE StateContext queue 4 000001EC735BD010 start
TRACE StateContext queue 4 messages 0
TRACE StateContext queue 4 messages clear start
TRACE StateContext queue 4 messages clear end
TRACE StateContext queue 4 complete
TRACE StateContext queue 5 000001EC735BEF20 start
TRACE StateContext queue 5 messages 0
TRACE StateContext queue 5 messages clear start
TRACE StateContext queue 5 messages clear end
TRACE StateContext queue 5 complete
TRACE StateContext queue 6 000001EC735BF040 start
TRACE StateContext queue 6 messages 0
TRACE StateContext queue 6 messages clear start
TRACE StateContext queue 6 messages clear end
TRACE StateContext queue 6 complete
TRACE StateContext queue 7 000001EC735BF160 start
TRACE StateContext queue 7 messages 0
TRACE StateContext queue 7 messages clear start
TRACE StateContext queue 7 messages clear end
TRACE StateContext queue 7 complete
TRACE StateContext queue 8 000001EC735BF280 start
TRACE StateContext queue 8 messages 0
TRACE StateContext queue 8 messages clear start
TRACE StateContext queue 8 messages clear end
TRACE StateContext queue 8 complete
TRACE StateContext queue 9 000001EC735BF3A0 start
TRACE StateContext queue 9 messages 0
TRACE StateContext queue 9 messages clear start
TRACE StateContext queue 9 messages clear end
TRACE StateContext queue 9 complete
TRACE StateContext queue 10 000001EC735BF4C0 start
TRACE StateContext queue 10 messages 0
TRACE StateContext queue 10 messages clear start
TRACE StateContext queue 10 messages clear end
TRACE StateContext queue 10 complete
TRACE StateContext queue 11 000001EC735BF5E0 start
TRACE StateContext queue 11 messages 0
TRACE StateContext queue 11 messages clear start
TRACE StateContext queue 11 messages clear end
TRACE StateContext queue 11 complete
TRACE StateContext queue 12 000001EC735BF700 start
TRACE StateContext queue 12 messages 0
TRACE StateContext queue 12 messages clear start
TRACE StateContext queue 12 messages clear end
TRACE StateContext queue 12 complete
TRACE StateContext queue 13 000001EC735BF820 start
TRACE StateContext queue 13 messages 0
TRACE StateContext queue 13 messages clear start
TRACE StateContext queue 13 messages clear end
TRACE StateContext queue 13 complete
TRACE StateContext queue 14 000001EC735BF940 start
TRACE StateContext queue 14 messages 0
TRACE StateContext queue 14 messages clear start
TRACE StateContext queue 14 messages clear end
TRACE StateContext queue 14 complete
TRACE StateContext all queues drained
TRACE StateContext states snapshotted 1
TRACE StateContext states cleared
TRACE StateContext queues cleared
TRACE StateContext shared listener cleared
TRACE StateContext unload end 000001EC786247C0
TRACE StateContext unload start 000001EC78624890 state 7
TRACE StateContext queues snapshotted 15
TRACE StateContext queue 0 000001EC735BFA60 start
TRACE StateContext queue 0 messages 0
TRACE StateContext queue 0 messages clear start
TRACE StateContext queue 0 messages clear end
TRACE StateContext queue 0 complete
TRACE StateContext queue 1 000001EC735BFB80 start
TRACE StateContext queue 1 messages 0
TRACE StateContext queue 1 messages clear start
TRACE StateContext queue 1 messages clear end
TRACE StateContext queue 1 complete
TRACE StateContext queue 2 000001EC735BFCA0 start
TRACE StateContext queue 2 messages 0
TRACE StateContext queue 2 messages clear start
TRACE StateContext queue 2 messages clear end
TRACE StateContext queue 2 complete
TRACE StateContext queue 3 000001EC735BFDC0 start
TRACE StateContext queue 3 messages 0
TRACE StateContext queue 3 messages clear start
TRACE StateContext queue 3 messages clear end
TRACE StateContext queue 3 complete
TRACE StateContext queue 4 000001EC735BFEE0 start
TRACE StateContext queue 4 messages 0
TRACE StateContext queue 4 messages clear start
TRACE StateContext queue 4 messages clear end
TRACE StateContext queue 4 complete
TRACE StateContext queue 5 000001EC735C0000 start
TRACE StateContext queue 5 messages 0
TRACE StateContext queue 5 messages clear start
TRACE StateContext queue 5 messages clear end
TRACE StateContext queue 5 complete
TRACE StateContext queue 6 000001EC735C0120 start
TRACE StateContext queue 6 messages 0
TRACE StateContext queue 6 messages clear start
TRACE StateContext queue 6 messages clear end
TRACE StateContext queue 6 complete
TRACE StateContext queue 7 000001EC735C0240 start
TRACE StateContext queue 7 messages 0
TRACE StateContext queue 7 messages clear start
TRACE StateContext queue 7 messages clear end
TRACE StateContext queue 7 complete
TRACE StateContext queue 8 000001EC735C0360 start
TRACE StateContext queue 8 messages 0
TRACE StateContext queue 8 messages clear start
TRACE StateContext queue 8 messages clear end
TRACE StateContext queue 8 complete
TRACE StateContext queue 9 000001EC735C0480 start
TRACE StateContext queue 9 messages 0
TRACE StateContext queue 9 messages clear start
TRACE StateContext queue 9 messages clear end
TRACE StateContext queue 9 complete
TRACE StateContext queue 10 000001EC735C05A0 start
TRACE StateContext queue 10 messages 0
TRACE StateContext queue 10 messages clear start
TRACE StateContext queue 10 messages clear end
TRACE StateContext queue 10 complete
TRACE StateContext queue 11 000001EC735C06C0 start
TRACE StateContext queue 11 messages 0
TRACE StateContext queue 11 messages clear start
TRACE StateContext queue 11 messages clear end
TRACE StateContext queue 11 complete
TRACE StateContext queue 12 000001EC735C07E0 start
TRACE StateContext queue 12 messages 0
TRACE StateContext queue 12 messages clear start
TRACE StateContext queue 12 messages clear end
TRACE StateContext queue 12 complete
TRACE StateContext queue 13 000001EC735C0900 start
TRACE StateContext queue 13 messages 0
TRACE StateContext queue 13 messages clear start
TRACE StateContext queue 13 messages clear end
TRACE StateContext queue 13 complete
TRACE StateContext queue 14 000001EC735C0A20 start
TRACE StateContext queue 14 messages 0
TRACE StateContext queue 14 messages clear start
TRACE StateContext queue 14 messages clear end
TRACE StateContext queue 14 complete
TRACE StateContext all queues drained
TRACE StateContext states snapshotted 1
TRACE StateContext states cleared
TRACE StateContext queues cleared
TRACE StateContext shared listener cleared
TRACE StateContext unload end 000001EC78624890
TRACE StateContext unload start 000001EC78624960 state 7
TRACE StateContext queues snapshotted 15
TRACE StateContext queue 0 000001EC735C0B40 start
TRACE StateContext queue 0 messages 0
TRACE StateContext queue 0 messages clear start
TRACE StateContext queue 0 messages clear end
TRACE StateContext queue 0 complete
TRACE StateContext queue 1 000001EC735C0C60 start
TRACE StateContext queue 1 messages 0
TRACE StateContext queue 1 messages clear start
TRACE StateContext queue 1 messages clear end
TRACE StateContext queue 1 complete
TRACE StateContext queue 2 000001EC735C0D80 start
TRACE StateContext queue 2 messages 0
TRACE StateContext queue 2 messages clear start
TRACE StateContext queue 2 messages clear end
TRACE StateContext queue 2 complete
TRACE StateContext queue 3 000001EC735C0EA0 start
TRACE StateContext queue 3 messages 0
TRACE StateContext queue 3 messages clear start
TRACE StateContext queue 3 messages clear end
TRACE StateContext queue 3 complete
TRACE StateContext queue 4 000001EC735C0FC0 start
TRACE StateContext queue 4 messages 0
TRACE StateContext queue 4 messages clear start
TRACE StateContext queue 4 messages clear end
TRACE StateContext queue 4 complete
TRACE StateContext queue 5 000001EC735C10E0 start
TRACE StateContext queue 5 messages 0
TRACE StateContext queue 5 messages clear start
TRACE StateContext queue 5 messages clear end
TRACE StateContext queue 5 complete
TRACE StateContext queue 6 000001EC735C1200 start
TRACE StateContext queue 6 messages 0
TRACE StateContext queue 6 messages clear start
TRACE StateContext queue 6 messages clear end
TRACE StateContext queue 6 complete
TRACE StateContext queue 7 000001EC735E5770 start
TRACE StateContext queue 7 messages 0
TRACE StateContext queue 7 messages clear start
TRACE StateContext queue 7 messages clear end
TRACE StateContext queue 7 complete
TRACE StateContext queue 8 000001EC735E5890 start
TRACE StateContext queue 8 messages 0
TRACE StateContext queue 8 messages clear start
TRACE StateContext queue 8 messages clear end
TRACE StateContext queue 8 complete
TRACE StateContext queue 9 000001EC735E59B0 start
TRACE StateContext queue 9 messages 0
TRACE StateContext queue 9 messages clear start
TRACE StateContext queue 9 messages clear end
TRACE StateContext queue 9 complete
TRACE StateContext queue 10 000001EC735E5AD0 start
TRACE StateContext queue 10 messages 0
TRACE StateContext queue 10 messages clear start
TRACE StateContext queue 10 messages clear end
TRACE StateContext queue 10 complete
TRACE StateContext queue 11 000001EC735E5BF0 start
TRACE StateContext queue 11 messages 0
TRACE StateContext queue 11 messages clear start
TRACE StateContext queue 11 messages clear end
TRACE StateContext queue 11 complete
TRACE StateContext queue 12 000001EC735E5D10 start
TRACE StateContext queue 12 messages 0
TRACE StateContext queue 12 messages clear start
TRACE StateContext queue 12 messages clear end
TRACE StateContext queue 12 complete
TRACE StateContext queue 13 000001EC735E5E30 start
TRACE StateContext queue 13 messages 0
TRACE StateContext queue 13 messages clear start
TRACE StateContext queue 13 messages clear end
TRACE StateContext queue 13 complete
TRACE StateContext queue 14 000001EC735E5F50 start
TRACE StateContext queue 14 messages 0
TRACE StateContext queue 14 messages clear start
TRACE StateContext queue 14 messages clear end
TRACE StateContext queue 14 complete
TRACE StateContext all queues drained
TRACE StateContext states snapshotted 1
TRACE StateContext states cleared
TRACE StateContext queues cleared
TRACE StateContext shared listener cleared
TRACE StateContext unload end 000001EC78624960
TRACE StateContext unload start 000001EC78624A30 state 7
TRACE StateContext queues snapshotted 15
TRACE StateContext queue 0 000001EC735E6070 start
TRACE StateContext queue 0 messages 0
TRACE StateContext queue 0 messages clear start
TRACE StateContext queue 0 messages clear end
TRACE StateContext queue 0 complete
TRACE StateContext queue 1 000001EC735E6190 start
TRACE StateContext queue 1 messages 0
TRACE StateContext queue 1 messages clear start
TRACE StateContext queue 1 messages clear end
TRACE StateContext queue 1 complete
TRACE StateContext queue 2 000001EC735E62B0 start
TRACE StateContext queue 2 messages 0
TRACE StateContext queue 2 messages clear start
TRACE StateContext queue 2 messages clear end
TRACE StateContext queue 2 complete
TRACE StateContext queue 3 000001EC735E63D0 start
TRACE StateContext queue 3 messages 0
TRACE StateContext queue 3 messages clear start
TRACE StateContext queue 3 messages clear end
TRACE StateContext queue 3 complete
TRACE StateContext queue 4 000001EC735E64F0 start
TRACE StateContext queue 4 messages 0
TRACE StateContext queue 4 messages clear start
TRACE StateContext queue 4 messages clear end
TRACE StateContext queue 4 complete
TRACE StateContext queue 5 000001EC735E6610 start
TRACE StateContext queue 5 messages 0
TRACE StateContext queue 5 messages clear start
TRACE StateContext queue 5 messages clear end
TRACE StateContext queue 5 complete
TRACE StateContext queue 6 000001EC735E6730 start
TRACE StateContext queue 6 messages 0
TRACE StateContext queue 6 messages clear start
TRACE StateContext queue 6 messages clear end
TRACE StateContext queue 6 complete
TRACE StateContext queue 7 000001EC735E6850 start
TRACE StateContext queue 7 messages 0
TRACE StateContext queue 7 messages clear start
TRACE StateContext queue 7 messages clear end
TRACE StateContext queue 7 complete
TRACE StateContext queue 8 000001EC735E6970 start
TRACE StateContext queue 8 messages 0
TRACE StateContext queue 8 messages clear start
TRACE StateContext queue 8 messages clear end
TRACE StateContext queue 8 complete
TRACE StateContext queue 9 000001EC735E6A90 start
TRACE StateContext queue 9 messages 0
TRACE StateContext queue 9 messages clear start
TRACE StateContext queue 9 messages clear end
TRACE StateContext queue 9 complete
TRACE StateContext queue 10 000001EC735E6BB0 start
TRACE StateContext queue 10 messages 0
TRACE StateContext queue 10 messages clear start
TRACE StateContext queue 10 messages clear end
TRACE StateContext queue 10 complete
TRACE StateContext queue 11 000001EC735E6CD0 start
TRACE StateContext queue 11 messages 0
TRACE StateContext queue 11 messages clear start
TRACE StateContext queue 11 messages clear end
TRACE StateContext queue 11 complete
TRACE StateContext queue 12 000001EC735E6DF0 start
TRACE StateContext queue 12 messages 0
TRACE StateContext queue 12 messages clear start
TRACE StateContext queue 12 messages clear end
TRACE StateContext queue 12 complete
TRACE StateContext queue 13 000001EC735E6F10 start
TRACE StateContext queue 13 messages 0
TRACE StateContext queue 13 messages clear start
TRACE StateContext queue 13 messages clear end
TRACE StateContext queue 13 complete
TRACE StateContext queue 14 000001EC735E7030 start
TRACE StateContext queue 14 messages 0
TRACE StateContext queue 14 messages clear start
TRACE StateContext queue 14 messages clear end
TRACE StateContext queue 14 complete
TRACE StateContext all queues drained
TRACE StateContext states snapshotted 1
TRACE StateContext states cleared
TRACE StateContext queues cleared
TRACE StateContext shared listener cleared
TRACE StateContext unload end 000001EC78624A30
TRACE StateContext unload start 000001EC78624B00 state 7
TRACE StateContext queues snapshotted 15
TRACE StateContext queue 0 000001EC735E7150 start
TRACE StateContext queue 0 messages 0
TRACE StateContext queue 0 messages clear start
TRACE StateContext queue 0 messages clear end
TRACE StateContext queue 0 complete
TRACE StateContext queue 1 000001EC735E7270 start
TRACE StateContext queue 1 messages 0
TRACE StateContext queue 1 messages clear start
TRACE StateContext queue 1 messages clear end
TRACE StateContext queue 1 complete
TRACE StateContext queue 2 000001EC735E7390 start
TRACE StateContext queue 2 messages 0
TRACE StateContext queue 2 messages clear start
TRACE StateContext queue 2 messages clear end
TRACE StateContext queue 2 complete
TRACE StateContext queue 3 000001EC735E74B0 start
TRACE StateContext queue 3 messages 0
TRACE StateContext queue 3 messages clear start
TRACE StateContext queue 3 messages clear end
TRACE StateContext queue 3 complete
TRACE StateContext queue 4 000001EC735E75D0 start
TRACE StateContext queue 4 messages 0
TRACE StateContext queue 4 messages clear start
TRACE StateContext queue 4 messages clear end
TRACE StateContext queue 4 complete
TRACE StateContext queue 5 000001EC735E76F0 start
TRACE StateContext queue 5 messages 0
TRACE StateContext queue 5 messages clear start
TRACE StateContext queue 5 messages clear end
TRACE StateContext queue 5 complete
TRACE StateContext queue 6 000001EC735E7810 start
TRACE StateContext queue 6 messages 0
TRACE StateContext queue 6 messages clear start
TRACE StateContext queue 6 messages clear end
TRACE StateContext queue 6 complete
TRACE StateContext queue 7 000001EC735E7930 start
TRACE StateContext queue 7 messages 0
TRACE StateContext queue 7 messages clear start
TRACE StateContext queue 7 messages clear end
TRACE StateContext queue 7 complete
TRACE StateContext queue 8 000001EC735E7A50 start
TRACE StateContext queue 8 messages 0
TRACE StateContext queue 8 messages clear start
TRACE StateContext queue 8 messages clear end
TRACE StateContext queue 8 complete
TRACE StateContext queue 9 000001EC735E81A0 start
TRACE StateContext queue 9 messages 0
TRACE StateContext queue 9 messages clear start
TRACE StateContext queue 9 messages clear end
TRACE StateContext queue 9 complete
TRACE StateContext queue 10 000001EC735E82C0 start
TRACE StateContext queue 10 messages 0
TRACE StateContext queue 10 messages clear start
TRACE StateContext queue 10 messages clear end
TRACE StateContext queue 10 complete
TRACE StateContext queue 11 000001EC735E83E0 start
TRACE StateContext queue 11 messages 0
TRACE StateContext queue 11 messages clear start
TRACE StateContext queue 11 messages clear end
TRACE StateContext queue 11 complete
TRACE StateContext queue 12 000001EC735E8500 start
TRACE StateContext queue 12 messages 0
TRACE StateContext queue 12 messages clear start
TRACE StateContext queue 12 messages clear end
TRACE StateContext queue 12 complete
TRACE StateContext queue 13 000001EC735E8620 start
TRACE StateContext queue 13 messages 0
TRACE StateContext queue 13 messages clear start
TRACE StateContext queue 13 messages clear end
TRACE StateContext queue 13 complete
TRACE StateContext queue 14 000001EC735E8740 start
TRACE StateContext queue 14 messages 0
TRACE StateContext queue 14 messages clear start
TRACE StateContext queue 14 messages clear end
TRACE StateContext queue 14 complete
TRACE StateContext all queues drained
TRACE StateContext states snapshotted 1
TRACE StateContext states cleared
TRACE StateContext queues cleared
TRACE StateContext shared listener cleared
TRACE StateContext unload end 000001EC78624B00
TRACE StateContext unload start 000001EC78624BD0 state 7
TRACE StateContext queues snapshotted 15
TRACE StateContext queue 0 000001EC735E8860 start
TRACE StateContext queue 0 messages 0
TRACE StateContext queue 0 messages clear start
TRACE StateContext queue 0 messages clear end
TRACE StateContext queue 0 complete
TRACE StateContext queue 1 000001EC735E8980 start
TRACE StateContext queue 1 messages 0
TRACE StateContext queue 1 messages clear start
TRACE StateContext queue 1 messages clear end
TRACE StateContext queue 1 complete
TRACE StateContext queue 2 000001EC735E8AA0 start
TRACE StateContext queue 2 messages 0
TRACE StateContext queue 2 messages clear start
TRACE StateContext queue 2 messages clear end
TRACE StateContext queue 2 complete
TRACE StateContext queue 3 000001EC735E8BC0 start
TRACE StateContext queue 3 messages 0
TRACE StateContext queue 3 messages clear start
TRACE StateContext queue 3 messages clear end
TRACE StateContext queue 3 complete
TRACE StateContext queue 4 000001EC735E8CE0 start
TRACE StateContext queue 4 messages 0
TRACE StateContext queue 4 messages clear start
TRACE StateContext queue 4 messages clear end
TRACE StateContext queue 4 complete
TRACE StateContext queue 5 000001EC735E8E00 start
TRACE StateContext queue 5 messages 0
TRACE StateContext queue 5 messages clear start
TRACE StateContext queue 5 messages clear end
TRACE StateContext queue 5 complete
TRACE StateContext queue 6 000001EC735E8F20 start
TRACE StateContext queue 6 messages 0
TRACE StateContext queue 6 messages clear start
TRACE StateContext queue 6 messages clear end
TRACE StateContext queue 6 complete
TRACE StateContext queue 7 000001EC735E9040 start
TRACE StateContext queue 7 messages 0
TRACE StateContext queue 7 messages clear start
TRACE StateContext queue 7 messages clear end
TRACE StateContext queue 7 complete
TRACE StateContext queue 8 000001EC735E9160 start
TRACE StateContext queue 8 messages 0
TRACE StateContext queue 8 messages clear start
TRACE StateContext queue 8 messages clear end
TRACE StateContext queue 8 complete
TRACE StateContext queue 9 000001EC735E9280 start
TRACE StateContext queue 9 messages 0
TRACE StateContext queue 9 messages clear start
TRACE StateContext queue 9 messages clear end
TRACE StateContext queue 9 complete
TRACE StateContext queue 10 000001EC735E93A0 start
TRACE StateContext queue 10 messages 0
TRACE StateContext queue 10 messages clear start
TRACE StateContext queue 10 messages clear end
TRACE StateContext queue 10 complete
TRACE StateContext queue 11 000001EC735E94C0 start
TRACE StateContext queue 11 messages 0
TRACE StateContext queue 11 messages clear start
TRACE StateContext queue 11 messages clear end
TRACE StateContext queue 11 complete
TRACE StateContext queue 12 000001EC735E95E0 start
TRACE StateContext queue 12 messages 0
TRACE StateContext queue 12 messages clear start
TRACE StateContext queue 12 messages clear end
TRACE StateContext queue 12 complete
TRACE StateContext queue 13 000001EC735E9700 start
TRACE StateContext queue 13 messages 0
TRACE StateContext queue 13 messages clear start
TRACE StateContext queue 13 messages clear end
TRACE StateContext queue 13 complete
TRACE StateContext queue 14 000001EC735E9820 start
TRACE StateContext queue 14 messages 0
TRACE StateContext queue 14 messages clear start
TRACE StateContext queue 14 messages clear end
TRACE StateContext queue 14 complete
TRACE StateContext all queues drained
TRACE StateContext states snapshotted 1
TRACE StateContext states cleared
TRACE StateContext queues cleared
TRACE StateContext shared listener cleared
TRACE StateContext unload end 000001EC78624BD0
TRACE StateContext unload start 000001EC78624CA0 state 7
TRACE StateContext queues snapshotted 15
TRACE StateContext queue 0 000001EC735E9940 start
TRACE StateContext queue 0 messages 0
TRACE StateContext queue 0 messages clear start
TRACE StateContext queue 0 messages clear end
TRACE StateContext queue 0 complete
TRACE StateContext queue 1 000001EC735E9A60 start
TRACE StateContext queue 1 messages 0
TRACE StateContext queue 1 messages clear start
TRACE StateContext queue 1 messages clear end
TRACE StateContext queue 1 complete
TRACE StateContext queue 2 000001EC735E9B80 start
TRACE StateContext queue 2 messages 0
TRACE StateContext queue 2 messages clear start
TRACE StateContext queue 2 messages clear end
TRACE StateContext queue 2 complete
TRACE StateContext queue 3 000001EC735E9CA0 start
TRACE StateContext queue 3 messages 0
TRACE StateContext queue 3 messages clear start
TRACE StateContext queue 3 messages clear end
TRACE StateContext queue 3 complete
TRACE StateContext queue 4 000001EC735E9DC0 start
TRACE StateContext queue 4 messages 0
TRACE StateContext queue 4 messages clear start
TRACE StateContext queue 4 messages clear end
TRACE StateContext queue 4 complete
TRACE StateContext queue 5 000001EC735E9EE0 start
TRACE StateContext queue 5 messages 0
TRACE StateContext queue 5 messages clear start
TRACE StateContext queue 5 messages clear end
TRACE StateContext queue 5 complete
TRACE StateContext queue 6 000001EC735EA000 start
TRACE StateContext queue 6 messages 0
TRACE StateContext queue 6 messages clear start
TRACE StateContext queue 6 messages clear end
TRACE StateContext queue 6 complete
TRACE StateContext queue 7 000001EC735EA120 start
TRACE StateContext queue 7 messages 0
TRACE StateContext queue 7 messages clear start
TRACE StateContext queue 7 messages clear end
TRACE StateContext queue 7 complete
TRACE StateContext queue 8 000001EC735EA240 start
TRACE StateContext queue 8 messages 0
TRACE StateContext queue 8 messages clear start
TRACE StateContext queue 8 messages clear end
TRACE StateContext queue 8 complete
TRACE StateContext queue 9 000001EC735EA360 start
TRACE StateContext queue 9 messages 0
TRACE StateContext queue 9 messages clear start
TRACE StateContext queue 9 messages clear end
TRACE StateContext queue 9 complete
TRACE StateContext queue 10 000001EC735EA480 start
TRACE StateContext queue 10 messages 0
TRACE StateContext queue 10 messages clear start
TRACE StateContext queue 10 messages clear end
TRACE StateContext queue 10 complete
TRACE StateContext queue 11 000001EC735F9760 start
TRACE StateContext queue 11 messages 0
TRACE StateContext queue 11 messages clear start
TRACE StateContext queue 11 messages clear end
TRACE StateContext queue 11 complete
TRACE StateContext queue 12 000001EC735F9880 start
TRACE StateContext queue 12 messages 0
TRACE StateContext queue 12 messages clear start
TRACE StateContext queue 12 messages clear end
TRACE StateContext queue 12 complete
TRACE StateContext queue 13 000001EC735F99A0 start
TRACE StateContext queue 13 messages 0
TRACE StateContext queue 13 messages clear start
TRACE StateContext queue 13 messages clear end
TRACE StateContext queue 13 complete
TRACE StateContext queue 14 000001EC735F9AC0 start
TRACE StateContext queue 14 messages 0
TRACE StateContext queue 14 messages clear start
TRACE StateContext queue 14 messages clear end
TRACE StateContext queue 14 complete
TRACE StateContext all queues drained
TRACE StateContext states snapshotted 1
TRACE StateContext states cleared
TRACE StateContext queues cleared
TRACE StateContext shared listener cleared
TRACE StateContext unload end 000001EC78624CA0
TRACE StateContext unload start 000001EC78624D70 state 7
TRACE StateContext queues snapshotted 15
TRACE StateContext queue 0 000001EC735F9BE0 start
TRACE StateContext queue 0 messages 0
TRACE StateContext queue 0 messages clear start
TRACE StateContext queue 0 messages clear end
TRACE StateContext queue 0 complete
TRACE StateContext queue 1 000001EC735F9D00 start
TRACE StateContext queue 1 messages 0
TRACE StateContext queue 1 messages clear start
TRACE StateContext queue 1 messages clear end
TRACE StateContext queue 1 complete
TRACE StateContext queue 2 000001EC735F9E20 start
TRACE StateContext queue 2 messages 0
TRACE StateContext queue 2 messages clear start
TRACE StateContext queue 2 messages clear end
TRACE StateContext queue 2 complete
TRACE StateContext queue 3 000001EC735F9F40 start
TRACE StateContext queue 3 messages 0
TRACE StateContext queue 3 messages clear start
TRACE StateContext queue 3 messages clear end
TRACE StateContext queue 3 complete
TRACE StateContext queue 4 000001EC735FA060 start
TRACE StateContext queue 4 messages 0
TRACE StateContext queue 4 messages clear start
TRACE StateContext queue 4 messages clear end
TRACE StateContext queue 4 complete
TRACE StateContext queue 5 000001EC735FA180 start
TRACE StateContext queue 5 messages 0
TRACE StateContext queue 5 messages clear start
TRACE StateContext queue 5 messages clear end
TRACE StateContext queue 5 complete
TRACE StateContext queue 6 000001EC735FA2A0 start
TRACE StateContext queue 6 messages 0
TRACE StateContext queue 6 messages clear start
TRACE StateContext queue 6 messages clear end
TRACE StateContext queue 6 complete
TRACE StateContext queue 7 000001EC735FA3C0 start
TRACE StateContext queue 7 messages 0
TRACE StateContext queue 7 messages clear start
TRACE StateContext queue 7 messages clear end
TRACE StateContext queue 7 complete
TRACE StateContext queue 8 000001EC735FA4E0 start
TRACE StateContext queue 8 messages 0
TRACE StateContext queue 8 messages clear start
TRACE StateContext queue 8 messages clear end
TRACE StateContext queue 8 complete
TRACE StateContext queue 9 000001EC735FA600 start
TRACE StateContext queue 9 messages 0
TRACE StateContext queue 9 messages clear start
TRACE StateContext queue 9 messages clear end
TRACE StateContext queue 9 complete
TRACE StateContext queue 10 000001EC735FA720 start
TRACE StateContext queue 10 messages 0
TRACE StateContext queue 10 messages clear start
TRACE StateContext queue 10 messages clear end
TRACE StateContext queue 10 complete
TRACE StateContext queue 11 000001EC735FA840 start
TRACE StateContext queue 11 messages 0
TRACE StateContext queue 11 messages clear start
TRACE StateContext queue 11 messages clear end
TRACE StateContext queue 11 complete
TRACE StateContext queue 12 000001EC735FA960 start
TRACE StateContext queue 12 messages 0
TRACE StateContext queue 12 messages clear start
TRACE StateContext queue 12 messages clear end
TRACE StateContext queue 12 complete
TRACE StateContext queue 13 000001EC735FAA80 start
TRACE StateContext queue 13 messages 0
TRACE StateContext queue 13 messages clear start
TRACE StateContext queue 13 messages clear end
TRACE StateContext queue 13 complete
TRACE StateContext queue 14 000001EC735FABA0 start
TRACE StateContext queue 14 messages 0
TRACE StateContext queue 14 messages clear start
TRACE StateContext queue 14 messages clear end
TRACE StateContext queue 14 complete
TRACE StateContext all queues drained
TRACE StateContext states snapshotted 1
TRACE StateContext states cleared
TRACE StateContext queues cleared
TRACE StateContext shared listener cleared
TRACE StateContext unload end 000001EC78624D70
TRACE StateContext unload start 000001EC78624E40 state 7
TRACE StateContext queues snapshotted 15
TRACE StateContext queue 0 000001EC735FACC0 start
TRACE StateContext queue 0 messages 0
TRACE StateContext queue 0 messages clear start
TRACE StateContext queue 0 messages clear end
TRACE StateContext queue 0 complete
TRACE StateContext queue 1 000001EC735FADE0 start
TRACE StateContext queue 1 messages 0
TRACE StateContext queue 1 messages clear start
TRACE StateContext queue 1 messages clear end
TRACE StateContext queue 1 complete
TRACE StateContext queue 2 000001EC735FAF00 start
TRACE StateContext queue 2 messages 0
TRACE StateContext queue 2 messages clear start
TRACE StateContext queue 2 messages clear end
TRACE StateContext queue 2 complete
TRACE StateContext queue 3 000001EC735FB020 start
TRACE StateContext queue 3 messages 0
TRACE StateContext queue 3 messages clear start
TRACE StateContext queue 3 messages clear end
TRACE StateContext queue 3 complete
TRACE StateContext queue 4 000001EC735FB140 start
TRACE StateContext queue 4 messages 0
TRACE StateContext queue 4 messages clear start
TRACE StateContext queue 4 messages clear end
TRACE StateContext queue 4 complete
TRACE StateContext queue 5 000001EC735FB260 start
TRACE StateContext queue 5 messages 0
TRACE StateContext queue 5 messages clear start
TRACE StateContext queue 5 messages clear end
TRACE StateContext queue 5 complete
TRACE StateContext queue 6 000001EC735FB380 start
TRACE StateContext queue 6 messages 0
TRACE StateContext queue 6 messages clear start
TRACE StateContext queue 6 messages clear end
TRACE StateContext queue 6 complete
TRACE StateContext queue 7 000001EC735FB4A0 start
TRACE StateContext queue 7 messages 0
TRACE StateContext queue 7 messages clear start
TRACE StateContext queue 7 messages clear end
TRACE StateContext queue 7 complete
TRACE StateContext queue 8 000001EC735FB5C0 start
TRACE StateContext queue 8 messages 0
TRACE StateContext queue 8 messages clear start
TRACE StateContext queue 8 messages clear end
TRACE StateContext queue 8 complete
TRACE StateContext queue 9 000001EC735FB6E0 start
TRACE StateContext queue 9 messages 0
TRACE StateContext queue 9 messages clear start
TRACE StateContext queue 9 messages clear end
TRACE StateContext queue 9 complete
TRACE StateContext queue 10 000001EC735FB800 start
TRACE StateContext queue 10 messages 0
TRACE StateContext queue 10 messages clear start
TRACE StateContext queue 10 messages clear end
TRACE StateContext queue 10 complete
TRACE StateContext queue 11 000001EC735FB920 start
TRACE StateContext queue 11 messages 0
TRACE StateContext queue 11 messages clear start
TRACE StateContext queue 11 messages clear end
TRACE StateContext queue 11 complete
TRACE StateContext queue 12 000001EC735FBA40 start
TRACE StateContext queue 12 messages 0
TRACE StateContext queue 12 messages clear start
TRACE StateContext queue 12 messages clear end
TRACE StateContext queue 12 complete
TRACE StateContext queue 13 000001EC73644C90 start
TRACE StateContext queue 13 messages 0
TRACE StateContext queue 13 messages clear start
TRACE StateContext queue 13 messages clear end
TRACE StateContext queue 13 complete
TRACE StateContext queue 14 000001EC73644DB0 start
TRACE StateContext queue 14 messages 0
TRACE StateContext queue 14 messages clear start
TRACE StateContext queue 14 messages clear end
TRACE StateContext queue 14 complete
TRACE StateContext all queues drained
TRACE StateContext states snapshotted 1
TRACE StateContext states cleared
TRACE StateContext queues cleared
TRACE StateContext shared listener cleared
TRACE StateContext unload end 000001EC78624E40
TRACE StateContext unload start 000001EC78624F10 state 7
TRACE StateContext queues snapshotted 15
TRACE StateContext queue 0 000001EC73644ED0 start
TRACE StateContext queue 0 messages 0
TRACE StateContext queue 0 messages clear start
TRACE StateContext queue 0 messages clear end
TRACE StateContext queue 0 complete
TRACE StateContext queue 1 000001EC73644FF0 start
TRACE StateContext queue 1 messages 0
TRACE StateContext queue 1 messages clear start
TRACE StateContext queue 1 messages clear end
TRACE StateContext queue 1 complete
TRACE StateContext queue 2 000001EC73645110 start
TRACE StateContext queue 2 messages 0
TRACE StateContext queue 2 messages clear start
TRACE StateContext queue 2 messages clear end
TRACE StateContext queue 2 complete
TRACE StateContext queue 3 000001EC73645230 start
TRACE StateContext queue 3 messages 0
TRACE StateContext queue 3 messages clear start
TRACE StateContext queue 3 messages clear end
TRACE StateContext queue 3 complete
TRACE StateContext queue 4 000001EC73645350 start
TRACE StateContext queue 4 messages 0
TRACE StateContext queue 4 messages clear start
TRACE StateContext queue 4 messages clear end
TRACE StateContext queue 4 complete
TRACE StateContext queue 5 000001EC73645470 start
TRACE StateContext queue 5 messages 0
TRACE StateContext queue 5 messages clear start
TRACE StateContext queue 5 messages clear end
TRACE StateContext queue 5 complete
TRACE StateContext queue 6 000001EC73645590 start
TRACE StateContext queue 6 messages 0
TRACE StateContext queue 6 messages clear start
TRACE StateContext queue 6 messages clear end
TRACE StateContext queue 6 complete
TRACE StateContext queue 7 000001EC736456B0 start
TRACE StateContext queue 7 messages 0
TRACE StateContext queue 7 messages clear start
TRACE StateContext queue 7 messages clear end
TRACE StateContext queue 7 complete
TRACE StateContext queue 8 000001EC736457D0 start
TRACE StateContext queue 8 messages 0
TRACE StateContext queue 8 messages clear start
TRACE StateContext queue 8 messages clear end
TRACE StateContext queue 8 complete
TRACE StateContext queue 9 000001EC736458F0 start
TRACE StateContext queue 9 messages 0
TRACE StateContext queue 9 messages clear start
TRACE StateContext queue 9 messages clear end
TRACE StateContext queue 9 complete
TRACE StateContext queue 10 000001EC73645A10 start
TRACE StateContext queue 10 messages 0
TRACE StateContext queue 10 messages clear start
TRACE StateContext queue 10 messages clear end
TRACE StateContext queue 10 complete
TRACE StateContext queue 11 000001EC73645B30 start
TRACE StateContext queue 11 messages 0
TRACE StateContext queue 11 messages clear start
TRACE StateContext queue 11 messages clear end
TRACE StateContext queue 11 complete
TRACE StateContext queue 12 000001EC73645C50 start
TRACE StateContext queue 12 messages 0
TRACE StateContext queue 12 messages clear start
TRACE StateContext queue 12 messages clear end
TRACE StateContext queue 12 complete
TRACE StateContext queue 13 000001EC73645D70 start
TRACE StateContext queue 13 messages 0
TRACE StateContext queue 13 messages clear start
TRACE StateContext queue 13 messages clear end
TRACE StateContext queue 13 complete
TRACE StateContext queue 14 000001EC73645E90 start
TRACE StateContext queue 14 messages 0
TRACE StateContext queue 14 messages clear start
TRACE StateContext queue 14 messages clear end
TRACE StateContext queue 14 complete
TRACE StateContext all queues drained
TRACE StateContext states snapshotted 1
TRACE StateContext states cleared
TRACE StateContext queues cleared
TRACE StateContext shared listener cleared
TRACE StateContext unload end 000001EC78624F10
TRACE StateContext unload start 000001EC78624FE0 state 7
TRACE StateContext queues snapshotted 15
TRACE StateContext queue 0 000001EC73645FB0 start
TRACE StateContext queue 0 messages 0
TRACE StateContext queue 0 messages clear start
TRACE StateContext queue 0 messages clear end
TRACE StateContext queue 0 complete
TRACE StateContext queue 1 000001EC736460D0 start
TRACE StateContext queue 1 messages 0
TRACE StateContext queue 1 messages clear start
TRACE StateContext queue 1 messages clear end
TRACE StateContext queue 1 complete
TRACE StateContext queue 2 000001EC736461F0 start
TRACE StateContext queue 2 messages 0
TRACE StateContext queue 2 messages clear start
TRACE StateContext queue 2 messages clear end
TRACE StateContext queue 2 complete
TRACE StateContext queue 3 000001EC73646310 start
TRACE StateContext queue 3 messages 0
TRACE StateContext queue 3 messages clear start
TRACE StateContext queue 3 messages clear end
TRACE StateContext queue 3 complete
TRACE StateContext queue 4 000001EC73646430 start
TRACE StateContext queue 4 messages 0
TRACE StateContext queue 4 messages clear start
TRACE StateContext queue 4 messages clear end
TRACE StateContext queue 4 complete
TRACE StateContext queue 5 000001EC73646550 start
TRACE StateContext queue 5 messages 0
TRACE StateContext queue 5 messages clear start
TRACE StateContext queue 5 messages clear end
TRACE StateContext queue 5 complete
TRACE StateContext queue 6 000001EC73646670 start
TRACE StateContext queue 6 messages 0
TRACE StateContext queue 6 messages clear start
TRACE StateContext queue 6 messages clear end
TRACE StateContext queue 6 complete
TRACE StateContext queue 7 000001EC73646790 start
TRACE StateContext queue 7 messages 0
TRACE StateContext queue 7 messages clear start
TRACE StateContext queue 7 messages clear end
TRACE StateContext queue 7 complete
TRACE StateContext queue 8 000001EC736468B0 start
TRACE StateContext queue 8 messages 0
TRACE StateContext queue 8 messages clear start
TRACE StateContext queue 8 messages clear end
TRACE StateContext queue 8 complete
TRACE StateContext queue 9 000001EC736469D0 start
TRACE StateContext queue 9 messages 0
TRACE StateContext queue 9 messages clear start
TRACE StateContext queue 9 messages clear end
TRACE StateContext queue 9 complete
TRACE StateContext queue 10 000001EC73646AF0 start
TRACE StateContext queue 10 messages 0
TRACE StateContext queue 10 messages clear start
TRACE StateContext queue 10 messages clear end
TRACE StateContext queue 10 complete
TRACE StateContext queue 11 000001EC73646C10 start
TRACE StateContext queue 11 messages 0
TRACE StateContext queue 11 messages clear start
TRACE StateContext queue 11 messages clear end
TRACE StateContext queue 11 complete
TRACE StateContext queue 12 000001EC73646D30 start
TRACE StateContext queue 12 messages 0
TRACE StateContext queue 12 messages clear start
TRACE StateContext queue 12 messages clear end
TRACE StateContext queue 12 complete
TRACE StateContext queue 13 000001EC73646E50 start
TRACE StateContext queue 13 messages 0
TRACE StateContext queue 13 messages clear start
TRACE StateContext queue 13 messages clear end
TRACE StateContext queue 13 complete
TRACE StateContext queue 14 000001EC73646F70 start
TRACE StateContext queue 14 messages 0
TRACE StateContext queue 14 messages clear start
TRACE StateContext queue 14 messages clear end
TRACE StateContext queue 14 complete
TRACE StateContext all queues drained
TRACE StateContext states snapshotted 1
TRACE StateContext states cleared
TRACE StateContext queues cleared
TRACE StateContext shared listener cleared
TRACE StateContext unload end 000001EC78624FE0
TRACE StateContext unload start 000001EC786250B0 state 7
TRACE StateContext queues snapshotted 15
TRACE StateContext queue 0 000001EC73642880 start
TRACE StateContext queue 0 messages 0
TRACE StateContext queue 0 messages clear start
TRACE StateContext queue 0 messages clear end
TRACE StateContext queue 0 complete
TRACE StateContext queue 1 000001EC736429A0 start
TRACE StateContext queue 1 messages 0
TRACE StateContext queue 1 messages clear start
TRACE StateContext queue 1 messages clear end
TRACE StateContext queue 1 complete
TRACE StateContext queue 2 000001EC73642AC0 start
TRACE StateContext queue 2 messages 0
TRACE StateContext queue 2 messages clear start
TRACE StateContext queue 2 messages clear end
TRACE StateContext queue 2 complete
TRACE StateContext queue 3 000001EC73642BE0 start
TRACE StateContext queue 3 messages 0
TRACE StateContext queue 3 messages clear start
TRACE StateContext queue 3 messages clear end
TRACE StateContext queue 3 complete
TRACE StateContext queue 4 000001EC73642D00 start
TRACE StateContext queue 4 messages 0
TRACE StateContext queue 4 messages clear start
TRACE StateContext queue 4 messages clear end
TRACE StateContext queue 4 complete
TRACE StateContext queue 5 000001EC73642E20 start
TRACE StateContext queue 5 messages 0
TRACE StateContext queue 5 messages clear start
TRACE StateContext queue 5 messages clear end
TRACE StateContext queue 5 complete
TRACE StateContext queue 6 000001EC73642F40 start
TRACE StateContext queue 6 messages 0
TRACE StateContext queue 6 messages clear start
TRACE StateContext queue 6 messages clear end
TRACE StateContext queue 6 complete
TRACE StateContext queue 7 000001EC73643060 start
TRACE StateContext queue 7 messages 0
TRACE StateContext queue 7 messages clear start
TRACE StateContext queue 7 messages clear end
TRACE StateContext queue 7 complete
TRACE StateContext queue 8 000001EC73643180 start
TRACE StateContext queue 8 messages 0
TRACE StateContext queue 8 messages clear start
TRACE StateContext queue 8 messages clear end
TRACE StateContext queue 8 complete
TRACE StateContext queue 9 000001EC736432A0 start
TRACE StateContext queue 9 messages 0
TRACE StateContext queue 9 messages clear start
TRACE StateContext queue 9 messages clear end
TRACE StateContext queue 9 complete
TRACE StateContext queue 10 000001EC736433C0 start
TRACE StateContext queue 10 messages 0
TRACE StateContext queue 10 messages clear start
TRACE StateContext queue 10 messages clear end
TRACE StateContext queue 10 complete
TRACE StateContext queue 11 000001EC736434E0 start
TRACE StateContext queue 11 messages 0
TRACE StateContext queue 11 messages clear start
TRACE StateContext queue 11 messages clear end
TRACE StateContext queue 11 complete
TRACE StateContext queue 12 000001EC73643600 start
TRACE StateContext queue 12 messages 0
TRACE StateContext queue 12 messages clear start
TRACE StateContext queue 12 messages clear end
TRACE StateContext queue 12 complete
TRACE StateContext queue 13 000001EC73643720 start
TRACE StateContext queue 13 messages 0
TRACE StateContext queue 13 messages clear start
TRACE StateContext queue 13 messages clear end
TRACE StateContext queue 13 complete
TRACE StateContext queue 14 000001EC73643840 start
TRACE StateContext queue 14 messages 0
TRACE StateContext queue 14 messages clear start
TRACE StateContext queue 14 messages clear end
TRACE StateContext queue 14 complete
TRACE StateContext all queues drained
TRACE StateContext states snapshotted 1
TRACE StateContext states cleared
TRACE StateContext queues cleared
TRACE StateContext shared listener cleared
TRACE StateContext unload end 000001EC786250B0
TRACE StateContext unload start 000001EC7A9E81B0 state 7
TRACE StateContext queues snapshotted 15
TRACE StateContext queue 0 000001EC73643960 start
TRACE StateContext queue 0 messages 0
TRACE StateContext queue 0 messages clear start
TRACE StateContext queue 0 messages clear end
TRACE StateContext queue 0 complete
TRACE StateContext queue 1 000001EC73643A80 start
TRACE StateContext queue 1 messages 0
TRACE StateContext queue 1 messages clear start
TRACE StateContext queue 1 messages clear end
TRACE StateContext queue 1 complete
TRACE StateContext queue 2 000001EC73643BA0 start
TRACE StateContext queue 2 messages 0
TRACE StateContext queue 2 messages clear start
TRACE StateContext queue 2 messages clear end
TRACE StateContext queue 2 complete
TRACE StateContext queue 3 000001EC73643CC0 start
TRACE StateContext queue 3 messages 0
TRACE StateContext queue 3 messages clear start
TRACE StateContext queue 3 messages clear end
TRACE StateContext queue 3 complete
TRACE StateContext queue 4 000001EC73643DE0 start
TRACE StateContext queue 4 messages 0
TRACE StateContext queue 4 messages clear start
TRACE StateContext queue 4 messages clear end
TRACE StateContext queue 4 complete
TRACE StateContext queue 5 000001EC73643F00 start
TRACE StateContext queue 5 messages 0
TRACE StateContext queue 5 messages clear start
TRACE StateContext queue 5 messages clear end
TRACE StateContext queue 5 complete
TRACE StateContext queue 6 000001EC73644020 start
TRACE StateContext queue 6 messages 0
TRACE StateContext queue 6 messages clear start
TRACE StateContext queue 6 messages clear end
TRACE StateContext queue 6 complete
TRACE StateContext queue 7 000001EC73644140 start
TRACE StateContext queue 7 messages 0
TRACE StateContext queue 7 messages clear start
TRACE StateContext queue 7 messages clear end
TRACE StateContext queue 7 complete
TRACE StateContext queue 8 000001EC73644260 start
TRACE StateContext queue 8 messages 0
TRACE StateContext queue 8 messages clear start
TRACE StateContext queue 8 messages clear end
TRACE StateContext queue 8 complete
TRACE StateContext queue 9 000001EC73644380 start
TRACE StateContext queue 9 messages 0
TRACE StateContext queue 9 messages clear start
TRACE StateContext queue 9 messages clear end
TRACE StateContext queue 9 complete
TRACE StateContext queue 10 000001EC736444A0 start
TRACE StateContext queue 10 messages 0
TRACE StateContext queue 10 messages clear start
TRACE StateContext queue 10 messages clear end
TRACE StateContext queue 10 complete
TRACE StateContext queue 11 000001EC736445C0 start
TRACE StateContext queue 11 messages 0
TRACE StateContext queue 11 messages clear start
TRACE StateContext queue 11 messages clear end
TRACE StateContext queue 11 complete
TRACE StateContext queue 12 000001EC736446E0 start
TRACE StateContext queue 12 messages 0
TRACE StateContext queue 12 messages clear start
TRACE StateContext queue 12 messages clear end
TRACE StateContext queue 12 complete
TRACE StateContext queue 13 000001EC73644800 start
TRACE StateContext queue 13 messages 0
TRACE StateContext queue 13 messages clear start
TRACE StateContext queue 13 messages clear end
TRACE StateContext queue 13 complete
TRACE StateContext queue 14 000001EC73644920 start
TRACE StateContext queue 14 messages 0
TRACE StateContext queue 14 messages clear start
TRACE StateContext queue 14 messages clear end
TRACE StateContext queue 14 complete
TRACE StateContext all queues drained
TRACE StateContext states snapshotted 1
TRACE StateContext states cleared
TRACE StateContext queues cleared
TRACE StateContext shared listener cleared
TRACE StateContext unload end 000001EC7A9E81B0
TRACE StateContext unload start 000001EC7A9E8280 state 7
TRACE StateContext queues snapshotted 15
TRACE StateContext queue 0 000001EC73644A40 start
TRACE StateContext queue 0 messages 0
TRACE StateContext queue 0 messages clear start
TRACE StateContext queue 0 messages clear end
TRACE StateContext queue 0 complete
TRACE StateContext queue 1 000001EC73644B60 start
TRACE StateContext queue 1 messages 0
TRACE StateContext queue 1 messages clear start
TRACE StateContext queue 1 messages clear end
TRACE StateContext queue 1 complete
TRACE StateContext queue 2 000001EC73640470 start
TRACE StateContext queue 2 messages 0
TRACE StateContext queue 2 messages clear start
TRACE StateContext queue 2 messages clear end
TRACE StateContext queue 2 complete
TRACE StateContext queue 3 000001EC73640590 start
TRACE StateContext queue 3 messages 0
TRACE StateContext queue 3 messages clear start
TRACE StateContext queue 3 messages clear end
TRACE StateContext queue 3 complete
TRACE StateContext queue 4 000001EC736406B0 start
TRACE StateContext queue 4 messages 0
TRACE StateContext queue 4 messages clear start
TRACE StateContext queue 4 messages clear end
TRACE StateContext queue 4 complete
TRACE StateContext queue 5 000001EC736407D0 start
TRACE StateContext queue 5 messages 0
TRACE StateContext queue 5 messages clear start
TRACE StateContext queue 5 messages clear end
TRACE StateContext queue 5 complete
TRACE StateContext queue 6 000001EC736408F0 start
TRACE StateContext queue 6 messages 0
TRACE StateContext queue 6 messages clear start
TRACE StateContext queue 6 messages clear end
TRACE StateContext queue 6 complete
TRACE StateContext queue 7 000001EC73640A10 start
TRACE StateContext queue 7 messages 0
TRACE StateContext queue 7 messages clear start
TRACE StateContext queue 7 messages clear end
TRACE StateContext queue 7 complete
TRACE StateContext queue 8 000001EC73640B30 start
TRACE StateContext queue 8 messages 0
TRACE StateContext queue 8 messages clear start
TRACE StateContext queue 8 messages clear end
TRACE StateContext queue 8 complete
TRACE StateContext queue 9 000001EC73640C50 start
TRACE StateContext queue 9 messages 0
TRACE StateContext queue 9 messages clear start
TRACE StateContext queue 9 messages clear end
TRACE StateContext queue 9 complete
TRACE StateContext queue 10 000001EC73640D70 start
TRACE StateContext queue 10 messages 0
TRACE StateContext queue 10 messages clear start
TRACE StateContext queue 10 messages clear end
TRACE StateContext queue 10 complete
TRACE StateContext queue 11 000001EC73640E90 start
TRACE StateContext queue 11 messages 0
TRACE StateContext queue 11 messages clear start
TRACE StateContext queue 11 messages clear end
TRACE StateContext queue 11 complete
TRACE StateContext queue 12 000001EC73640FB0 start
TRACE StateContext queue 12 messages 0
TRACE StateContext queue 12 messages clear start
TRACE StateContext queue 12 messages clear end
TRACE StateContext queue 12 complete
TRACE StateContext queue 13 000001EC736410D0 start
TRACE StateContext queue 13 messages 0
TRACE StateContext queue 13 messages clear start
TRACE StateContext queue 13 messages clear end
TRACE StateContext queue 13 complete
TRACE StateContext queue 14 000001EC736411F0 start
TRACE StateContext queue 14 messages 0
TRACE StateContext queue 14 messages clear start
TRACE StateContext queue 14 messages clear end
TRACE StateContext queue 14 complete
TRACE StateContext all queues drained
TRACE StateContext states snapshotted 1
TRACE StateContext states cleared
TRACE StateContext queues cleared
TRACE StateContext shared listener cleared
TRACE StateContext unload end 000001EC7A9E8280
TRACE StateContext unload start 000001EC7A9E8350 state 7
TRACE StateContext queues snapshotted 15
TRACE StateContext queue 0 000001EC73641310 start
TRACE StateContext queue 0 messages 0
TRACE StateContext queue 0 messages clear start
TRACE StateContext queue 0 messages clear end
TRACE StateContext queue 0 complete
TRACE StateContext queue 1 000001EC73641430 start
TRACE StateContext queue 1 messages 0
TRACE StateContext queue 1 messages clear start
TRACE StateContext queue 1 messages clear end
TRACE StateContext queue 1 complete
TRACE StateContext queue 2 000001EC73641550 start
TRACE StateContext queue 2 messages 0
TRACE StateContext queue 2 messages clear start
TRACE StateContext queue 2 messages clear end
TRACE StateContext queue 2 complete
TRACE StateContext queue 3 000001EC73641670 start
TRACE StateContext queue 3 messages 0
TRACE StateContext queue 3 messages clear start
TRACE StateContext queue 3 messages clear end
TRACE StateContext queue 3 complete
TRACE StateContext queue 4 000001EC73641790 start
TRACE StateContext queue 4 messages 0
TRACE StateContext queue 4 messages clear start
TRACE StateContext queue 4 messages clear end
TRACE StateContext queue 4 complete
TRACE StateContext queue 5 000001EC736418B0 start
TRACE StateContext queue 5 messages 0
TRACE StateContext queue 5 messages clear start
TRACE StateContext queue 5 messages clear end
TRACE StateContext queue 5 complete
TRACE StateContext queue 6 000001EC736419D0 start
TRACE StateContext queue 6 messages 0
TRACE StateContext queue 6 messages clear start
TRACE StateContext queue 6 messages clear end
TRACE StateContext queue 6 complete
TRACE StateContext queue 7 000001EC73641AF0 start
TRACE StateContext queue 7 messages 0
TRACE StateContext queue 7 messages clear start
TRACE StateContext queue 7 messages clear end
TRACE StateContext queue 7 complete
TRACE StateContext queue 8 000001EC73641C10 start
TRACE StateContext queue 8 messages 0
TRACE StateContext queue 8 messages clear start
TRACE StateContext queue 8 messages clear end
TRACE StateContext queue 8 complete
TRACE StateContext queue 9 000001EC73641D30 start
TRACE StateContext queue 9 messages 0
TRACE StateContext queue 9 messages clear start
TRACE StateContext queue 9 messages clear end
TRACE StateContext queue 9 complete
TRACE StateContext queue 10 000001EC73641E50 start
TRACE StateContext queue 10 messages 0
TRACE StateContext queue 10 messages clear start
TRACE StateContext queue 10 messages clear end
TRACE StateContext queue 10 complete
TRACE StateContext queue 11 000001EC73641F70 start
TRACE StateContext queue 11 messages 0
TRACE StateContext queue 11 messages clear start
TRACE StateContext queue 11 messages clear end
TRACE StateContext queue 11 complete
TRACE StateContext queue 12 000001EC73642090 start
TRACE StateContext queue 12 messages 0
TRACE StateContext queue 12 messages clear start
TRACE StateContext queue 12 messages clear end
TRACE StateContext queue 12 complete
TRACE StateContext queue 13 000001EC736421B0 start
TRACE StateContext queue 13 messages 0
TRACE StateContext queue 13 messages clear start
TRACE StateContext queue 13 messages clear end
TRACE StateContext queue 13 complete
TRACE StateContext queue 14 000001EC736422D0 start
TRACE StateContext queue 14 messages 0
TRACE StateContext queue 14 messages clear start
TRACE StateContext queue 14 messages clear end
TRACE StateContext queue 14 complete
TRACE StateContext all queues drained
TRACE StateContext states snapshotted 1
TRACE StateContext states cleared
TRACE StateContext queues cleared
TRACE StateContext shared listener cleared
TRACE StateContext unload end 000001EC7A9E8350
TRACE StateContext unload start 000001EC7A9E8420 state 7
TRACE StateContext queues snapshotted 15
TRACE StateContext queue 0 000001EC736423F0 start
TRACE StateContext queue 0 messages 0
TRACE StateContext queue 0 messages clear start
TRACE StateContext queue 0 messages clear end
TRACE StateContext queue 0 complete
TRACE StateContext queue 1 000001EC73642510 start
TRACE StateContext queue 1 messages 0
TRACE StateContext queue 1 messages clear start
TRACE StateContext queue 1 messages clear end
TRACE StateContext queue 1 complete
TRACE StateContext queue 2 000001EC73642630 start
TRACE StateContext queue 2 messages 0
TRACE StateContext queue 2 messages clear start
TRACE StateContext queue 2 messages clear end
TRACE StateContext queue 2 complete
TRACE StateContext queue 3 000001EC73642750 start
TRACE StateContext queue 3 messages 0
TRACE StateContext queue 3 messages clear start
TRACE StateContext queue 3 messages clear end
TRACE StateContext queue 3 complete
TRACE StateContext queue 4 000001EC7363E060 start
TRACE StateContext queue 4 messages 0
TRACE StateContext queue 4 messages clear start
TRACE StateContext queue 4 messages clear end
TRACE StateContext queue 4 complete
TRACE StateContext queue 5 000001EC7363E180 start
TRACE StateContext queue 5 messages 0
TRACE StateContext queue 5 messages clear start
TRACE StateContext queue 5 messages clear end
TRACE StateContext queue 5 complete
TRACE StateContext queue 6 000001EC7363E2A0 start
TRACE StateContext queue 6 messages 0
TRACE StateContext queue 6 messages clear start
TRACE StateContext queue 6 messages clear end
TRACE StateContext queue 6 complete
TRACE StateContext queue 7 000001EC7363E3C0 start
TRACE StateContext queue 7 messages 0
TRACE StateContext queue 7 messages clear start
TRACE StateContext queue 7 messages clear end
TRACE StateContext queue 7 complete
TRACE StateContext queue 8 000001EC7363E4E0 start
TRACE StateContext queue 8 messages 0
TRACE StateContext queue 8 messages clear start
TRACE StateContext queue 8 messages clear end
TRACE StateContext queue 8 complete
TRACE StateContext queue 9 000001EC7363E600 start
TRACE StateContext queue 9 messages 0
TRACE StateContext queue 9 messages clear start
TRACE StateContext queue 9 messages clear end
TRACE StateContext queue 9 complete
TRACE StateContext queue 10 000001EC7363E720 start
TRACE StateContext queue 10 messages 0
TRACE StateContext queue 10 messages clear start
TRACE StateContext queue 10 messages clear end
TRACE StateContext queue 10 complete
TRACE StateContext queue 11 000001EC7363E840 start
TRACE StateContext queue 11 messages 0
TRACE StateContext queue 11 messages clear start
TRACE StateContext queue 11 messages clear end
TRACE StateContext queue 11 complete
TRACE StateContext queue 12 000001EC7363E960 start
TRACE StateContext queue 12 messages 0
TRACE StateContext queue 12 messages clear start
TRACE StateContext queue 12 messages clear end
TRACE StateContext queue 12 complete
TRACE StateContext queue 13 000001EC7363EA80 start
TRACE StateContext queue 13 messages 0
TRACE StateContext queue 13 messages clear start
TRACE StateContext queue 13 messages clear end
TRACE StateContext queue 13 complete
TRACE StateContext queue 14 000001EC7363EBA0 start
TRACE StateContext queue 14 messages 0
TRACE StateContext queue 14 messages clear start
TRACE StateContext queue 14 messages clear end
TRACE StateContext queue 14 complete
TRACE StateContext all queues drained
TRACE StateContext states snapshotted 1
TRACE StateContext states cleared
TRACE StateContext queues cleared
TRACE StateContext shared listener cleared
TRACE StateContext unload end 000001EC7A9E8420
TRACE StateContext unload start 000001EC7A9E84F0 state 7
TRACE StateContext queues snapshotted 15
TRACE StateContext queue 0 000001EC7363ECC0 start
TRACE StateContext queue 0 messages 0
TRACE StateContext queue 0 messages clear start
TRACE StateContext queue 0 messages clear end
TRACE StateContext queue 0 complete
TRACE StateContext queue 1 000001EC7363EDE0 start
TRACE StateContext queue 1 messages 0
TRACE StateContext queue 1 messages clear start
TRACE StateContext queue 1 messages clear end
TRACE StateContext queue 1 complete
TRACE StateContext queue 2 000001EC7363EF00 start
TRACE StateContext queue 2 messages 0
TRACE StateContext queue 2 messages clear start
TRACE StateContext queue 2 messages clear end
TRACE StateContext queue 2 complete
TRACE StateContext queue 3 000001EC7363F020 start
TRACE StateContext queue 3 messages 0
TRACE StateContext queue 3 messages clear start
TRACE StateContext queue 3 messages clear end
TRACE StateContext queue 3 complete
TRACE StateContext queue 4 000001EC7363F140 start
TRACE StateContext queue 4 messages 0
TRACE StateContext queue 4 messages clear start
TRACE StateContext queue 4 messages clear end
TRACE StateContext queue 4 complete
TRACE StateContext queue 5 000001EC7363F260 start
TRACE StateContext queue 5 messages 0
TRACE StateContext queue 5 messages clear start
TRACE StateContext queue 5 messages clear end
TRACE StateContext queue 5 complete
TRACE StateContext queue 6 000001EC7363F380 start
TRACE StateContext queue 6 messages 0
TRACE StateContext queue 6 messages clear start
TRACE StateContext queue 6 messages clear end
TRACE StateContext queue 6 complete
TRACE StateContext queue 7 000001EC7363F4A0 start
TRACE StateContext queue 7 messages 0
TRACE StateContext queue 7 messages clear start
TRACE StateContext queue 7 messages clear end
TRACE StateContext queue 7 complete
TRACE StateContext queue 8 000001EC7363F5C0 start
TRACE StateContext queue 8 messages 0
TRACE StateContext queue 8 messages clear start
TRACE StateContext queue 8 messages clear end
TRACE StateContext queue 8 complete
TRACE StateContext queue 9 000001EC7363F6E0 start
TRACE StateContext queue 9 messages 0
TRACE StateContext queue 9 messages clear start
TRACE StateContext queue 9 messages clear end
TRACE StateContext queue 9 complete
TRACE StateContext queue 10 000001EC7363F800 start
TRACE StateContext queue 10 messages 0
TRACE StateContext queue 10 messages clear start
TRACE StateContext queue 10 messages clear end
TRACE StateContext queue 10 complete
TRACE StateContext queue 11 000001EC7363F920 start
TRACE StateContext queue 11 messages 0
TRACE StateContext queue 11 messages clear start
TRACE StateContext queue 11 messages clear end
TRACE StateContext queue 11 complete
TRACE StateContext queue 12 000001EC7363FA40 start
TRACE StateContext queue 12 messages 0
TRACE StateContext queue 12 messages clear start
TRACE StateContext queue 12 messages clear end
TRACE StateContext queue 12 complete
TRACE StateContext queue 13 000001EC7363FB60 start
TRACE StateContext queue 13 messages 0
TRACE StateContext queue 13 messages clear start
TRACE StateContext queue 13 messages clear end
TRACE StateContext queue 13 complete
TRACE StateContext queue 14 000001EC7363FC80 start
TRACE StateContext queue 14 messages 0
TRACE StateContext queue 14 messages clear start
TRACE StateContext queue 14 messages clear end
TRACE StateContext queue 14 complete
TRACE StateContext all queues drained
TRACE StateContext states snapshotted 1
TRACE StateContext states cleared
TRACE StateContext queues cleared
TRACE StateContext shared listener cleared
TRACE StateContext unload end 000001EC7A9E84F0
TRACE StateContext unload start 000001EC7A9E85C0 state 7
TRACE StateContext queues snapshotted 15
TRACE StateContext queue 0 000001EC7363FDA0 start
TRACE StateContext queue 0 messages 0
TRACE StateContext queue 0 messages clear start
TRACE StateContext queue 0 messages clear end
TRACE StateContext queue 0 complete
TRACE StateContext queue 1 000001EC7363FEC0 start
TRACE StateContext queue 1 messages 0
TRACE StateContext queue 1 messages clear start
TRACE StateContext queue 1 messages clear end
TRACE StateContext queue 1 complete
TRACE StateContext queue 2 000001EC7363FFE0 start
TRACE StateContext queue 2 messages 0
TRACE StateContext queue 2 messages clear start
TRACE StateContext queue 2 messages clear end
TRACE StateContext queue 2 complete
TRACE StateContext queue 3 000001EC73640100 start
TRACE StateContext queue 3 messages 0
TRACE StateContext queue 3 messages clear start
TRACE StateContext queue 3 messages clear end
TRACE StateContext queue 3 complete
TRACE StateContext queue 4 000001EC73640220 start
TRACE StateContext queue 4 messages 0
TRACE StateContext queue 4 messages clear start
TRACE StateContext queue 4 messages clear end
TRACE StateContext queue 4 complete
TRACE StateContext queue 5 000001EC73640340 start
TRACE StateContext queue 5 messages 0
TRACE StateContext queue 5 messages clear start
TRACE StateContext queue 5 messages clear end
TRACE StateContext queue 5 complete
TRACE StateContext queue 6 000001EC7364DCD0 start
TRACE StateContext queue 6 messages 0
TRACE StateContext queue 6 messages clear start
TRACE StateContext queue 6 messages clear end
TRACE StateContext queue 6 complete
TRACE StateContext queue 7 000001EC7364DDF0 start
TRACE StateContext queue 7 messages 0
TRACE StateContext queue 7 messages clear start
TRACE StateContext queue 7 messages clear end
TRACE StateContext queue 7 complete
TRACE StateContext queue 8 000001EC7364DF10 start
TRACE StateContext queue 8 messages 0
TRACE StateContext queue 8 messages clear start
TRACE StateContext queue 8 messages clear end
TRACE StateContext queue 8 complete
TRACE StateContext queue 9 000001EC7364E030 start
TRACE StateContext queue 9 messages 0
TRACE StateContext queue 9 messages clear start
TRACE StateContext queue 9 messages clear end
TRACE StateContext queue 9 complete
TRACE StateContext queue 10 000001EC7364E150 start
TRACE StateContext queue 10 messages 0
TRACE StateContext queue 10 messages clear start
TRACE StateContext queue 10 messages clear end
TRACE StateContext queue 10 complete
TRACE StateContext queue 11 000001EC7364E270 start
TRACE StateContext queue 11 messages 0
TRACE StateContext queue 11 messages clear start
TRACE StateContext queue 11 messages clear end
TRACE StateContext queue 11 complete
TRACE StateContext queue 12 000001EC7364E390 start
TRACE StateContext queue 12 messages 0
TRACE StateContext queue 12 messages clear start
TRACE StateContext queue 12 messages clear end
TRACE StateContext queue 12 complete
TRACE StateContext queue 13 000001EC7364E4B0 start
TRACE StateContext queue 13 messages 0
TRACE StateContext queue 13 messages clear start
TRACE StateContext queue 13 messages clear end
TRACE StateContext queue 13 complete
TRACE StateContext queue 14 000001EC7364E5D0 start
TRACE StateContext queue 14 messages 0
TRACE StateContext queue 14 messages clear start
TRACE StateContext queue 14 messages clear end
TRACE StateContext queue 14 complete
TRACE StateContext all queues drained
TRACE StateContext states snapshotted 1
TRACE StateContext states cleared
TRACE StateContext queues cleared
TRACE StateContext shared listener cleared
TRACE StateContext unload end 000001EC7A9E85C0
TRACE StateContext unload start 000001EC7A9E8690 state 7
TRACE StateContext queues snapshotted 15
TRACE StateContext queue 0 000001EC7364E6F0 start
TRACE StateContext queue 0 messages 0
TRACE StateContext queue 0 messages clear start
TRACE StateContext queue 0 messages clear end
TRACE StateContext queue 0 complete
TRACE StateContext queue 1 000001EC7364E810 start
TRACE StateContext queue 1 messages 0
TRACE StateContext queue 1 messages clear start
TRACE StateContext queue 1 messages clear end
TRACE StateContext queue 1 complete
TRACE StateContext queue 2 000001EC7364E930 start
TRACE StateContext queue 2 messages 0
TRACE StateContext queue 2 messages clear start
TRACE StateContext queue 2 messages clear end
TRACE StateContext queue 2 complete
TRACE StateContext queue 3 000001EC7364EA50 start
TRACE StateContext queue 3 messages 0
TRACE StateContext queue 3 messages clear start
TRACE StateContext queue 3 messages clear end
TRACE StateContext queue 3 complete
TRACE StateContext queue 4 000001EC7364EB70 start
TRACE StateContext queue 4 messages 0
TRACE StateContext queue 4 messages clear start
TRACE StateContext queue 4 messages clear end
TRACE StateContext queue 4 complete
TRACE StateContext queue 5 000001EC7364EC90 start
TRACE StateContext queue 5 messages 0
TRACE StateContext queue 5 messages clear start
TRACE StateContext queue 5 messages clear end
TRACE StateContext queue 5 complete
TRACE StateContext queue 6 000001EC7364EDB0 start
TRACE StateContext queue 6 messages 0
TRACE StateContext queue 6 messages clear start
TRACE StateContext queue 6 messages clear end
TRACE StateContext queue 6 complete
TRACE StateContext queue 7 000001EC7364EED0 start
TRACE StateContext queue 7 messages 0
TRACE StateContext queue 7 messages clear start
TRACE StateContext queue 7 messages clear end
TRACE StateContext queue 7 complete
TRACE StateContext queue 8 000001EC7364EFF0 start
TRACE StateContext queue 8 messages 0
TRACE StateContext queue 8 messages clear start
TRACE StateContext queue 8 messages clear end
TRACE StateContext queue 8 complete
TRACE StateContext queue 9 000001EC7364F110 start
TRACE StateContext queue 9 messages 0
TRACE StateContext queue 9 messages clear start
TRACE StateContext queue 9 messages clear end
TRACE StateContext queue 9 complete
TRACE StateContext queue 10 000001EC7364F230 start
TRACE StateContext queue 10 messages 0
TRACE StateContext queue 10 messages clear start
TRACE StateContext queue 10 messages clear end
TRACE StateContext queue 10 complete
TRACE StateContext queue 11 000001EC7364F350 start
TRACE StateContext queue 11 messages 0
TRACE StateContext queue 11 messages clear start
TRACE StateContext queue 11 messages clear end
TRACE StateContext queue 11 complete
TRACE StateContext queue 12 000001EC7364F470 start
TRACE StateContext queue 12 messages 0
TRACE StateContext queue 12 messages clear start
TRACE StateContext queue 12 messages clear end
TRACE StateContext queue 12 complete
TRACE StateContext queue 13 000001EC7364F590 start
TRACE StateContext queue 13 messages 0
TRACE StateContext queue 13 messages clear start
TRACE StateContext queue 13 messages clear end
TRACE StateContext queue 13 complete
TRACE StateContext queue 14 000001EC7364F6B0 start
TRACE StateContext queue 14 messages 0
TRACE StateContext queue 14 messages clear start
TRACE StateContext queue 14 messages clear end
TRACE StateContext queue 14 complete
TRACE StateContext all queues drained
TRACE StateContext states snapshotted 1
TRACE StateContext states cleared
TRACE StateContext queues cleared
TRACE StateContext shared listener cleared
TRACE StateContext unload end 000001EC7A9E8690
TRACE StateContext unload start 000001EC7A9E8760 state 7
TRACE StateContext queues snapshotted 15
TRACE StateContext queue 0 000001EC7364F7D0 start
TRACE StateContext queue 0 messages 0
TRACE StateContext queue 0 messages clear start
TRACE StateContext queue 0 messages clear end
TRACE StateContext queue 0 complete
TRACE StateContext queue 1 000001EC7364F8F0 start
TRACE StateContext queue 1 messages 0
TRACE StateContext queue 1 messages clear start
TRACE StateContext queue 1 messages clear end
TRACE StateContext queue 1 complete
TRACE StateContext queue 2 000001EC7364FA10 start
TRACE StateContext queue 2 messages 0
TRACE StateContext queue 2 messages clear start
TRACE StateContext queue 2 messages clear end
TRACE StateContext queue 2 complete
TRACE StateContext queue 3 000001EC7364FB30 start
TRACE StateContext queue 3 messages 0
TRACE StateContext queue 3 messages clear start
TRACE StateContext queue 3 messages clear end
TRACE StateContext queue 3 complete
TRACE StateContext queue 4 000001EC7364FC50 start
TRACE StateContext queue 4 messages 0
TRACE StateContext queue 4 messages clear start
TRACE StateContext queue 4 messages clear end
TRACE StateContext queue 4 complete
TRACE StateContext queue 5 000001EC7364FD70 start
TRACE StateContext queue 5 messages 0
TRACE StateContext queue 5 messages clear start
TRACE StateContext queue 5 messages clear end
TRACE StateContext queue 5 complete
TRACE StateContext queue 6 000001EC7364FE90 start
TRACE StateContext queue 6 messages 0
TRACE StateContext queue 6 messages clear start
TRACE StateContext queue 6 messages clear end
TRACE StateContext queue 6 complete
TRACE StateContext queue 7 000001EC7364FFB0 start
TRACE StateContext queue 7 messages 0
TRACE StateContext queue 7 messages clear start
TRACE StateContext queue 7 messages clear end
TRACE StateContext queue 7 complete
TRACE StateContext queue 8 000001EC736524F0 start
TRACE StateContext queue 8 messages 0
TRACE StateContext queue 8 messages clear start
TRACE StateContext queue 8 messages clear end
TRACE StateContext queue 8 complete
TRACE StateContext queue 9 000001EC73652610 start
TRACE StateContext queue 9 messages 0
TRACE StateContext queue 9 messages clear start
TRACE StateContext queue 9 messages clear end
TRACE StateContext queue 9 complete
TRACE StateContext queue 10 000001EC73652730 start
TRACE StateContext queue 10 messages 0
TRACE StateContext queue 10 messages clear start
TRACE StateContext queue 10 messages clear end
TRACE StateContext queue 10 complete
TRACE StateContext queue 11 000001EC73652850 start
TRACE StateContext queue 11 messages 0
TRACE StateContext queue 11 messages clear start
TRACE StateContext queue 11 messages clear end
TRACE StateContext queue 11 complete
TRACE StateContext queue 12 000001EC73652970 start
TRACE StateContext queue 12 messages 0
TRACE StateContext queue 12 messages clear start
TRACE StateContext queue 12 messages clear end
TRACE StateContext queue 12 complete
TRACE StateContext queue 13 000001EC73652A90 start
TRACE StateContext queue 13 messages 0
TRACE StateContext queue 13 messages clear start
TRACE StateContext queue 13 messages clear end
TRACE StateContext queue 13 complete
TRACE StateContext queue 14 000001EC73652BB0 start
TRACE StateContext queue 14 messages 0
TRACE StateContext queue 14 messages clear start
TRACE StateContext queue 14 messages clear end
TRACE StateContext queue 14 complete
TRACE StateContext all queues drained
TRACE StateContext states snapshotted 1
TRACE StateContext states cleared
TRACE StateContext queues cleared
TRACE StateContext shared listener cleared
TRACE StateContext unload end 000001EC7A9E8760
TRACE StateContext unload start 000001EC7A9E8830 state 7
TRACE StateContext queues snapshotted 15
TRACE StateContext queue 0 000001EC73652CD0 start
TRACE StateContext queue 0 messages 0
TRACE StateContext queue 0 messages clear start
TRACE StateContext queue 0 messages clear end
TRACE StateContext queue 0 complete
TRACE StateContext queue 1 000001EC73652DF0 start
TRACE StateContext queue 1 messages 0
TRACE StateContext queue 1 messages clear start
TRACE StateContext queue 1 messages clear end
TRACE StateContext queue 1 complete
TRACE StateContext queue 2 000001EC73652F10 start
TRACE StateContext queue 2 messages 0
TRACE StateContext queue 2 messages clear start
TRACE StateContext queue 2 messages clear end
TRACE StateContext queue 2 complete
TRACE StateContext queue 3 000001EC73653030 start
TRACE StateContext queue 3 messages 0
TRACE StateContext queue 3 messages clear start
TRACE StateContext queue 3 messages clear end
TRACE StateContext queue 3 complete
TRACE StateContext queue 4 000001EC73653150 start
TRACE StateContext queue 4 messages 0
TRACE StateContext queue 4 messages clear start
TRACE StateContext queue 4 messages clear end
TRACE StateContext queue 4 complete
TRACE StateContext queue 5 000001EC73653270 start
TRACE StateContext queue 5 messages 0
TRACE StateContext queue 5 messages clear start
TRACE StateContext queue 5 messages clear end
TRACE StateContext queue 5 complete
TRACE StateContext queue 6 000001EC73653390 start
TRACE StateContext queue 6 messages 0
TRACE StateContext queue 6 messages clear start
TRACE StateContext queue 6 messages clear end
TRACE StateContext queue 6 complete
TRACE StateContext queue 7 000001EC736534B0 start
TRACE StateContext queue 7 messages 0
TRACE StateContext queue 7 messages clear start
TRACE StateContext queue 7 messages clear end
TRACE StateContext queue 7 complete
TRACE StateContext queue 8 000001EC736535D0 start
TRACE StateContext queue 8 messages 0
TRACE StateContext queue 8 messages clear start
TRACE StateContext queue 8 messages clear end
TRACE StateContext queue 8 complete
TRACE StateContext queue 9 000001EC736536F0 start
TRACE StateContext queue 9 messages 0
TRACE StateContext queue 9 messages clear start
TRACE StateContext queue 9 messages clear end
TRACE StateContext queue 9 complete
TRACE StateContext queue 10 000001EC73653810 start
TRACE StateContext queue 10 messages 0
TRACE StateContext queue 10 messages clear start
TRACE StateContext queue 10 messages clear end
TRACE StateContext queue 10 complete
TRACE StateContext queue 11 000001EC73653930 start
TRACE StateContext queue 11 messages 0
TRACE StateContext queue 11 messages clear start
TRACE StateContext queue 11 messages clear end
TRACE StateContext queue 11 complete
TRACE StateContext queue 12 000001EC73653A50 start
TRACE StateContext queue 12 messages 0
TRACE StateContext queue 12 messages clear start
TRACE StateContext queue 12 messages clear end
TRACE StateContext queue 12 complete
TRACE StateContext queue 13 000001EC73653B70 start
TRACE StateContext queue 13 messages 0
TRACE StateContext queue 13 messages clear start
TRACE StateContext queue 13 messages clear end
TRACE StateContext queue 13 complete
TRACE StateContext queue 14 000001EC73653C90 start
TRACE StateContext queue 14 messages 0
TRACE StateContext queue 14 messages clear start
TRACE StateContext queue 14 messages clear end
TRACE StateContext queue 14 complete
TRACE StateContext all queues drained
TRACE StateContext states snapshotted 1
TRACE StateContext states cleared
TRACE StateContext queues cleared
TRACE StateContext shared listener cleared
TRACE StateContext unload end 000001EC7A9E8830
TRACE StateContext unload start 000001EC78623ED0 state 5
TRACE StateContext unload start 000001EC78623AC0 state 5
TRACE StateContext unload start 000001EC78623E00 state 5
TRACE StateContext unload start 000001EC78623FA0 state 5
TRACE StateContext unload start 000001EC78624070 state 5
TRACE StateContext unload start 000001EC78624140 state 5
TRACE StateContext unload start 000001EC78624210 state 5
TRACE StateContext unload start 000001EC786242E0 state 5
TRACE StateContext unload start 000001EC786243B0 state 5
TRACE StateContext unload start 000001EC78624480 state 5
TRACE StateContext unload start 000001EC78624550 state 5
TRACE StateContext unload start 000001EC78624620 state 5
TRACE StateContext unload start 000001EC786246F0 state 5
TRACE StateContext unload start 000001EC786247C0 state 5
TRACE StateContext unload start 000001EC78624890 state 5
TRACE StateContext unload start 000001EC78624960 state 5
TRACE StateContext unload start 000001EC78624A30 state 5
TRACE StateContext unload start 000001EC78624B00 state 5
TRACE StateContext unload start 000001EC78624BD0 state 5
TRACE StateContext unload start 000001EC78624CA0 state 5
TRACE StateContext unload start 000001EC78624D70 state 5
TRACE StateContext unload start 000001EC78624E40 state 5
TRACE StateContext unload start 000001EC78624F10 state 5
TRACE StateContext unload start 000001EC78624FE0 state 5
TRACE StateContext unload start 000001EC786250B0 state 5
TRACE StateContext unload start 000001EC7A9E81B0 state 5
TRACE StateContext unload start 000001EC7A9E8280 state 5
TRACE StateContext unload start 000001EC7A9E8350 state 5
TRACE StateContext unload start 000001EC7A9E8420 state 5
TRACE StateContext unload start 000001EC7A9E84F0 state 5
TRACE StateContext unload start 000001EC7A9E85C0 state 5
TRACE StateContext unload start 000001EC7A9E8690 state 5
TRACE StateContext unload start 000001EC7A9E8760 state 5
TRACE StateContext unload start 000001EC7A9E8830 state 5
TRACE ApplicationManager plugins unloaded
TRACE ApplicationManager managers unloaded
TRACE ApplicationManager unload end
