Fsm manager created.
DLL version matches the host executable version. DLL version: 0.10.0 Host version: 0.10.0
DLL version matches the host executable version. DLL version: 0.10.0 Host version: 0.10.0
DLL version matches the host executable version. DLL version: 0.10.0 Host version: 0.10.0
DLL version matches the host executable version. DLL version: 0.10.0 Host version: 0.10.0
DLL version matches the host executable version. DLL version: 0.10.0 Host version: 0.10.0
DLL version matches the host executable version. DLL version: 0.10.0 Host version: 0.10.0
DLL version matches the host executable version. DLL version: 0.10.0 Host version: 0.10.0
Unable to load library: WPOISInput.dll
DLL version mismatch. Recompile required. DLL version: 0.0.0 Host version: 0.10.0
DLL version matches the host executable version. DLL version: 0.10.0 Host version: 0.10.0
Pool memory allocated.
FileSystem created.
SoundManager created.
ScriptManager created.
Create scene manager.
WPGraphics: initialization started; requested API=Automatic
WPGraphics: native graphics system and frame callback ready.
WPGraphics: scene, pipeline, window, material, texture, shader and UI factories registered.
WPGraphics: texture manager loaded.
WPGraphics: font, material and overlay manager loading requested.
WPGraphics: UI plugin loaded; ImGui manager loading requested.
WPGraphics: initialization completed in 27 ms; renderer configuration follows.
WPGraphics: configuration started; requested API=Automatic, create window=yes
WPGraphics: creating window 'DefaultWindow', 1280x720, fullscreen=no
WPGraphics/Window: loading 'DefaultWindow' at 1280x720
WPGraphics/Window: 'DefaultWindow' initialized.
WPGraphics: window 'DefaultWindow' ready; active API=Automatic
WPGraphics: creating DirectX 11 renderer.
WPGraphics/DX11: initializing renderer at 1280x720; native window=available
WPGraphics/DX11: renderer ready; shaders, depth testing and initial viewport configured.
WPGraphics: renderer loaded; active API=DirectX 11
WPGraphics: resource group manager loaded.
GraphicsPipeline: Constructor called
WPGraphics/Pipeline: initializing CPU post-processing at 1280x720; quality=2
GraphicsPipeline: Initialized.
WPGraphics/Pipeline: ready; TAA=1, AO=1, SSR=0, bloom=1, exposure=1, DOF=0, motion blur=0, contact shadows=1, CSM=1
Loading Debug
WPGraphics: configuration completed in 440 ms; active API=DirectX 11; CPU pipeline applies to the software main window.
GraphicsSystem created.
Resources loaded.
SceneManager(s) created.
Cameras created.
Viewports created.
Mesh loader created.
Create input system.
UI created.
RenderUI created.
Renderpipeline created.
Physics created.
RenderWindow created.
Finished creating base components.
Asset catalog requires an open parameterized database backend.
Loaded: ../../../../../Media/Scripts/Lua/AI/CreateGameEvaluator.lua
Loaded: ../../../../../Media/Scripts/Lua/AI/CreateSceneGoal.lua
Loaded: ../../../../../Media/Scripts/Lua/AI/Goal.lua
Loaded: ../../../../../Media/Scripts/Lua/AI/PromptProcessor.lua
Loaded: ../../../../../Media/Scripts/Lua/Editor/AboutDialog.lua
Loaded: BaseEditor.lua
Loaded: ../../../../../Media/Scripts/Lua/Editor/AnimationEditor.lua
Loaded: ../../../../../Media/Scripts/Lua/Editor/BaseEditor.lua
Loaded: ../../../../../Media/Scripts/Lua/Editor/Editor.lua
Loaded: ../../../../../Media/Scripts/Lua/Editor/EditorUI.lua
Loaded: ../../../../../Media/Scripts/Lua/Editor/GameTemplateDefinition.lua
Loaded: ../../../../../Media/Scripts/Lua/Editor/GameTemplateGeneratorEditor.lua
Loaded: ../../../../../Media/Scripts/Lua/Editor/InputManager.lua
Loaded: ../../../../../Media/Scripts/Lua/Editor/MaterialEditor.lua
Loaded: ../../../../../Media/Scripts/Lua/Editor/PackageEditor.lua
Loaded: ../../../../../Media/Scripts/Lua/Editor/ParticleEditor.lua
Loaded: ../../../../../Media/Scripts/Lua/Editor/ProceduralModelEditor.lua
Loaded: ../../../../../Media/Scripts/Lua/Editor/ProceduralTextureEditor.lua
Loaded: ../../../../../Media/Scripts/Lua/Editor/ProjectSettings.lua
Loaded: ../../../../../Media/Scripts/Lua/Editor/ResourceSelect.lua
Loaded: ../../../../../Media/Scripts/Lua/Editor/SceneBuilderEditor.lua
Loaded: ../../../../../Media/Scripts/Lua/Editor/ShaderEditor.lua
Loaded: ../../../../../Media/Scripts/Lua/Editor/SoundEditor.lua
Loaded: ../../../../../Media/Scripts/Lua/Editor/TerrainEditor.lua
Loaded: BaseComponent.lua
Loaded: ../../../../../Media/Scripts/Lua/Game/Builders/ApplicationSceneBuilder.lua
Loaded: ../../../../../Media/Scripts/Lua/Game/Builders/DataDrivenGameTemplateGenerator.lua
Loaded: ../../../../../Media/Scripts/Lua/Game/Builders/GameSceneBuilder.lua
Loaded: ../../../../../Media/Scripts/Lua/Game/Builders/GameTemplateDefinition.lua
Loaded: ../../../../../Media/Scripts/Lua/Game/Builders/GameTemplateGenerator.lua
Loaded: ../../../../../Media/Scripts/Lua/Game/Builders/GameTemplateGenre.lua
Loaded: ../../../../../Media/Scripts/Lua/Game/Builders/GenerateGameManager.lua
Loaded: ../../../../../Media/Scripts/Lua/Game/Builders/MenuBuilder.lua
Loaded: ../../../../../Media/Scripts/Lua/Game/Builders/SystemSettingsMenuBuilder.lua
Loaded: ../../../../../Media/Scripts/Lua/Game/Builders/TemplateGeneratedMarker.lua
Loaded: ../../../../../Media/Scripts/Lua/Game/Builders/TemplatePlayerController.lua
Loaded: ../../../../../Media/Scripts/Lua/Game/Builders/TemplateSpawnDefinition.lua
Loaded: CatchGameCore.lua
Loaded: ../../../../../Media/Scripts/Lua/Game/CatchGame/CatchGame.lua
Loaded: ../../../../../Media/Scripts/Lua/Game/CatchGame/CatchGameCore.lua
Loaded: ../../../../../Media/Scripts/Lua/Game/Core/Application.lua
Loaded: ../../../../../Media/Scripts/Lua/Game/Core/BaseComponent.lua
Loaded: ../../../../../Media/Scripts/Lua/Game/Core/GameSceneBuilder.lua
Loaded: ../../../../../Media/Scripts/Lua/Game/Core/LanguageSetters.lua
Loaded: ../../../../../Media/Scripts/Lua/Game/Core/RacingGameApplication.lua
Loaded: ../../../../../Media/Scripts/Lua/Game/Core/SampleVehicleAdvanced.lua
Loaded: ../../../../../Media/Scripts/Lua/Game/Core/TranslationObject.lua
Loaded: ../../../../../Media/Scripts/Lua/Game/Core/i18n.lua
Loaded: MissionRuntime.lua
Loaded: MissionObjective.lua
Loaded: MissionDefinition.lua
Loaded: ../../../../../Media/Scripts/Lua/Game/Mission/MissionAuthoring.lua
Loaded: MissionState.lua
Loaded: MissionLibrary.lua
Loaded: MissionManager.lua
Loaded: MissionHUD.lua
Loaded: ../../../../../Media/Scripts/Lua/Game/Mission/MissionBootstrap.lua
Loaded: ../../../../../Media/Scripts/Lua/Game/Mission/MissionDefinition.lua
Loaded: MissionAuthoring.lua
Loaded: ../../../../../Media/Scripts/Lua/Game/Mission/MissionEditorWindow.lua
Loaded: ../../../../../Media/Scripts/Lua/Game/Mission/MissionHUD.lua
Loaded: ../../../../../Media/Scripts/Lua/Game/Mission/MissionLibrary.lua
Loaded: ../../../../../Media/Scripts/Lua/Game/Mission/MissionManager.lua
Loaded: ../../../../../Media/Scripts/Lua/Game/Mission/MissionObjective.lua
Loaded: ../../../../../Media/Scripts/Lua/Game/Mission/MissionObjectiveSceneMarker.lua
Loaded: ../../../../../Media/Scripts/Lua/Game/Mission/MissionRuntime.lua
Loaded: ../../../../../Media/Scripts/Lua/Game/Mission/MissionState.lua
Loaded: ../../../../../Media/Scripts/Lua/Game/Mission/MissionTrigger.lua
Loaded: MissionEditorWindow.lua
Loaded: MissionObjectiveSceneMarker.lua
Loaded: MissionTrigger.lua
Loaded: MissionBootstrap.lua
Loaded: ../../../../../Media/Scripts/Lua/Game/Mission/Missions.lua
Loaded: ../../../../../Media/Scripts/Lua/Game/Procedural/BackGarden.lua
Loaded: ../../../../../Media/Scripts/Lua/Game/Procedural/Bin.lua
Loaded: ../../../../../Media/Scripts/Lua/Game/Procedural/Block.lua
Loaded: ../../../../../Media/Scripts/Lua/Game/Procedural/BlockGenerator.lua
Loaded: ../../../../../Media/Scripts/Lua/Game/Procedural/BlockNode.lua
Loaded: ../../../../../Media/Scripts/Lua/Game/Procedural/Building.lua
Loaded: ../../../../../Media/Scripts/Lua/Game/Procedural/BuildingGenerator.lua
Loaded: ../../../../../Media/Scripts/Lua/Game/Procedural/CityCell.lua
Loaded: ../../../../../Media/Scripts/Lua/Game/Procedural/CityGenerator.lua
Loaded: ../../../../../Media/Scripts/Lua/Game/Procedural/FrontGarden.lua
Loaded: ../../../../../Media/Scripts/Lua/Game/Procedural/LampPost.lua
Loaded: ../../../../../Media/Scripts/Lua/Game/Procedural/LampPostGenerator.lua
Loaded: ProceduralObject.lua
Loaded: ../../../../../Media/Scripts/Lua/Game/Procedural/Lot.lua
Loaded: ../../../../../Media/Scripts/Lua/Game/Procedural/LotGenerator.lua
Loaded: ../../../../../Media/Scripts/Lua/Game/Procedural/LotNode.lua
Loaded: ../../../../../Media/Scripts/Lua/Game/Procedural/MainBuilding.lua
Loaded: ../../../../../Media/Scripts/Lua/Game/Procedural/ProceduralCity.lua
Loaded: ../../../../../Media/Scripts/Lua/Game/Procedural/ProceduralGenerator.lua
Loaded: ../../../../../Media/Scripts/Lua/Game/Procedural/ProceduralGroup.lua
Loaded: ../../../../../Media/Scripts/Lua/Game/Procedural/ProceduralNetwork.lua
Loaded: ../../../../../Media/Scripts/Lua/Game/Procedural/ProceduralNode.lua
Loaded: ../../../../../Media/Scripts/Lua/Game/Procedural/ProceduralObject.lua
Loaded: ../../../../../Media/Scripts/Lua/Game/Procedural/ProceduralPath.lua
Loaded: ../../../../../Media/Scripts/Lua/Game/Procedural/ProceduralRenderable.lua
Loaded: ../../../../../Media/Scripts/Lua/Game/Procedural/ProceduralRenderer.lua
Loaded: ../../../../../Media/Scripts/Lua/Game/Procedural/ProceduralScene.lua
Loaded: ../../../../../Media/Scripts/Lua/Game/Procedural/ProceduralTerrain.lua
Loaded: ../../../../../Media/Scripts/Lua/Game/Procedural/River.lua
Loaded: ../../../../../Media/Scripts/Lua/Game/Procedural/RiverGenerator.lua
Loaded: ../../../../../Media/Scripts/Lua/Game/Procedural/RiverNode.lua
Loaded: ../../../../../Media/Scripts/Lua/Game/Procedural/Road.lua
Loaded: ../../../../../Media/Scripts/Lua/Game/Procedural/RoadConnection.lua
Loaded: ../../../../../Media/Scripts/Lua/Game/Procedural/RoadElement.lua
Loaded: ../../../../../Media/Scripts/Lua/Game/Procedural/RoadGenerator.lua
Loaded: ../../../../../Media/Scripts/Lua/Game/Procedural/RoadGroup.lua
Loaded: ../../../../../Media/Scripts/Lua/Game/Procedural/RoadNetwork.lua
Loaded: ../../../../../Media/Scripts/Lua/Game/Procedural/RoadNode.lua
Loaded: ../../../../../Media/Scripts/Lua/Game/Procedural/RoadSection.lua
Loaded: ../../../../../Media/Scripts/Lua/Game/Procedural/Sidewalk.lua
Loaded: ../../../../../Media/Scripts/Lua/Game/Procedural/SidewalkGenerator.lua
Loaded: ../../../../../Media/Scripts/Lua/Game/Procedural/SidewalkGroup.lua
Loaded: ../../../../../Media/Scripts/Lua/Game/Procedural/SidewalkNetwork.lua
Loaded: ../../../../../Media/Scripts/Lua/Game/Procedural/SidewalkNode.lua
Loaded: ../../../../../Media/Scripts/Lua/Game/Procedural/TerrainGenerator.lua
Loaded: ../../../../../Media/Scripts/Lua/Game/Procedural/TrafficGenerator.lua
Loaded: ../../../../../Media/Scripts/Lua/Game/Procedural/TreeGenerator.lua
Loaded: ../../../../../Media/Scripts/Lua/Game/Racing/CheckPoint.lua
Loaded: ../../../../../Media/Scripts/Lua/Game/Racing/Laps.lua
Loaded: ../../../../../Media/Scripts/Lua/Game/Racing/Racing/DroneGate.lua
Loaded: ../../../../../Media/Scripts/Lua/Game/Racing/Racing/Misc/DataLoader.lua
Loaded: ../../../../../Media/Scripts/Lua/Game/Racing/Racing/Misc/FramerateCounter.lua
Loaded: ../../../../../Media/Scripts/Lua/Game/Racing/Racing/Misc/MenuManager.lua
Loaded: ../../../../../Media/Scripts/Lua/Game/Racing/Racing/Misc/MenuScript.lua
Loaded: ../../../../../Media/Scripts/Lua/Game/Racing/Racing/Misc/MobileControlManager.lua
Loaded: ../../../../../Media/Scripts/Lua/Game/Racing/Racing/Misc/PlayerData.lua
Loaded: ../../../../../Media/Scripts/Lua/Game/Racing/Racing/Misc/TextAlpha.lua
Loaded: ../../../../../Media/Scripts/Lua/Game/Racing/Racing/Misc/VehicleUpgrades.lua
Loaded: ../../../../../Media/Scripts/Lua/Game/Racing/Racing/Race/Helpers/CheckpointContainer.lua
Loaded: ../../../../../Media/Scripts/Lua/Game/Racing/Racing/Race/Helpers/PathCreator.lua
Loaded: ../../../../../Media/Scripts/Lua/Game/Racing/Racing/Race/Helpers/SpawnpointContainer.lua
Loaded: ../../../../../Media/Scripts/Lua/Game/Racing/Racing/Race/Others/Brakezone.lua
Loaded: ../../../../../Media/Scripts/Lua/Game/Racing/Racing/Race/Others/CameraSwitcher.lua
Loaded: ../../../../../Media/Scripts/Lua/Game/Racing/Racing/Race/Others/Checkpoint.lua
Loaded: ../../../../../Media/Scripts/Lua/Game/Racing/Racing/Race/Others/GhostVehicle.lua
Loaded: ../../../../../Media/Scripts/Lua/Game/Racing/Racing/Race/Others/MinimapFollowTarget.lua
Loaded: ../../../../../Media/Scripts/Lua/Game/Racing/Racing/Race/Others/PlayerCamera.lua
Loaded: ../../../../../Media/Scripts/Lua/Game/Racing/Racing/Race/Others/PlayerFPCamera.lua
Loaded: ../../../../../Media/Scripts/Lua/Game/Racing/Racing/Race/Others/RaceRewards.lua
Loaded: ../../../../../Media/Scripts/Lua/Game/Racing/Racing/Race/Others/RacerName.lua
Loaded: ../../../../../Media/Scripts/Lua/Game/Racing/Racing/Race/Others/RacerPointer.lua
Loaded: ../../../../../Media/Scripts/Lua/Game/Racing/Racing/Race/Others/ReplayCamera.lua
Loaded: ../../../../../Media/Scripts/Lua/Game/Racing/Racing/Race/Others/ReplayManager.lua
Loaded: ../../../../../Media/Scripts/Lua/Game/Racing/Racing/Race/Others/TimeTrialConfig.lua
Loaded: ../../../../../Media/Scripts/Lua/Game/Racing/Racing/Race/Others/UIButton.lua
Loaded: ../../../../../Media/Scripts/Lua/Game/Racing/Racing/Race/Others/WaypointArrow.lua
Loaded: ../../../../../Media/Scripts/Lua/Game/Racing/Racing/Race/System/ProgressTracker.lua
Loaded: ../../../../../Media/Scripts/Lua/Game/Racing/Racing/Race/System/RaceManager.lua
Loaded: ../../../../../Media/Scripts/Lua/Game/Racing/Racing/Race/System/RaceManagerView.lua
Loaded: ../../../../../Media/Scripts/Lua/Game/Racing/Racing/Race/System/RaceManagerViewPUN.lua
Loaded: ../../../../../Media/Scripts/Lua/Game/Racing/Racing/Race/System/RaceManagerViewSteam.lua
Loaded: ../../../../../Media/Scripts/Lua/Game/Racing/Racing/Race/System/RaceView.lua
Loaded: ../../../../../Media/Scripts/Lua/Game/Racing/Racing/Race/System/RaceViewPUN.lua
Loaded: ../../../../../Media/Scripts/Lua/Game/Racing/Racing/Race/System/RaceViewSteam.lua
Loaded: ../../../../../Media/Scripts/Lua/Game/Racing/Racing/Race/System/RankManager.lua
Loaded: ../../../../../Media/Scripts/Lua/Game/Racing/Racing/Race/System/SoundManager.lua
Loaded: ../../../../../Media/Scripts/Lua/Game/Racing/Racing/Race/System/Statistics.lua
Loaded: ../../../../../Media/Scripts/Lua/Game/Racing/Racing/Race/System/WaypointCircuit.lua
Loaded: ../../../../../Media/Scripts/Lua/Game/Racing/Racing/Race/UI/RaceCompletedUI.lua
Loaded: ../../../../../Media/Scripts/Lua/Game/Racing/Racing/Race/UI/RaceStandingsUI.lua
Loaded: ../../../../../Media/Scripts/Lua/Game/Racing/Racing/Race/UI/RaceUI.lua
Loaded: ../../../../../Media/Scripts/Lua/Game/Racing/Racing/Vehicle/Car_Controller.lua
Loaded: ../../../../../Media/Scripts/Lua/Game/Racing/Racing/Vehicle/Drone_Controller.lua
Loaded: ../../../../../Media/Scripts/Lua/Game/Racing/Racing/Vehicle/Input/OpponentControl.lua
Loaded: ../../../../../Media/Scripts/Lua/Game/Racing/Racing/Vehicle/Input/PlayerControl.lua
Loaded: ../../../../../Media/Scripts/Lua/Game/Racing/Racing/Vehicle/Motorbike_Controller.lua
Loaded: ../../../../../Media/Scripts/Lua/Game/Racing/Racing/Vehicle/Skidmark.lua
Loaded: ../../../../../Media/Scripts/Lua/Game/Racing/Racing/Vehicle/Wheels.lua
Loaded: Road.lua
Loaded: ../../../../../Media/Scripts/Lua/Game/UnitTests/lua_unit_tests.lua
Loaded: ../../../../../Media/Scripts/Lua/Game/Vehicle/Vehicle.lua
Loaded: UIDialog.lua
Loaded: FlightDialog.lua
Loaded: FlightWorkbench.lua
Loaded: ../../../../../Media/Scripts/Lua/UI/AirFoilPanel.lua
Loaded: FlightHUD.lua
Loaded: ../../../../../Media/Scripts/Lua/UI/CGModeInfo.lua
Loaded: Settings.lua
Loaded: FlightSetup.lua
Loaded: ../../../../../Media/Scripts/Lua/UI/CameraSettingsDialog.lua
Loaded: FlightOnline.lua
Loaded: ../../../../../Media/Scripts/Lua/UI/ChatDialog.lua
Loaded: ../../../../../Media/Scripts/Lua/UI/ColourPicker.lua
Loaded: ../../../../../Media/Scripts/Lua/UI/ComponentChange.lua
Loaded: ../../../../../Media/Scripts/Lua/UI/ComponentConfig.lua
Loaded: ../../../../../Media/Scripts/Lua/UI/ComponentSelector.lua
Loaded: ../../../../../Media/Scripts/Lua/UI/ConeModes.lua
Loaded: ../../../../../Media/Scripts/Lua/UI/DemoHud.lua
Loaded: ../../../../../Media/Scripts/Lua/UI/DevPanel.lua
Loaded: FlightMedia.lua
Loaded: ../../../../../Media/Scripts/Lua/UI/FileBrowserDialog.lua
Loaded: ../../../../../Media/Scripts/Lua/UI/FixedWingDialog.lua
Loaded: SceneSelect.lua
Loaded: VehicleSelect.lua
Loaded: ../../../../../Media/Scripts/Lua/UI/FlightAliases.lua
Loaded: ../../../../../Media/Scripts/Lua/UI/FlightDialog.lua
Loaded: ../../../../../Media/Scripts/Lua/UI/FlightHUD.lua
Loaded: ../../../../../Media/Scripts/Lua/UI/FlightMedia.lua
Loaded: ../../../../../Media/Scripts/Lua/UI/FlightOnline.lua
Loaded: ../../../../../Media/Scripts/Lua/UI/FlightRecorder.lua
Loaded: ../../../../../Media/Scripts/Lua/UI/FlightSetup.lua
Loaded: ../../../../../Media/Scripts/Lua/UI/FlightWorkbench.lua
Loaded: ../../../../../Media/Scripts/Lua/UI/Hud.lua
Loaded: ../../../../../Media/Scripts/Lua/UI/InformationText.lua
Loaded: ../../../../../Media/Scripts/Lua/UI/InputConfiguration.lua
Loaded: ../../../../../Media/Scripts/Lua/UI/MessageBoxConfirm.lua
Loaded: ../../../../../Media/Scripts/Lua/UI/ModelEditor.lua
Loaded: FlightAliases.lua
Loaded: ../../../../../Media/Scripts/Lua/UI/ModelHangerDialog.lua
Loaded: ../../../../../Media/Scripts/Lua/UI/ModelSettings.lua
Loaded: ../../../../../Media/Scripts/Lua/UI/Mp3PlayerDialog.lua
Loaded: ../../../../../Media/Scripts/Lua/UI/OnlineMenu.lua
Loaded: ../../../../../Media/Scripts/Lua/UI/RaceSettings.lua
Loaded: ../../../../../Media/Scripts/Lua/UI/SceneEditorManagerGUI.lua
Loaded: ../../../../../Media/Scripts/Lua/UI/SceneIcon.lua
Loaded: ../../../../../Media/Scripts/Lua/UI/SceneSelect.lua
Loaded: ../../../../../Media/Scripts/Lua/UI/ScenerySelector.lua
Loaded: ../../../../../Media/Scripts/Lua/UI/Settings.lua
Loaded: ../../../../../Media/Scripts/Lua/UI/SettingsAudio.lua
Loaded: ../../../../../Media/Scripts/Lua/UI/SettingsGeneral.lua
Loaded: ../../../../../Media/Scripts/Lua/UI/SettingsGraphics.lua
Loaded: ../../../../../Media/Scripts/Lua/UI/SettingsRegion.lua
Loaded: ../../../../../Media/Scripts/Lua/UI/SettingsSimulation.lua
Loaded: ../../../../../Media/Scripts/Lua/UI/SettingsUI.lua
Loaded: ../../../../../Media/Scripts/Lua/UI/SettingsUserData.lua
Loaded: ../../../../../Media/Scripts/Lua/UI/SetupWizardDialog.lua
Loaded: ../../../../../Media/Scripts/Lua/UI/Splash.lua
Loaded: ../../../../../Media/Scripts/Lua/UI/StartMenu.lua
Loaded: ../../../../../Media/Scripts/Lua/UI/StatsMenu.lua
Loaded: ../../../../../Media/Scripts/Lua/UI/SwitchIndicators.lua
Loaded: ../../../../../Media/Scripts/Lua/UI/SwitchIndicatorsPanel.lua
Loaded: ../../../../../Media/Scripts/Lua/UI/SystemSettings.lua
Loaded: ../../../../../Media/Scripts/Lua/UI/Tooltip.lua
Loaded: ../../../../../Media/Scripts/Lua/UI/TrainingHud.lua
Loaded: ../../../../../Media/Scripts/Lua/UI/TrainingMenu.lua
Loaded: ../../../../../Media/Scripts/Lua/UI/TransmitterSelect.lua
Loaded: ../../../../../Media/Scripts/Lua/UI/TransmittersPanel.lua
Loaded: ../../../../../Media/Scripts/Lua/UI/UIDialog.lua
Loaded: ../../../../../Media/Scripts/Lua/UI/UIManager.lua
Loaded: ../../../../../Media/Scripts/Lua/UI/UnityDialog.lua
Loaded: ../../../../../Media/Scripts/Lua/UI/VehicleEditor.lua
Loaded: ../../../../../Media/Scripts/Lua/UI/VehicleIcon.lua
Loaded: ../../../../../Media/Scripts/Lua/UI/VehicleSelect.lua
Loaded: ../../../../../Media/Scripts/Lua/UI/VehiclesPanel.lua
Loaded: ../../../../../Media/Scripts/Lua/UI/VirtualTransmitter.lua
Loaded: ../../../../../Media/Scripts/Lua/UI/VisualTransmitterDialog.lua
Component Loaded: workphone::scene::ProceduralRaceScene Actor: Procedural Grand Prix
Component Loaded: workphone::scene::CollisionBox Actor: Procedural Grand Prix
Component Loaded: workphone::scene::Rigidbody Actor: Procedural Grand Prix
Component Loaded: workphone::scene::CarController Actor: Procedural Grand Prix
Component Loaded: workphone::scene::CollisionBox Actor: Circuit collision plane
Component Loaded: workphone::scene::Rigidbody Actor: Circuit collision plane
Asset catalog requires an open parameterized database backend.
Asset catalog requires an open parameterized database backend.
Asset catalog requires an open parameterized database backend.
Asset catalog requires an open parameterized database backend.
Asset catalog requires an open parameterized database backend.
Asset catalog requires an open parameterized database backend.
Asset catalog requires an open parameterized database backend.
Asset catalog requires an open parameterized database backend.
Asset catalog requires an open parameterized database backend.
Asset catalog requires an open parameterized database backend.
Asset catalog requires an open parameterized database backend.
Asset catalog requires an open parameterized database backend.
Asset catalog requires an open parameterized database backend.
Asset catalog requires an open parameterized database backend.
Asset catalog requires an open parameterized database backend.
Asset catalog requires an open parameterized database backend.
Asset catalog requires an open parameterized database backend.
Asset catalog requires an open parameterized database backend.
Asset catalog requires an open parameterized database backend.
Asset catalog requires an open parameterized database backend.
Asset catalog requires an open parameterized database backend.
Asset catalog requires an open parameterized database backend.
Asset catalog requires an open parameterized database backend.
Asset catalog requires an open parameterized database backend.
Asset catalog requires an open parameterized database backend.
Asset catalog requires an open parameterized database backend.
Asset catalog requires an open parameterized database backend.
Asset catalog requires an open parameterized database backend.
Asset catalog requires an open parameterized database backend.
Asset catalog requires an open parameterized database backend.
Asset catalog requires an open parameterized database backend.
Asset catalog requires an open parameterized database backend.
Asset catalog requires an open parameterized database backend.
Asset catalog requires an open parameterized database backend.
Asset catalog requires an open parameterized database backend.
Asset catalog requires an open parameterized database backend.
Asset catalog requires an open parameterized database backend.
Asset catalog requires an open parameterized database backend.
Asset catalog requires an open parameterized database backend.
Asset catalog requires an open parameterized database backend.
Asset catalog requires an open parameterized database backend.
Asset catalog requires an open parameterized database backend.
Asset catalog requires an open parameterized database backend.
Asset catalog requires an open parameterized database backend.
Asset catalog requires an open parameterized database backend.
Asset catalog requires an open parameterized database backend.
Asset catalog requires an open parameterized database backend.
Asset catalog requires an open parameterized database backend.
Asset catalog requires an open parameterized database backend.
Asset catalog requires an open parameterized database backend.
Asset catalog requires an open parameterized database backend.
Asset catalog requires an open parameterized database backend.
Asset catalog requires an open parameterized database backend.
Asset catalog requires an open parameterized database backend.
Asset catalog requires an open parameterized database backend.
Asset catalog requires an open parameterized database backend.
Asset catalog requires an open parameterized database backend.
Asset catalog requires an open parameterized database backend.
Asset catalog requires an open parameterized database backend.
Asset catalog requires an open parameterized database backend.
Asset catalog requires an open parameterized database backend.
Asset catalog requires an open parameterized database backend.
Asset catalog requires an open parameterized database backend.
Asset catalog requires an open parameterized database backend.
Asset catalog requires an open parameterized database backend.
Asset catalog requires an open parameterized database backend.
Asset catalog requires an open parameterized database backend.
Asset catalog requires an open parameterized database backend.
Asset catalog requires an open parameterized database backend.
Asset catalog requires an open parameterized database backend.
Asset catalog requires an open parameterized database backend.
Asset catalog requires an open parameterized database backend.
Asset catalog requires an open parameterized database backend.
Asset catalog requires an open parameterized database backend.
Asset catalog requires an open parameterized database backend.
Asset catalog requires an open parameterized database backend.
Asset catalog requires an open parameterized database backend.
Asset catalog requires an open parameterized database backend.
Asset catalog requires an open parameterized database backend.
Asset catalog requires an open parameterized database backend.
Asset catalog requires an open parameterized database backend.
Asset catalog requires an open parameterized database backend.
Asset catalog requires an open parameterized database backend.
Asset catalog requires an open parameterized database backend.
Asset catalog requires an open parameterized database backend.
Asset catalog requires an open parameterized database backend.
Asset catalog requires an open parameterized database backend.
Asset catalog requires an open parameterized database backend.
Asset catalog requires an open parameterized database backend.
Asset catalog requires an open parameterized database backend.
Asset catalog requires an open parameterized database backend.
Asset catalog requires an open parameterized database backend.
Asset catalog requires an open parameterized database backend.
Asset catalog requires an open parameterized database backend.
Asset catalog requires an open parameterized database backend.
Asset catalog requires an open parameterized database backend.
Asset catalog requires an open parameterized database backend.
Asset catalog requires an open parameterized database backend.
Asset catalog requires an open parameterized database backend.
Asset catalog requires an open parameterized database backend.
Asset catalog requires an open parameterized database backend.
Asset catalog requires an open parameterized database backend.
Asset catalog requires an open parameterized database backend.
Asset catalog requires an open parameterized database backend.
Asset catalog requires an open parameterized database backend.
Asset catalog requires an open parameterized database backend.
Asset catalog requires an open parameterized database backend.
Asset catalog requires an open parameterized database backend.
Asset catalog requires an open parameterized database backend.
Asset catalog requires an open parameterized database backend.
Asset catalog requires an open parameterized database backend.
Asset catalog requires an open parameterized database backend.
Asset catalog requires an open parameterized database backend.
Asset catalog requires an open parameterized database backend.
Asset catalog requires an open parameterized database backend.
Asset catalog requires an open parameterized database backend.
Asset catalog requires an open parameterized database backend.
Asset catalog requires an open parameterized database backend.
Asset catalog requires an open parameterized database backend.
Asset catalog requires an open parameterized database backend.
Asset catalog requires an open parameterized database backend.
Asset catalog requires an open parameterized database backend.
Asset catalog requires an open parameterized database backend.
Asset catalog requires an open parameterized database backend.
Asset catalog requires an open parameterized database backend.
Asset catalog requires an open parameterized database backend.
Asset catalog requires an open parameterized database backend.
Asset catalog requires an open parameterized database backend.
Asset catalog requires an open parameterized database backend.
Asset catalog requires an open parameterized database backend.
Asset catalog requires an open parameterized database backend.
Asset catalog requires an open parameterized database backend.
Asset catalog requires an open parameterized database backend.
Asset catalog requires an open parameterized database backend.
Asset catalog requires an open parameterized database backend.
Asset catalog requires an open parameterized database backend.
Asset catalog requires an open parameterized database backend.
Asset catalog requires an open parameterized database backend.
Asset catalog requires an open parameterized database backend.
Asset catalog requires an open parameterized database backend.
Asset catalog requires an open parameterized database backend.
Asset catalog requires an open parameterized database backend.
Asset catalog requires an open parameterized database backend.
Asset catalog requires an open parameterized database backend.
Asset catalog requires an open parameterized database backend.
Asset catalog requires an open parameterized database backend.
Asset catalog requires an open parameterized database backend.
Asset catalog requires an open parameterized database backend.
Asset catalog requires an open parameterized database backend.
Asset catalog requires an open parameterized database backend.
Asset catalog requires an open parameterized database backend.
Asset catalog requires an open parameterized database backend.
Asset catalog requires an open parameterized database backend.
Asset catalog requires an open parameterized database backend.
Asset catalog requires an open parameterized database backend.
Asset catalog requires an open parameterized database backend.
Asset catalog requires an open parameterized database backend.
Asset catalog requires an open parameterized database backend.
Asset catalog requires an open parameterized database backend.
Asset catalog requires an open parameterized database backend.
Asset catalog requires an open parameterized database backend.
Asset catalog requires an open parameterized database backend.
Asset catalog requires an open parameterized database backend.
Asset catalog requires an open parameterized database backend.
Asset catalog requires an open parameterized database backend.
Asset catalog requires an open parameterized database backend.
Asset catalog requires an open parameterized database backend.
Asset catalog requires an open parameterized database backend.
Asset catalog requires an open parameterized database backend.
Asset catalog requires an open parameterized database backend.
Asset catalog requires an open parameterized database backend.
Asset catalog requires an open parameterized database backend.
Asset catalog requires an open parameterized database backend.
Asset catalog requires an open parameterized database backend.
Asset catalog requires an open parameterized database backend.
Asset catalog requires an open parameterized database backend.
Asset catalog requires an open parameterized database backend.
Asset catalog requires an open parameterized database backend.
Asset catalog requires an open parameterized database backend.
Asset catalog requires an open parameterized database backend.
Asset catalog requires an open parameterized database backend.
Asset catalog requires an open parameterized database backend.
Asset catalog requires an open parameterized database backend.
Asset catalog requires an open parameterized database backend.
Asset catalog requires an open parameterized database backend.
Asset catalog requires an open parameterized database backend.
Asset catalog requires an open parameterized database backend.
Asset catalog requires an open parameterized database backend.
Asset catalog requires an open parameterized database backend.
Asset catalog requires an open parameterized database backend.
Asset catalog requires an open parameterized database backend.
Asset catalog requires an open parameterized database backend.
Asset catalog requires an open parameterized database backend.
Asset catalog requires an open parameterized database backend.
Asset catalog requires an open parameterized database backend.
Asset catalog requires an open parameterized database backend.
Asset catalog requires an open parameterized database backend.
Asset catalog requires an open parameterized database backend.
Asset catalog requires an open parameterized database backend.
Asset catalog requires an open parameterized database backend.
Asset catalog requires an open parameterized database backend.
Asset catalog requires an open parameterized database backend.
Asset catalog requires an open parameterized database backend.
Asset catalog requires an open parameterized database backend.
Asset catalog requires an open parameterized database backend.
Asset catalog requires an open parameterized database backend.
Asset catalog requires an open parameterized database backend.
Asset catalog requires an open parameterized database backend.
Asset catalog requires an open parameterized database backend.
Asset catalog requires an open parameterized database backend.
Asset catalog requires an open parameterized database backend.
Asset catalog requires an open parameterized database backend.
Asset catalog requires an open parameterized database backend.
Asset catalog requires an open parameterized database backend.
Asset catalog requires an open parameterized database backend.
Asset catalog requires an open parameterized database backend.
Asset catalog requires an open parameterized database backend.
Asset catalog requires an open parameterized database backend.
Asset catalog requires an open parameterized database backend.
Asset catalog requires an open parameterized database backend.
Asset catalog requires an open parameterized database backend.
Asset catalog requires an open parameterized database backend.
Asset catalog requires an open parameterized database backend.
Asset catalog requires an open parameterized database backend.
Asset catalog requires an open parameterized database backend.
Asset catalog requires an open parameterized database backend.
Asset catalog requires an open parameterized database backend.
Asset catalog requires an open parameterized database backend.
Asset catalog requires an open parameterized database backend.
Asset catalog requires an open parameterized database backend.
Asset catalog requires an open parameterized database backend.
Asset catalog requires an open parameterized database backend.
Asset catalog requires an open parameterized database backend.
Asset catalog requires an open parameterized database backend.
Asset catalog requires an open parameterized database backend.
Asset catalog requires an open parameterized database backend.
Asset catalog requires an open parameterized database backend.
Asset catalog requires an open parameterized database backend.
Asset catalog requires an open parameterized database backend.
Asset catalog requires an open parameterized database backend.
Asset catalog requires an open parameterized database backend.
Asset catalog requires an open parameterized database backend.
Asset catalog requires an open parameterized database backend.
Asset catalog requires an open parameterized database backend.
Asset catalog requires an open parameterized database backend.
Asset catalog requires an open parameterized database backend.
Asset catalog requires an open parameterized database backend.
Asset catalog requires an open parameterized database backend.
Asset catalog requires an open parameterized database backend.
Asset catalog requires an open parameterized database backend.
Asset catalog requires an open parameterized database backend.
Asset catalog requires an open parameterized database backend.
Asset catalog requires an open parameterized database backend.
Asset catalog requires an open parameterized database backend.
Asset catalog requires an open parameterized database backend.
Asset catalog requires an open parameterized database backend.
Asset catalog requires an open parameterized database backend.
Asset catalog requires an open parameterized database backend.
Asset catalog requires an open parameterized database backend.
Asset catalog requires an open parameterized database backend.
Asset catalog requires an open parameterized database backend.
Asset catalog requires an open parameterized database backend.
Asset catalog requires an open parameterized database backend.
Asset catalog requires an open parameterized database backend.
Asset catalog requires an open parameterized database backend.
Asset catalog requires an open parameterized database backend.
Asset catalog requires an open parameterized database backend.
Asset catalog requires an open parameterized database backend.
Asset catalog requires an open parameterized database backend.
Asset catalog requires an open parameterized database backend.
Asset catalog requires an open parameterized database backend.
Asset catalog requires an open parameterized database backend.
Asset catalog requires an open parameterized database backend.
Asset catalog requires an open parameterized database backend.
Asset catalog requires an open parameterized database backend.
Asset catalog requires an open parameterized database backend.
Asset catalog requires an open parameterized database backend.
Asset catalog requires an open parameterized database backend.
Asset catalog requires an open parameterized database backend.
Asset catalog requires an open parameterized database backend.
Asset catalog requires an open parameterized database backend.
Asset catalog requires an open parameterized database backend.
Asset catalog requires an open parameterized database backend.
Asset catalog requires an open parameterized database backend.
Asset catalog requires an open parameterized database backend.
Asset catalog requires an open parameterized database backend.
Asset catalog requires an open parameterized database backend.
Asset catalog requires an open parameterized database backend.
Asset catalog requires an open parameterized database backend.
Asset catalog requires an open parameterized database backend.
Asset catalog requires an open parameterized database backend.
Asset catalog requires an open parameterized database backend.
Asset catalog requires an open parameterized database backend.
Asset catalog requires an open parameterized database backend.
Asset catalog requires an open parameterized database backend.
Asset catalog requires an open parameterized database backend.
Asset catalog requires an open parameterized database backend.
Asset catalog requires an open parameterized database backend.
Asset catalog requires an open parameterized database backend.
Asset catalog requires an open parameterized database backend.
Asset catalog requires an open parameterized database backend.
Asset catalog requires an open parameterized database backend.
Asset catalog requires an open parameterized database backend.
Asset catalog requires an open parameterized database backend.
Asset catalog requires an open parameterized database backend.
Asset catalog requires an open parameterized database backend.
Asset catalog requires an open parameterized database backend.
Asset catalog requires an open parameterized database backend.
Asset catalog requires an open parameterized database backend.
Asset catalog requires an open parameterized database backend.
Asset catalog requires an open parameterized database backend.
Asset catalog requires an open parameterized database backend.
Asset catalog requires an open parameterized database backend.
Asset catalog requires an open parameterized database backend.
Asset catalog requires an open parameterized database backend.
Asset catalog requires an open parameterized database backend.
Asset catalog requires an open parameterized database backend.
Asset catalog requires an open parameterized database backend.
Asset catalog requires an open parameterized database backend.
Asset catalog requires an open parameterized database backend.
Asset catalog requires an open parameterized database backend.
Asset catalog requires an open parameterized database backend.
Asset catalog requires an open parameterized database backend.
Asset catalog requires an open parameterized database backend.
Asset catalog requires an open parameterized database backend.
Asset catalog requires an open parameterized database backend.
Asset catalog requires an open parameterized database backend.
Asset catalog requires an open parameterized database backend.
Asset catalog requires an open parameterized database backend.
Asset catalog requires an open parameterized database backend.
Asset catalog requires an open parameterized database backend.
Asset catalog requires an open parameterized database backend.
Asset catalog requires an open parameterized database backend.
Asset catalog requires an open parameterized database backend.
Asset catalog requires an open parameterized database backend.
Asset catalog requires an open parameterized database backend.
Asset catalog requires an open parameterized database backend.
Asset catalog requires an open parameterized database backend.
Asset catalog requires an open parameterized database backend.
Asset catalog requires an open parameterized database backend.
Asset catalog requires an open parameterized database backend.
Asset catalog requires an open parameterized database backend.
Asset catalog requires an open parameterized database backend.
Asset catalog requires an open parameterized database backend.
Asset catalog requires an open parameterized database backend.
Asset catalog requires an open parameterized database backend.
Asset catalog requires an open parameterized database backend.
Asset catalog requires an open parameterized database backend.
Asset catalog requires an open parameterized database backend.
Asset catalog requires an open parameterized database backend.
Asset catalog requires an open parameterized database backend.
Asset catalog requires an open parameterized database backend.
Asset catalog requires an open parameterized database backend.
Asset catalog requires an open parameterized database backend.
Asset catalog requires an open parameterized database backend.
Asset catalog requires an open parameterized database backend.
Asset catalog requires an open parameterized database backend.
Asset catalog requires an open parameterized database backend.
Asset catalog requires an open parameterized database backend.
Asset catalog requires an open parameterized database backend.
Asset catalog requires an open parameterized database backend.
Asset catalog requires an open parameterized database backend.
Asset catalog requires an open parameterized database backend.
Asset catalog requires an open parameterized database backend.
Asset catalog requires an open parameterized database backend.
Asset catalog requires an open parameterized database backend.
Asset catalog requires an open parameterized database backend.
Asset catalog requires an open parameterized database backend.
Asset catalog requires an open parameterized database backend.
Asset catalog requires an open parameterized database backend.
Asset catalog requires an open parameterized database backend.
Asset catalog requires an open parameterized database backend.
Component Loaded: workphone::scene::WheelController Actor: Generated wheel 0
Component Loaded: workphone::scene::WheelController Actor: Generated wheel 1
Component Loaded: workphone::scene::WheelController Actor: Generated wheel 2
Component Loaded: workphone::scene::WheelController Actor: Generated wheel 3
Component Loaded: workphone::scene::Mesh Actor: body_paint
Component Loaded: workphone::scene::MeshRenderer Actor: body_paint
Component Loaded: workphone::scene::Material Actor: body_paint
Component Loaded: workphone::scene::Mesh Actor: aero_carbon_matte
Component Loaded: workphone::scene::MeshRenderer Actor: aero_carbon_matte
Component Loaded: workphone::scene::Material Actor: aero_carbon_matte
Component Loaded: workphone::scene::Mesh Actor: aero_carbon_gloss
Component Loaded: workphone::scene::MeshRenderer Actor: aero_carbon_gloss
Component Loaded: workphone::scene::Material Actor: aero_carbon_gloss
Component Loaded: workphone::scene::Mesh Actor: cockpit_glass
Component Loaded: workphone::scene::MeshRenderer Actor: cockpit_glass
Component Loaded: workphone::scene::Material Actor: cockpit_glass
Component Loaded: workphone::scene::Mesh Actor: rain_light
Component Loaded: workphone::scene::MeshRenderer Actor: rain_light
Component Loaded: workphone::scene::Material Actor: rain_light
Component Loaded: workphone::scene::Mesh Actor: front_marker_lights
Component Loaded: workphone::scene::MeshRenderer Actor: front_marker_lights
Component Loaded: workphone::scene::Material Actor: front_marker_lights
Component Loaded: workphone::scene::Mesh Actor: tyres
Component Loaded: workphone::scene::MeshRenderer Actor: tyres
Component Loaded: workphone::scene::Material Actor: tyres
Component Loaded: workphone::scene::Mesh Actor: tyres
Component Loaded: workphone::scene::MeshRenderer Actor: tyres
Component Loaded: workphone::scene::Material Actor: tyres
Component Loaded: workphone::scene::Mesh Actor: tyres
Component Loaded: workphone::scene::MeshRenderer Actor: tyres
Component Loaded: workphone::scene::Material Actor: tyres
Component Loaded: workphone::scene::Mesh Actor: tyres
Component Loaded: workphone::scene::MeshRenderer Actor: tyres
Component Loaded: workphone::scene::Material Actor: tyres
Component Loaded: workphone::scene::Mesh Actor: rims
Component Loaded: workphone::scene::MeshRenderer Actor: rims
Component Loaded: workphone::scene::Material Actor: rims
Component Loaded: workphone::scene::Mesh Actor: rims
Component Loaded: workphone::scene::MeshRenderer Actor: rims
Component Loaded: workphone::scene::Material Actor: rims
Component Loaded: workphone::scene::Mesh Actor: rims
Component Loaded: workphone::scene::MeshRenderer Actor: rims
Component Loaded: workphone::scene::Material Actor: rims
Component Loaded: workphone::scene::Mesh Actor: rims
Component Loaded: workphone::scene::MeshRenderer Actor: rims
Component Loaded: workphone::scene::Material Actor: rims
Component Loaded: workphone::scene::Mesh Actor: brakes
Component Loaded: workphone::scene::MeshRenderer Actor: brakes
Component Loaded: workphone::scene::Material Actor: brakes
Component Loaded: workphone::scene::Mesh Actor: brakes
Component Loaded: workphone::scene::MeshRenderer Actor: brakes
Component Loaded: workphone::scene::Material Actor: brakes
Component Loaded: workphone::scene::Mesh Actor: brakes
Component Loaded: workphone::scene::MeshRenderer Actor: brakes
Component Loaded: workphone::scene::Material Actor: brakes
Component Loaded: workphone::scene::Mesh Actor: brakes
Component Loaded: workphone::scene::MeshRenderer Actor: brakes
Component Loaded: workphone::scene::Material Actor: brakes
Component Loaded: workphone::scene::Mesh Actor: suspension
Component Loaded: workphone::scene::MeshRenderer Actor: suspension
Component Loaded: workphone::scene::Material Actor: suspension
Asset catalog requires an open parameterized database backend.
Asset catalog requires an open parameterized database backend.
Asset catalog requires an open parameterized database backend.
Asset catalog requires an open parameterized database backend.
Asset catalog requires an open parameterized database backend.
Asset catalog requires an open parameterized database backend.
Asset catalog requires an open parameterized database backend.
Asset catalog requires an open parameterized database backend.
Asset catalog requires an open parameterized database backend.
Asset catalog requires an open parameterized database backend.
Component Loaded: workphone::scene::Mesh Actor: Continuous circuit
Component Loaded: workphone::scene::MeshRenderer Actor: Continuous circuit
Component Loaded: workphone::scene::Material Actor: Continuous circuit
Component Loaded: workphone::scene::Mesh Actor: Red kerbs
Component Loaded: workphone::scene::MeshRenderer Actor: Red kerbs
Component Loaded: workphone::scene::Material Actor: Red kerbs
Component Loaded: workphone::scene::Mesh Actor: White kerbs
Component Loaded: workphone::scene::MeshRenderer Actor: White kerbs
Component Loaded: workphone::scene::Material Actor: White kerbs
Component Loaded: workphone::scene::Mesh Actor: Edge markings
Component Loaded: workphone::scene::MeshRenderer Actor: Edge markings
Component Loaded: workphone::scene::Material Actor: Edge markings
Component Loaded: workphone::scene::Mesh Actor: Gravel runoff
Component Loaded: workphone::scene::MeshRenderer Actor: Gravel runoff
Component Loaded: workphone::scene::Material Actor: Gravel runoff
Component Loaded: workphone::scene::Mesh Actor: Circuit guardrails
Component Loaded: workphone::scene::MeshRenderer Actor: Circuit guardrails
Component Loaded: workphone::scene::Material Actor: Circuit guardrails
Component Loaded: workphone::scene::Mesh Actor: Circuit meadow
Component Loaded: workphone::scene::MeshRenderer Actor: Circuit meadow
Component Loaded: workphone::scene::Material Actor: Circuit meadow
Component Loaded: workphone::scene::Mesh Actor: Start finish black
Component Loaded: workphone::scene::MeshRenderer Actor: Start finish black
Component Loaded: workphone::scene::Material Actor: Start finish black
Component Loaded: workphone::scene::Mesh Actor: Start finish white
Component Loaded: workphone::scene::MeshRenderer Actor: Start finish white
Component Loaded: workphone::scene::Material Actor: Start finish white
Component Loaded: workphone::scene::Mesh Actor: Start gantry
Component Loaded: workphone::scene::MeshRenderer Actor: Start gantry
Component Loaded: workphone::scene::Material Actor: Start gantry
Component Loaded: workphone::scene::Mesh Actor: Pit garages
Component Loaded: workphone::scene::MeshRenderer Actor: Pit garages
Component Loaded: workphone::scene::Material Actor: Pit garages
Component Loaded: workphone::scene::Mesh Actor: Pit doors
Component Loaded: workphone::scene::MeshRenderer Actor: Pit doors
Component Loaded: workphone::scene::Material Actor: Pit doors
Asset catalog requires an open parameterized database backend.
Asset catalog requires an open parameterized database backend.
Asset catalog requires an open parameterized database backend.
Asset catalog requires an open parameterized database backend.
Component Loaded: workphone::scene::Mesh Actor: LOD0 pine trunks
Component Loaded: workphone::scene::MeshRenderer Actor: LOD0 pine trunks
Component Loaded: workphone::scene::Material Actor: LOD0 pine trunks
Component Loaded: workphone::scene::Mesh Actor: LOD0 pine canopy
Component Loaded: workphone::scene::MeshRenderer Actor: LOD0 pine canopy
Component Loaded: workphone::scene::Material Actor: LOD0 pine canopy
Component Loaded: workphone::scene::Mesh Actor: LOD1 pine imposters
Component Loaded: workphone::scene::MeshRenderer Actor: LOD1 pine imposters
Component Loaded: workphone::scene::Material Actor: LOD1 pine imposters
Component Loaded: workphone::scene::LODGroup Actor: Tree LOD patch
Component Loaded: workphone::scene::Mesh Actor: LOD0 pine trunks
Component Loaded: workphone::scene::MeshRenderer Actor: LOD0 pine trunks
Component Loaded: workphone::scene::Material Actor: LOD0 pine trunks
Component Loaded: workphone::scene::Mesh Actor: LOD0 pine canopy
Component Loaded: workphone::scene::MeshRenderer Actor: LOD0 pine canopy
Component Loaded: workphone::scene::Material Actor: LOD0 pine canopy
Component Loaded: workphone::scene::Mesh Actor: LOD1 pine imposters
Component Loaded: workphone::scene::MeshRenderer Actor: LOD1 pine imposters
Component Loaded: workphone::scene::Material Actor: LOD1 pine imposters
Component Loaded: workphone::scene::LODGroup Actor: Tree LOD patch
Component Loaded: workphone::scene::Mesh Actor: LOD0 pine trunks
Component Loaded: workphone::scene::MeshRenderer Actor: LOD0 pine trunks
Component Loaded: workphone::scene::Material Actor: LOD0 pine trunks
Component Loaded: workphone::scene::Mesh Actor: LOD0 pine canopy
Component Loaded: workphone::scene::MeshRenderer Actor: LOD0 pine canopy
Component Loaded: workphone::scene::Material Actor: LOD0 pine canopy
Component Loaded: workphone::scene::Mesh Actor: LOD1 pine imposters
Component Loaded: workphone::scene::MeshRenderer Actor: LOD1 pine imposters
Component Loaded: workphone::scene::Material Actor: LOD1 pine imposters
Component Loaded: workphone::scene::LODGroup Actor: Tree LOD patch
Component Loaded: workphone::scene::Mesh Actor: LOD0 pine trunks
Component Loaded: workphone::scene::MeshRenderer Actor: LOD0 pine trunks
Component Loaded: workphone::scene::Material Actor: LOD0 pine trunks
Component Loaded: workphone::scene::Mesh Actor: LOD0 pine canopy
Component Loaded: workphone::scene::MeshRenderer Actor: LOD0 pine canopy
Component Loaded: workphone::scene::Material Actor: LOD0 pine canopy
Component Loaded: workphone::scene::Mesh Actor: LOD1 pine imposters
Component Loaded: workphone::scene::MeshRenderer Actor: LOD1 pine imposters
Component Loaded: workphone::scene::Material Actor: LOD1 pine imposters
Component Loaded: workphone::scene::LODGroup Actor: Tree LOD patch
Component Loaded: workphone::scene::Mesh Actor: LOD0 pine trunks
Component Loaded: workphone::scene::MeshRenderer Actor: LOD0 pine trunks
Component Loaded: workphone::scene::Material Actor: LOD0 pine trunks
Component Loaded: workphone::scene::Mesh Actor: LOD0 pine canopy
Component Loaded: workphone::scene::MeshRenderer Actor: LOD0 pine canopy
Component Loaded: workphone::scene::Material Actor: LOD0 pine canopy
Component Loaded: workphone::scene::Mesh Actor: LOD1 pine imposters
Component Loaded: workphone::scene::MeshRenderer Actor: LOD1 pine imposters
Component Loaded: workphone::scene::Material Actor: LOD1 pine imposters
Component Loaded: workphone::scene::LODGroup Actor: Tree LOD patch
Component Loaded: workphone::scene::Mesh Actor: LOD0 pine trunks
Component Loaded: workphone::scene::MeshRenderer Actor: LOD0 pine trunks
Component Loaded: workphone::scene::Material Actor: LOD0 pine trunks
Component Loaded: workphone::scene::Mesh Actor: LOD0 pine canopy
Component Loaded: workphone::scene::MeshRenderer Actor: LOD0 pine canopy
Component Loaded: workphone::scene::Material Actor: LOD0 pine canopy
Component Loaded: workphone::scene::Mesh Actor: LOD1 pine imposters
Component Loaded: workphone::scene::MeshRenderer Actor: LOD1 pine imposters
Component Loaded: workphone::scene::Material Actor: LOD1 pine imposters
Component Loaded: workphone::scene::LODGroup Actor: Tree LOD patch
Component Loaded: workphone::scene::Mesh Actor: LOD0 pine trunks
Component Loaded: workphone::scene::MeshRenderer Actor: LOD0 pine trunks
Component Loaded: workphone::scene::Material Actor: LOD0 pine trunks
Component Loaded: workphone::scene::Mesh Actor: LOD0 pine canopy
Component Loaded: workphone::scene::MeshRenderer Actor: LOD0 pine canopy
Component Loaded: workphone::scene::Material Actor: LOD0 pine canopy
Component Loaded: workphone::scene::Mesh Actor: LOD1 pine imposters
Component Loaded: workphone::scene::MeshRenderer Actor: LOD1 pine imposters
Component Loaded: workphone::scene::Material Actor: LOD1 pine imposters
Component Loaded: workphone::scene::LODGroup Actor: Tree LOD patch
Component Loaded: workphone::scene::Mesh Actor: LOD0 pine trunks
Component Loaded: workphone::scene::MeshRenderer Actor: LOD0 pine trunks
Component Loaded: workphone::scene::Material Actor: LOD0 pine trunks
Component Loaded: workphone::scene::Mesh Actor: LOD0 pine canopy
Component Loaded: workphone::scene::MeshRenderer Actor: LOD0 pine canopy
Component Loaded: workphone::scene::Material Actor: LOD0 pine canopy
Component Loaded: workphone::scene::Mesh Actor: LOD1 pine imposters
Component Loaded: workphone::scene::MeshRenderer Actor: LOD1 pine imposters
Component Loaded: workphone::scene::Material Actor: LOD1 pine imposters
Component Loaded: workphone::scene::LODGroup Actor: Tree LOD patch
Component Loaded: workphone::scene::Mesh Actor: LOD0 pine trunks
Component Loaded: workphone::scene::MeshRenderer Actor: LOD0 pine trunks
Component Loaded: workphone::scene::Material Actor: LOD0 pine trunks
Component Loaded: workphone::scene::Mesh Actor: LOD0 pine canopy
Component Loaded: workphone::scene::MeshRenderer Actor: LOD0 pine canopy
Component Loaded: workphone::scene::Material Actor: LOD0 pine canopy
Component Loaded: workphone::scene::Mesh Actor: LOD1 pine imposters
Component Loaded: workphone::scene::MeshRenderer Actor: LOD1 pine imposters
Component Loaded: workphone::scene::Material Actor: LOD1 pine imposters
Component Loaded: workphone::scene::LODGroup Actor: Tree LOD patch
Component Loaded: workphone::scene::Mesh Actor: LOD0 pine trunks
Component Loaded: workphone::scene::MeshRenderer Actor: LOD0 pine trunks
Component Loaded: workphone::scene::Material Actor: LOD0 pine trunks
Component Loaded: workphone::scene::Mesh Actor: LOD0 pine canopy
Component Loaded: workphone::scene::MeshRenderer Actor: LOD0 pine canopy
Component Loaded: workphone::scene::Material Actor: LOD0 pine canopy
Component Loaded: workphone::scene::Mesh Actor: LOD1 pine imposters
Component Loaded: workphone::scene::MeshRenderer Actor: LOD1 pine imposters
Component Loaded: workphone::scene::Material Actor: LOD1 pine imposters
Component Loaded: workphone::scene::LODGroup Actor: Tree LOD patch
Component Loaded: workphone::scene::Mesh Actor: LOD0 pine trunks
Component Loaded: workphone::scene::MeshRenderer Actor: LOD0 pine trunks
Component Loaded: workphone::scene::Material Actor: LOD0 pine trunks
Component Loaded: workphone::scene::Mesh Actor: LOD0 pine canopy
Component Loaded: workphone::scene::MeshRenderer Actor: LOD0 pine canopy
Component Loaded: workphone::scene::Material Actor: LOD0 pine canopy
Component Loaded: workphone::scene::Mesh Actor: LOD1 pine imposters
Component Loaded: workphone::scene::MeshRenderer Actor: LOD1 pine imposters
Component Loaded: workphone::scene::Material Actor: LOD1 pine imposters
Component Loaded: workphone::scene::LODGroup Actor: Tree LOD patch
Component Loaded: workphone::scene::Mesh Actor: LOD0 pine trunks
Component Loaded: workphone::scene::MeshRenderer Actor: LOD0 pine trunks
Component Loaded: workphone::scene::Material Actor: LOD0 pine trunks
Component Loaded: workphone::scene::Mesh Actor: LOD0 pine canopy
Component Loaded: workphone::scene::MeshRenderer Actor: LOD0 pine canopy
Component Loaded: workphone::scene::Material Actor: LOD0 pine canopy
Component Loaded: workphone::scene::Mesh Actor: LOD1 pine imposters
Component Loaded: workphone::scene::MeshRenderer Actor: LOD1 pine imposters
Component Loaded: workphone::scene::Material Actor: LOD1 pine imposters
Component Loaded: workphone::scene::LODGroup Actor: Tree LOD patch
Component Loaded: workphone::scene::Mesh Actor: LOD0 pine trunks
Component Loaded: workphone::scene::MeshRenderer Actor: LOD0 pine trunks
Component Loaded: workphone::scene::Material Actor: LOD0 pine trunks
Component Loaded: workphone::scene::Mesh Actor: LOD0 pine canopy
Component Loaded: workphone::scene::MeshRenderer Actor: LOD0 pine canopy
Component Loaded: workphone::scene::Material Actor: LOD0 pine canopy
Component Loaded: workphone::scene::Mesh Actor: LOD1 pine imposters
Component Loaded: workphone::scene::MeshRenderer Actor: LOD1 pine imposters
Component Loaded: workphone::scene::Material Actor: LOD1 pine imposters
Component Loaded: workphone::scene::LODGroup Actor: Tree LOD patch
Component Loaded: workphone::scene::Mesh Actor: LOD0 pine trunks
Component Loaded: workphone::scene::MeshRenderer Actor: LOD0 pine trunks
Component Loaded: workphone::scene::Material Actor: LOD0 pine trunks
Component Loaded: workphone::scene::Mesh Actor: LOD0 pine canopy
Component Loaded: workphone::scene::MeshRenderer Actor: LOD0 pine canopy
Component Loaded: workphone::scene::Material Actor: LOD0 pine canopy
Component Loaded: workphone::scene::Mesh Actor: LOD1 pine imposters
Component Loaded: workphone::scene::MeshRenderer Actor: LOD1 pine imposters
Component Loaded: workphone::scene::Material Actor: LOD1 pine imposters
Component Loaded: workphone::scene::LODGroup Actor: Tree LOD patch
Component Loaded: workphone::scene::Mesh Actor: LOD0 pine trunks
Component Loaded: workphone::scene::MeshRenderer Actor: LOD0 pine trunks
Component Loaded: workphone::scene::Material Actor: LOD0 pine trunks
Component Loaded: workphone::scene::Mesh Actor: LOD0 pine canopy
Component Loaded: workphone::scene::MeshRenderer Actor: LOD0 pine canopy
Component Loaded: workphone::scene::Material Actor: LOD0 pine canopy
Component Loaded: workphone::scene::Mesh Actor: LOD1 pine imposters
Component Loaded: workphone::scene::MeshRenderer Actor: LOD1 pine imposters
Component Loaded: workphone::scene::Material Actor: LOD1 pine imposters
Component Loaded: workphone::scene::LODGroup Actor: Tree LOD patch
Component Loaded: workphone::scene::Mesh Actor: LOD0 pine trunks
Component Loaded: workphone::scene::MeshRenderer Actor: LOD0 pine trunks
Component Loaded: workphone::scene::Material Actor: LOD0 pine trunks
Component Loaded: workphone::scene::Mesh Actor: LOD0 pine canopy
Component Loaded: workphone::scene::MeshRenderer Actor: LOD0 pine canopy
Component Loaded: workphone::scene::Material Actor: LOD0 pine canopy
Component Loaded: workphone::scene::Mesh Actor: LOD1 pine imposters
Component Loaded: workphone::scene::MeshRenderer Actor: LOD1 pine imposters
Component Loaded: workphone::scene::Material Actor: LOD1 pine imposters
Component Loaded: workphone::scene::LODGroup Actor: Tree LOD patch
Component Loaded: workphone::scene::Mesh Actor: LOD0 pine trunks
Component Loaded: workphone::scene::MeshRenderer Actor: LOD0 pine trunks
Component Loaded: workphone::scene::Material Actor: LOD0 pine trunks
Component Loaded: workphone::scene::Mesh Actor: LOD0 pine canopy
Component Loaded: workphone::scene::MeshRenderer Actor: LOD0 pine canopy
Component Loaded: workphone::scene::Material Actor: LOD0 pine canopy
Component Loaded: workphone::scene::Mesh Actor: LOD1 pine imposters
Component Loaded: workphone::scene::MeshRenderer Actor: LOD1 pine imposters
Component Loaded: workphone::scene::Material Actor: LOD1 pine imposters
Component Loaded: workphone::scene::LODGroup Actor: Tree LOD patch
Component Loaded: workphone::scene::Mesh Actor: LOD0 pine trunks
Component Loaded: workphone::scene::MeshRenderer Actor: LOD0 pine trunks
Component Loaded: workphone::scene::Material Actor: LOD0 pine trunks
Component Loaded: workphone::scene::Mesh Actor: LOD0 pine canopy
Component Loaded: workphone::scene::MeshRenderer Actor: LOD0 pine canopy
Component Loaded: workphone::scene::Material Actor: LOD0 pine canopy
Component Loaded: workphone::scene::Mesh Actor: LOD1 pine imposters
Component Loaded: workphone::scene::MeshRenderer Actor: LOD1 pine imposters
Component Loaded: workphone::scene::Material Actor: LOD1 pine imposters
Component Loaded: workphone::scene::LODGroup Actor: Tree LOD patch
Component Loaded: workphone::scene::Mesh Actor: LOD0 pine trunks
Component Loaded: workphone::scene::MeshRenderer Actor: LOD0 pine trunks
Component Loaded: workphone::scene::Material Actor: LOD0 pine trunks
Component Loaded: workphone::scene::Mesh Actor: LOD0 pine canopy
Component Loaded: workphone::scene::MeshRenderer Actor: LOD0 pine canopy
Component Loaded: workphone::scene::Material Actor: LOD0 pine canopy
Component Loaded: workphone::scene::Mesh Actor: LOD1 pine imposters
Component Loaded: workphone::scene::MeshRenderer Actor: LOD1 pine imposters
Component Loaded: workphone::scene::Material Actor: LOD1 pine imposters
Component Loaded: workphone::scene::LODGroup Actor: Tree LOD patch
Component Loaded: workphone::scene::Mesh Actor: LOD0 pine trunks
Component Loaded: workphone::scene::MeshRenderer Actor: LOD0 pine trunks
Component Loaded: workphone::scene::Material Actor: LOD0 pine trunks
Component Loaded: workphone::scene::Mesh Actor: LOD0 pine canopy
Component Loaded: workphone::scene::MeshRenderer Actor: LOD0 pine canopy
Component Loaded: workphone::scene::Material Actor: LOD0 pine canopy
Component Loaded: workphone::scene::Mesh Actor: LOD1 pine imposters
Component Loaded: workphone::scene::MeshRenderer Actor: LOD1 pine imposters
Component Loaded: workphone::scene::Material Actor: LOD1 pine imposters
Component Loaded: workphone::scene::LODGroup Actor: Tree LOD patch
Component Loaded: workphone::scene::Mesh Actor: LOD0 pine trunks
Component Loaded: workphone::scene::MeshRenderer Actor: LOD0 pine trunks
Component Loaded: workphone::scene::Material Actor: LOD0 pine trunks
Component Loaded: workphone::scene::Mesh Actor: LOD0 pine canopy
Component Loaded: workphone::scene::MeshRenderer Actor: LOD0 pine canopy
Component Loaded: workphone::scene::Material Actor: LOD0 pine canopy
Component Loaded: workphone::scene::Mesh Actor: LOD1 pine imposters
Component Loaded: workphone::scene::MeshRenderer Actor: LOD1 pine imposters
Component Loaded: workphone::scene::Material Actor: LOD1 pine imposters
Component Loaded: workphone::scene::LODGroup Actor: Tree LOD patch
Component Loaded: workphone::scene::Mesh Actor: LOD0 pine trunks
Component Loaded: workphone::scene::MeshRenderer Actor: LOD0 pine trunks
Component Loaded: workphone::scene::Material Actor: LOD0 pine trunks
Component Loaded: workphone::scene::Mesh Actor: LOD0 pine canopy
Component Loaded: workphone::scene::MeshRenderer Actor: LOD0 pine canopy
Component Loaded: workphone::scene::Material Actor: LOD0 pine canopy
Component Loaded: workphone::scene::Mesh Actor: LOD1 pine imposters
Component Loaded: workphone::scene::MeshRenderer Actor: LOD1 pine imposters
Component Loaded: workphone::scene::Material Actor: LOD1 pine imposters
Component Loaded: workphone::scene::LODGroup Actor: Tree LOD patch
Component Loaded: workphone::scene::Mesh Actor: LOD0 pine trunks
Component Loaded: workphone::scene::MeshRenderer Actor: LOD0 pine trunks
Component Loaded: workphone::scene::Material Actor: LOD0 pine trunks
Component Loaded: workphone::scene::Mesh Actor: LOD0 pine canopy
Component Loaded: workphone::scene::MeshRenderer Actor: LOD0 pine canopy
Component Loaded: workphone::scene::Material Actor: LOD0 pine canopy
Component Loaded: workphone::scene::Mesh Actor: LOD1 pine imposters
Component Loaded: workphone::scene::MeshRenderer Actor: LOD1 pine imposters
Component Loaded: workphone::scene::Material Actor: LOD1 pine imposters
Component Loaded: workphone::scene::LODGroup Actor: Tree LOD patch
Component Loaded: workphone::scene::Mesh Actor: LOD0 pine trunks
Component Loaded: workphone::scene::MeshRenderer Actor: LOD0 pine trunks
Component Loaded: workphone::scene::Material Actor: LOD0 pine trunks
Component Loaded: workphone::scene::Mesh Actor: LOD0 pine canopy
Component Loaded: workphone::scene::MeshRenderer Actor: LOD0 pine canopy
Component Loaded: workphone::scene::Material Actor: LOD0 pine canopy
Component Loaded: workphone::scene::Mesh Actor: LOD1 pine imposters
Component Loaded: workphone::scene::MeshRenderer Actor: LOD1 pine imposters
Component Loaded: workphone::scene::Material Actor: LOD1 pine imposters
Component Loaded: workphone::scene::LODGroup Actor: Tree LOD patch
Component Loaded: workphone::scene::Mesh Actor: LOD0 pine trunks
Component Loaded: workphone::scene::MeshRenderer Actor: LOD0 pine trunks
Component Loaded: workphone::scene::Material Actor: LOD0 pine trunks
Component Loaded: workphone::scene::Mesh Actor: LOD0 pine canopy
Component Loaded: workphone::scene::MeshRenderer Actor: LOD0 pine canopy
Component Loaded: workphone::scene::Material Actor: LOD0 pine canopy
Component Loaded: workphone::scene::Mesh Actor: LOD1 pine imposters
Component Loaded: workphone::scene::MeshRenderer Actor: LOD1 pine imposters
Component Loaded: workphone::scene::Material Actor: LOD1 pine imposters
Component Loaded: workphone::scene::LODGroup Actor: Tree LOD patch
Component Loaded: workphone::scene::Mesh Actor: LOD0 pine trunks
Component Loaded: workphone::scene::MeshRenderer Actor: LOD0 pine trunks
Component Loaded: workphone::scene::Material Actor: LOD0 pine trunks
Component Loaded: workphone::scene::Mesh Actor: LOD0 pine canopy
Component Loaded: workphone::scene::MeshRenderer Actor: LOD0 pine canopy
Component Loaded: workphone::scene::Material Actor: LOD0 pine canopy
Component Loaded: workphone::scene::Mesh Actor: LOD1 pine imposters
Component Loaded: workphone::scene::MeshRenderer Actor: LOD1 pine imposters
Component Loaded: workphone::scene::Material Actor: LOD1 pine imposters
Component Loaded: workphone::scene::LODGroup Actor: Tree LOD patch
Component Loaded: workphone::scene::Mesh Actor: LOD0 pine trunks
Component Loaded: workphone::scene::MeshRenderer Actor: LOD0 pine trunks
Component Loaded: workphone::scene::Material Actor: LOD0 pine trunks
Component Loaded: workphone::scene::Mesh Actor: LOD0 pine canopy
Component Loaded: workphone::scene::MeshRenderer Actor: LOD0 pine canopy
Component Loaded: workphone::scene::Material Actor: LOD0 pine canopy
Component Loaded: workphone::scene::Mesh Actor: LOD1 pine imposters
Component Loaded: workphone::scene::MeshRenderer Actor: LOD1 pine imposters
Component Loaded: workphone::scene::Material Actor: LOD1 pine imposters
Component Loaded: workphone::scene::LODGroup Actor: Tree LOD patch
Component Loaded: workphone::scene::Mesh Actor: LOD0 pine trunks
Component Loaded: workphone::scene::MeshRenderer Actor: LOD0 pine trunks
Component Loaded: workphone::scene::Material Actor: LOD0 pine trunks
Component Loaded: workphone::scene::Mesh Actor: LOD0 pine canopy
Component Loaded: workphone::scene::MeshRenderer Actor: LOD0 pine canopy
Component Loaded: workphone::scene::Material Actor: LOD0 pine canopy
Component Loaded: workphone::scene::Mesh Actor: LOD1 pine imposters
Component Loaded: workphone::scene::MeshRenderer Actor: LOD1 pine imposters
Component Loaded: workphone::scene::Material Actor: LOD1 pine imposters
Component Loaded: workphone::scene::LODGroup Actor: Tree LOD patch
Component Loaded: workphone::scene::Mesh Actor: Distant hills
Component Loaded: workphone::scene::MeshRenderer Actor: Distant hills
Component Loaded: workphone::scene::Material Actor: Distant hills
Component Loaded: workphone::scene::Cubemap Actor: Vehicle Reflection Cubemap
Asset catalog requires an open parameterized database backend.
Asset catalog requires an open parameterized database backend.
Asset catalog requires an open parameterized database backend.
Asset catalog requires an open parameterized database backend.
Asset catalog requires an open parameterized database backend.
Asset catalog requires an open parameterized database backend.
Asset catalog requires an open parameterized database backend.
Asset catalog requires an open parameterized database backend.
Asset catalog requires an open parameterized database backend.
Asset catalog requires an open parameterized database backend.
Asset catalog requires an open parameterized database backend.
Asset catalog requires an open parameterized database backend.
Asset catalog requires an open parameterized database backend.
Asset catalog requires an open parameterized database backend.
Asset catalog requires an open parameterized database backend.
Asset catalog requires an open parameterized database backend.
Asset catalog requires an open parameterized database backend.
Asset catalog requires an open parameterized database backend.
Asset catalog requires an open parameterized database backend.
Asset catalog requires an open parameterized database backend.
Asset catalog requires an open parameterized database backend.
Asset catalog requires an open parameterized database backend.
Asset catalog requires an open parameterized database backend.
Asset catalog requires an open parameterized database backend.
Asset catalog requires an open parameterized database backend.
Asset catalog requires an open parameterized database backend.
Asset catalog requires an open parameterized database backend.
Asset catalog requires an open parameterized database backend.
Asset catalog requires an open parameterized database backend.
Asset catalog requires an open parameterized database backend.
Asset catalog requires an open parameterized database backend.
Asset catalog requires an open parameterized database backend.
Asset catalog requires an open parameterized database backend.
Asset catalog requires an open parameterized database backend.
Asset catalog requires an open parameterized database backend.
Asset catalog requires an open parameterized database backend.
Asset catalog requires an open parameterized database backend.
Asset catalog requires an open parameterized database backend.
Component Loaded: workphone::scene::Material Actor: Vehicle Reflection Cubemap
VehicleAdvanced: custom cubemap actor created; reflection applied to all vehicle materials.
Asset catalog requires an open parameterized database backend.
Asset catalog requires an open parameterized database backend.
Component Loaded: workphone::scene::Mesh Actor: Vehicle contact shadow
Component Loaded: workphone::scene::MeshRenderer Actor: Vehicle contact shadow
Component Loaded: workphone::scene::Material Actor: Vehicle contact shadow
VehicleAdvanced generation milliseconds=2259.0313999999998
VehicleAdvanced generated: seed=7 hash=14479680043490062693 triangles=20896 texture bytes=8536032 circuit metres=851.278
Database::load: asset.db
Database::load: database exists at asset.db
WheelControllerBrush only supports the Brush tire model.
WheelControllerBrush only supports the Brush tire model.
WheelControllerBrush only supports the Brush tire model.
WheelControllerBrush only supports the Brush tire model.
Component Loaded: workphone::scene::VehicleCameraController Actor: Vehicle Follow Camera
WheelControllerBrush only supports the Brush tire model.
WheelControllerBrush only supports the Brush tire model.
WheelControllerBrush only supports the Brush tire model.
WheelControllerBrush only supports the Brush tire model.
ClawImguiManager::init: creating UI context and font atlas.
ClawImguiManager::init: context configured; viewport=1280x720, docking enabled, settings=.ini
GRAND PRIX | 0.0 km/h | Gear 1 | 0 rpm | Lap 1
Lap time 0.0 s | Last 0.0 s | Best 0.0 s
Circuit 851.3 m | Seed 7
Advanced physics: dt=0.18162880000000001 mass=798 inertia=1071.79 1118.46 91.2612 angular=0 0 0 controllerMass=798 root=0 0.42 0 mount=-0.81 0.0253547 -1.93793 rate=131077 damping=4176.83 travel=0.076
GRAND PRIX | 0.0 km/h | Gear 1 | 0 rpm | Lap 1
Lap time 2.1 s | Last 0.0 s | Best 0.0 s
Circuit 851.3 m | Seed 7
Advanced physics: dt=0.016510400000000036 mass=798 inertia=1071.79 1118.46 91.2612 angular=0 0 0 controllerMass=798 root=0 0.42 0 mount=-0.81 0.0253547 -1.93793 rate=131077 damping=4176.83 travel=0.076
WheelControllerBrush only supports the Brush tire model.
WheelControllerBrush only supports the Brush tire model.
WheelControllerBrush only supports the Brush tire model.
WheelControllerBrush only supports the Brush tire model.
GRAND PRIX | 0.1 km/h | Gear 1 | 4200 rpm | Lap 1
Lap time 4.1 s | Last 0.0 s | Best 0.0 s
Circuit 851.3 m | Seed 7
Advanced physics: dt=0.016953799999999575 mass=798 inertia=1071.79 1118.46 91.2612 angular=-0.00281025 2.51576e-16 -1.009e-14 controllerMass=798 root=5.00232e-16 0.41016 0.000239332 mount=-0.81 0.0253547 -1.93793 rate=131077 damping=4176.83 travel=0.076
Vehicle smoke phase 0: PASS position=3.50721e-15 0.404522 0.000242435 speed=1.73275e-06 height range=0.00203606 peak vertical speed=0.0148742
GRAND PRIX | 3.2 km/h | Gear 2 | 15816 rpm | Lap 1
Lap time 6.1 s | Last 0.0 s | Best 0.0 s
Circuit 851.3 m | Seed 7
Advanced physics: dt=0.019507700000000128 mass=798 inertia=1071.79 1118.46 91.2612 angular=-0.00892343 -1.48e-12 -6.947e-10 controllerMass=798 root=-4.35742e-13 0.404922 -0.0421092 mount=-0.81 0.0253547 -1.93793 rate=131077 damping=4176.83 travel=0.076
GRAND PRIX | 55.6 km/h | Gear 2 | 14500 rpm | Lap 1
Lap time 8.1 s | Last 0.0 s | Best 0.0 s
Circuit 851.3 m | Seed 7
Advanced physics: dt=0.018273899999998733 mass=798 inertia=1071.79 1118.46 91.2612 angular=0.00165153 -2.14235e-08 1.73093e-07 controllerMass=798 root=2.59809e-08 0.400883 -16.1752 mount=-0.81 0.0253547 -1.93793 rate=131077 damping=4176.83 travel=0.076
Vehicle smoke phase 1: PASS position=5.61752e-05 0.395647 -58.1506 speed=29.6822 height range=0.009473 peak vertical speed=0.00699986
GRAND PRIX | 110.7 km/h | Gear 2 | 13889 rpm | Lap 1
Lap time 10.2 s | Last 0.0 s | Best 0.0 s
Circuit 851.3 m | Seed 7
Advanced physics: dt=0.018171900000000463 mass=798 inertia=1071.79 1118.46 91.2612 angular=-0.00256011 -0.139372 -0.00544205 controllerMass=798 root=0.00490928 0.395642 -61.5395 mount=-0.81 0.0253547 -1.93793 rate=131077 damping=4176.83 travel=0.076
Vehicle smoke phase 2: PASS position=16.1964 0.41186 -115.041 speed=22.6487 height range=0.027948 peak vertical speed=0.161059
GRAND PRIX | 79.2 km/h | Gear 7 | 4200 rpm | Lap 1
Lap time 12.2 s | Last 0.0 s | Best 0.0 s
Circuit 851.3 m | Seed 7 | OFF TRACK
Advanced physics: dt=0.019440599999999364 mass=798 inertia=1071.79 1118.46 91.2612 angular=-0.0307954 -0.393139 0.0615449 controllerMass=798 root=17.9159 0.38764 -118.187 mount=-0.81 0.0253547 -1.93793 rate=131077 damping=4176.83 travel=0.076
GRAND PRIX | 53.7 km/h | Gear 7 | 4200 rpm | Lap 1
Lap time 14.3 s | Last 0.0 s | Best 0.0 s
Circuit 851.3 m | Seed 7 | OFF TRACK
Advanced physics: dt=0.018149699999998603 mass=798 inertia=1071.79 1118.46 91.2612 angular=0.0167675 -0.0884938 -0.00312859 controllerMass=798 root=36.3814 0.391139 -147.752 mount=-0.81 0.0253547 -1.93793 rate=131077 damping=4176.83 travel=0.076
Vehicle smoke phase 3: PASS position=53.151 0.355222 -167.362 speed=11.187 height range=0.0646008 peak vertical speed=0.491643
GRAND PRIX | 0.0 km/h | Gear 7 | 4200 rpm | Lap 1
Lap time 0.0 s | Last 0.0 s | Best 0.0 s
Circuit 851.3 m | Seed 7
Advanced physics: dt=0.033617200000001901 mass=798 inertia=1071.79 1118.46 91.2612 angular=0 0 0 controllerMass=798 root=0 0.42 0 mount=-0.81 0.0253547 -1.93793 rate=131077 damping=4176.83 travel=0.076
GRAND PRIX | 0.2 km/h | Gear 7 | 4200 rpm | Lap 1
Lap time 2.1 s | Last 0.0 s | Best 0.0 s
Circuit 851.3 m | Seed 7
Advanced physics: dt=0.016364100000000548 mass=798 inertia=1071.79 1118.46 91.2612 angular=0.00088009 2.64891e-16 4.25661e-14 controllerMass=798 root=-1.95997e-15 0.403533 8.99369e-05 mount=-0.81 0.0253547 -1.93793 rate=131077 damping=4176.83 travel=0.076
Vehicle smoke: chassis and wheel render matrices match their poses.
Vehicle smoke phase 4: PASS position=-1.03706e-15 0.403863 9.1452e-05 speed=3.11878e-06 height range=0.0070239 peak vertical speed=0.0512272
TRACE ApplicationManager unload start
Conflicting catalog identity; insertion rejected.
Conflicting catalog identity; insertion rejected.
TRACE GameManager destructor body start
TRACE GameManager destructor body end
TRACE ApplicationManager game manager done
TRACE ApplicationManager physics manager done
TRACE ApplicationManager job queue done
TRACE ApplicationManager task manager done
TRACE ApplicationManager window done
TRACE ApplicationManager scene window done
TRACE ApplicationManager ui done
TRACE StateManager remove context begin 0000014D8BDCEEC0
TRACE StateManager context list size 46
TRACE StateManager context erase complete
TRACE StateContext unload start 0000014D8BDCEEC0 state 7
TRACE StateContext queues snapshotted 15
TRACE StateContext queue 0 0000014E3F4D29A0 start
TRACE StateContext queue 0 messages 0
TRACE StateContext queue 0 messages clear start
TRACE StateContext queue 0 messages clear end
TRACE StateContext queue 0 complete
TRACE StateContext queue 1 0000014E3F4D2AC0 start
TRACE StateContext queue 1 messages 0
TRACE StateContext queue 1 messages clear start
TRACE StateContext queue 1 messages clear end
TRACE StateContext queue 1 complete
TRACE StateContext queue 2 0000014E3F4D2BE0 start
TRACE StateContext queue 2 messages 0
TRACE StateContext queue 2 messages clear start
TRACE StateContext queue 2 messages clear end
TRACE StateContext queue 2 complete
TRACE StateContext queue 3 0000014E3F4D2D00 start
TRACE StateContext queue 3 messages 0
TRACE StateContext queue 3 messages clear start
TRACE StateContext queue 3 messages clear end
TRACE StateContext queue 3 complete
TRACE StateContext queue 4 0000014E3F4D2E20 start
TRACE StateContext queue 4 messages 0
TRACE StateContext queue 4 messages clear start
TRACE StateContext queue 4 messages clear end
TRACE StateContext queue 4 complete
TRACE StateContext queue 5 0000014E3F4D2F40 start
TRACE StateContext queue 5 messages 0
TRACE StateContext queue 5 messages clear start
TRACE StateContext queue 5 messages clear end
TRACE StateContext queue 5 complete
TRACE StateContext queue 6 0000014E3F4D3060 start
TRACE StateContext queue 6 messages 0
TRACE StateContext queue 6 messages clear start
TRACE StateContext queue 6 messages clear end
TRACE StateContext queue 6 complete
TRACE StateContext queue 7 0000014E3F4D3180 start
TRACE StateContext queue 7 messages 0
TRACE StateContext queue 7 messages clear start
TRACE StateContext queue 7 messages clear end
TRACE StateContext queue 7 complete
TRACE StateContext queue 8 0000014E3F4D32A0 start
TRACE StateContext queue 8 messages 0
TRACE StateContext queue 8 messages clear start
TRACE StateContext queue 8 messages clear end
TRACE StateContext queue 8 complete
TRACE StateContext queue 9 0000014E3F4D33C0 start
TRACE StateContext queue 9 messages 0
TRACE StateContext queue 9 messages clear start
TRACE StateContext queue 9 messages clear end
TRACE StateContext queue 9 complete
TRACE StateContext queue 10 0000014E3F4DA120 start
TRACE StateContext queue 10 messages 0
TRACE StateContext queue 10 messages clear start
TRACE StateContext queue 10 messages clear end
TRACE StateContext queue 10 complete
TRACE StateContext queue 11 0000014E3F4DA240 start
TRACE StateContext queue 11 messages 0
TRACE StateContext queue 11 messages clear start
TRACE StateContext queue 11 messages clear end
TRACE StateContext queue 11 complete
TRACE StateContext queue 12 0000014E3F4DA360 start
TRACE StateContext queue 12 messages 0
TRACE StateContext queue 12 messages clear start
TRACE StateContext queue 12 messages clear end
TRACE StateContext queue 12 complete
TRACE StateContext queue 13 0000014E3F4DA480 start
TRACE StateContext queue 13 messages 0
TRACE StateContext queue 13 messages clear start
TRACE StateContext queue 13 messages clear end
TRACE StateContext queue 13 complete
TRACE StateContext queue 14 0000014E3F4DA5A0 start
TRACE StateContext queue 14 messages 0
TRACE StateContext queue 14 messages clear start
TRACE StateContext queue 14 messages clear end
TRACE StateContext queue 14 complete
TRACE StateContext all queues drained
TRACE StateContext states snapshotted 2
TRACE StateContext states cleared
TRACE StateContext queues cleared
TRACE StateContext shared listener cleared
TRACE StateContext unload end 0000014D8BDCEEC0
TRACE StateContext unload start 0000014D8BDCEEC0 state 5
TRACE StateManager remove context begin 0000014D8BDCEF90
TRACE StateManager context list size 45
TRACE StateManager context erase complete
TRACE StateContext unload start 0000014D8BDCEF90 state 7
TRACE StateContext queues snapshotted 15
TRACE StateContext queue 0 0000014E3F4DA6C0 start
TRACE StateContext queue 0 messages 0
TRACE StateContext queue 0 messages clear start
TRACE StateContext queue 0 messages clear end
TRACE StateContext queue 0 complete
TRACE StateContext queue 1 0000014E3F4DA7E0 start
TRACE StateContext queue 1 messages 0
TRACE StateContext queue 1 messages clear start
TRACE StateContext queue 1 messages clear end
TRACE StateContext queue 1 complete
TRACE StateContext queue 2 0000014E3F4DA900 start
TRACE StateContext queue 2 messages 0
TRACE StateContext queue 2 messages clear start
TRACE StateContext queue 2 messages clear end
TRACE StateContext queue 2 complete
TRACE StateContext queue 3 0000014E3F4DAA20 start
TRACE StateContext queue 3 messages 0
TRACE StateContext queue 3 messages clear start
TRACE StateContext queue 3 messages clear end
TRACE StateContext queue 3 complete
TRACE StateContext queue 4 0000014E3F4DAB40 start
TRACE StateContext queue 4 messages 0
TRACE StateContext queue 4 messages clear start
TRACE StateContext queue 4 messages clear end
TRACE StateContext queue 4 complete
TRACE StateContext queue 5 0000014E3F4DAC60 start
TRACE StateContext queue 5 messages 0
TRACE StateContext queue 5 messages clear start
TRACE StateContext queue 5 messages clear end
TRACE StateContext queue 5 complete
TRACE StateContext queue 6 0000014E3F4DAD80 start
TRACE StateContext queue 6 messages 0
TRACE StateContext queue 6 messages clear start
TRACE StateContext queue 6 messages clear end
TRACE StateContext queue 6 complete
TRACE StateContext queue 7 0000014E3F4DAEA0 start
TRACE StateContext queue 7 messages 0
TRACE StateContext queue 7 messages clear start
TRACE StateContext queue 7 messages clear end
TRACE StateContext queue 7 complete
TRACE StateContext queue 8 0000014E3F4DAFC0 start
TRACE StateContext queue 8 messages 0
TRACE StateContext queue 8 messages clear start
TRACE StateContext queue 8 messages clear end
TRACE StateContext queue 8 complete
TRACE StateContext queue 9 0000014E3F4DB0E0 start
TRACE StateContext queue 9 messages 0
TRACE StateContext queue 9 messages clear start
TRACE StateContext queue 9 messages clear end
TRACE StateContext queue 9 complete
TRACE StateContext queue 10 0000014E3F4DB200 start
TRACE StateContext queue 10 messages 0
TRACE StateContext queue 10 messages clear start
TRACE StateContext queue 10 messages clear end
TRACE StateContext queue 10 complete
TRACE StateContext queue 11 0000014E3F4DB320 start
TRACE StateContext queue 11 messages 0
TRACE StateContext queue 11 messages clear start
TRACE StateContext queue 11 messages clear end
TRACE StateContext queue 11 complete
TRACE StateContext queue 12 0000014E3F4DB440 start
TRACE StateContext queue 12 messages 0
TRACE StateContext queue 12 messages clear start
TRACE StateContext queue 12 messages clear end
TRACE StateContext queue 12 complete
TRACE StateContext queue 13 0000014E3F4DB560 start
TRACE StateContext queue 13 messages 0
TRACE StateContext queue 13 messages clear start
TRACE StateContext queue 13 messages clear end
TRACE StateContext queue 13 complete
TRACE StateContext queue 14 0000014E3F4DB680 start
TRACE StateContext queue 14 messages 0
TRACE StateContext queue 14 messages clear start
TRACE StateContext queue 14 messages clear end
TRACE StateContext queue 14 complete
TRACE StateContext all queues drained
TRACE StateContext states snapshotted 2
TRACE StateContext states cleared
TRACE StateContext queues cleared
TRACE StateContext shared listener cleared
TRACE StateContext unload end 0000014D8BDCEF90
TRACE StateContext unload start 0000014D8BDCEF90 state 5
TRACE StateManager remove context begin 0000014D8BDCF060
TRACE StateManager context list size 44
TRACE StateManager context erase complete
TRACE StateContext unload start 0000014D8BDCF060 state 7
TRACE StateContext queues snapshotted 15
TRACE StateContext queue 0 0000014E3F4DB7A0 start
TRACE StateContext queue 0 messages 0
TRACE StateContext queue 0 messages clear start
TRACE StateContext queue 0 messages clear end
TRACE StateContext queue 0 complete
TRACE StateContext queue 1 0000014E3F4DB8C0 start
TRACE StateContext queue 1 messages 0
TRACE StateContext queue 1 messages clear start
TRACE StateContext queue 1 messages clear end
TRACE StateContext queue 1 complete
TRACE StateContext queue 2 0000014E3F4DB9E0 start
TRACE StateContext queue 2 messages 0
TRACE StateContext queue 2 messages clear start
TRACE StateContext queue 2 messages clear end
TRACE StateContext queue 2 complete
TRACE StateContext queue 3 0000014E3F4DBB00 start
TRACE StateContext queue 3 messages 0
TRACE StateContext queue 3 messages clear start
TRACE StateContext queue 3 messages clear end
TRACE StateContext queue 3 complete
TRACE StateContext queue 4 0000014E3F4DBC20 start
TRACE StateContext queue 4 messages 0
TRACE StateContext queue 4 messages clear start
TRACE StateContext queue 4 messages clear end
TRACE StateContext queue 4 complete
TRACE StateContext queue 5 0000014E3F4DBD40 start
TRACE StateContext queue 5 messages 0
TRACE StateContext queue 5 messages clear start
TRACE StateContext queue 5 messages clear end
TRACE StateContext queue 5 complete
TRACE StateContext queue 6 0000014E3F4DBE60 start
TRACE StateContext queue 6 messages 0
TRACE StateContext queue 6 messages clear start
TRACE StateContext queue 6 messages clear end
TRACE StateContext queue 6 complete
TRACE StateContext queue 7 0000014E3F4DBF80 start
TRACE StateContext queue 7 messages 0
TRACE StateContext queue 7 messages clear start
TRACE StateContext queue 7 messages clear end
TRACE StateContext queue 7 complete
TRACE StateContext queue 8 0000014E3F4DC0A0 start
TRACE StateContext queue 8 messages 0
TRACE StateContext queue 8 messages clear start
TRACE StateContext queue 8 messages clear end
TRACE StateContext queue 8 complete
TRACE StateContext queue 9 0000014E3F4DC1C0 start
TRACE StateContext queue 9 messages 0
TRACE StateContext queue 9 messages clear start
TRACE StateContext queue 9 messages clear end
TRACE StateContext queue 9 complete
TRACE StateContext queue 10 0000014E3F4DC2E0 start
TRACE StateContext queue 10 messages 0
TRACE StateContext queue 10 messages clear start
TRACE StateContext queue 10 messages clear end
TRACE StateContext queue 10 complete
TRACE StateContext queue 11 0000014E3F4DC400 start
TRACE StateContext queue 11 messages 0
TRACE StateContext queue 11 messages clear start
TRACE StateContext queue 11 messages clear end
TRACE StateContext queue 11 complete
TRACE StateContext queue 12 0000014E40B28060 start
TRACE StateContext queue 12 messages 0
TRACE StateContext queue 12 messages clear start
TRACE StateContext queue 12 messages clear end
TRACE StateContext queue 12 complete
TRACE StateContext queue 13 0000014E40B28180 start
TRACE StateContext queue 13 messages 0
TRACE StateContext queue 13 messages clear start
TRACE StateContext queue 13 messages clear end
TRACE StateContext queue 13 complete
TRACE StateContext queue 14 0000014E40B282A0 start
TRACE StateContext queue 14 messages 0
TRACE StateContext queue 14 messages clear start
TRACE StateContext queue 14 messages clear end
TRACE StateContext queue 14 complete
TRACE StateContext all queues drained
TRACE StateContext states snapshotted 2
TRACE StateContext states cleared
TRACE StateContext queues cleared
TRACE StateContext shared listener cleared
TRACE StateContext unload end 0000014D8BDCF060
TRACE StateContext unload start 0000014D8BDCF060 state 5
TRACE StateManager remove context begin 0000014D8BDCF130
TRACE StateManager context list size 43
TRACE StateManager context erase complete
TRACE StateContext unload start 0000014D8BDCF130 state 7
TRACE StateContext queues snapshotted 15
TRACE StateContext queue 0 0000014E40B283C0 start
TRACE StateContext queue 0 messages 0
TRACE StateContext queue 0 messages clear start
TRACE StateContext queue 0 messages clear end
TRACE StateContext queue 0 complete
TRACE StateContext queue 1 0000014E40B284E0 start
TRACE StateContext queue 1 messages 0
TRACE StateContext queue 1 messages clear start
TRACE StateContext queue 1 messages clear end
TRACE StateContext queue 1 complete
TRACE StateContext queue 2 0000014E40B28600 start
TRACE StateContext queue 2 messages 0
TRACE StateContext queue 2 messages clear start
TRACE StateContext queue 2 messages clear end
TRACE StateContext queue 2 complete
TRACE StateContext queue 3 0000014E40B28720 start
TRACE StateContext queue 3 messages 0
TRACE StateContext queue 3 messages clear start
TRACE StateContext queue 3 messages clear end
TRACE StateContext queue 3 complete
TRACE StateContext queue 4 0000014E40B28840 start
TRACE StateContext queue 4 messages 0
TRACE StateContext queue 4 messages clear start
TRACE StateContext queue 4 messages clear end
TRACE StateContext queue 4 complete
TRACE StateContext queue 5 0000014E40B28960 start
TRACE StateContext queue 5 messages 0
TRACE StateContext queue 5 messages clear start
TRACE StateContext queue 5 messages clear end
TRACE StateContext queue 5 complete
TRACE StateContext queue 6 0000014E40B28A80 start
TRACE StateContext queue 6 messages 0
TRACE StateContext queue 6 messages clear start
TRACE StateContext queue 6 messages clear end
TRACE StateContext queue 6 complete
TRACE StateContext queue 7 0000014E40B28BA0 start
TRACE StateContext queue 7 messages 0
TRACE StateContext queue 7 messages clear start
TRACE StateContext queue 7 messages clear end
TRACE StateContext queue 7 complete
TRACE StateContext queue 8 0000014E40B28CC0 start
TRACE StateContext queue 8 messages 0
TRACE StateContext queue 8 messages clear start
TRACE StateContext queue 8 messages clear end
TRACE StateContext queue 8 complete
TRACE StateContext queue 9 0000014E40B28DE0 start
TRACE StateContext queue 9 messages 0
TRACE StateContext queue 9 messages clear start
TRACE StateContext queue 9 messages clear end
TRACE StateContext queue 9 complete
TRACE StateContext queue 10 0000014E40B28F00 start
TRACE StateContext queue 10 messages 0
TRACE StateContext queue 10 messages clear start
TRACE StateContext queue 10 messages clear end
TRACE StateContext queue 10 complete
TRACE StateContext queue 11 0000014E40B29020 start
TRACE StateContext queue 11 messages 0
TRACE StateContext queue 11 messages clear start
TRACE StateContext queue 11 messages clear end
TRACE StateContext queue 11 complete
TRACE StateContext queue 12 0000014E40B29140 start
TRACE StateContext queue 12 messages 0
TRACE StateContext queue 12 messages clear start
TRACE StateContext queue 12 messages clear end
TRACE StateContext queue 12 complete
TRACE StateContext queue 13 0000014E40B29260 start
TRACE StateContext queue 13 messages 0
TRACE StateContext queue 13 messages clear start
TRACE StateContext queue 13 messages clear end
TRACE StateContext queue 13 complete
TRACE StateContext queue 14 0000014E40B29380 start
TRACE StateContext queue 14 messages 0
TRACE StateContext queue 14 messages clear start
TRACE StateContext queue 14 messages clear end
TRACE StateContext queue 14 complete
TRACE StateContext all queues drained
TRACE StateContext states snapshotted 2
TRACE StateContext states cleared
TRACE StateContext queues cleared
TRACE StateContext shared listener cleared
TRACE StateContext unload end 0000014D8BDCF130
TRACE StateContext unload start 0000014D8BDCF130 state 5
TRACE StateManager remove context begin 0000014D8BDCF200
TRACE StateManager context list size 42
TRACE StateManager context erase complete
TRACE StateContext unload start 0000014D8BDCF200 state 7
TRACE StateContext queues snapshotted 15
TRACE StateContext queue 0 0000014E40B294A0 start
TRACE StateContext queue 0 messages 0
TRACE StateContext queue 0 messages clear start
TRACE StateContext queue 0 messages clear end
TRACE StateContext queue 0 complete
TRACE StateContext queue 1 0000014E40B295C0 start
TRACE StateContext queue 1 messages 0
TRACE StateContext queue 1 messages clear start
TRACE StateContext queue 1 messages clear end
TRACE StateContext queue 1 complete
TRACE StateContext queue 2 0000014E40B296E0 start
TRACE StateContext queue 2 messages 0
TRACE StateContext queue 2 messages clear start
TRACE StateContext queue 2 messages clear end
TRACE StateContext queue 2 complete
TRACE StateContext queue 3 0000014E40B29800 start
TRACE StateContext queue 3 messages 0
TRACE StateContext queue 3 messages clear start
TRACE StateContext queue 3 messages clear end
TRACE StateContext queue 3 complete
TRACE StateContext queue 4 0000014E40B29920 start
TRACE StateContext queue 4 messages 0
TRACE StateContext queue 4 messages clear start
TRACE StateContext queue 4 messages clear end
TRACE StateContext queue 4 complete
TRACE StateContext queue 5 0000014E40B29A40 start
TRACE StateContext queue 5 messages 0
TRACE StateContext queue 5 messages clear start
TRACE StateContext queue 5 messages clear end
TRACE StateContext queue 5 complete
TRACE StateContext queue 6 0000014E40B29B60 start
TRACE StateContext queue 6 messages 0
TRACE StateContext queue 6 messages clear start
TRACE StateContext queue 6 messages clear end
TRACE StateContext queue 6 complete
TRACE StateContext queue 7 0000014E40B29C80 start
TRACE StateContext queue 7 messages 0
TRACE StateContext queue 7 messages clear start
TRACE StateContext queue 7 messages clear end
TRACE StateContext queue 7 complete
TRACE StateContext queue 8 0000014E40B29DA0 start
TRACE StateContext queue 8 messages 0
TRACE StateContext queue 8 messages clear start
TRACE StateContext queue 8 messages clear end
TRACE StateContext queue 8 complete
TRACE StateContext queue 9 0000014E40B29EC0 start
TRACE StateContext queue 9 messages 0
TRACE StateContext queue 9 messages clear start
TRACE StateContext queue 9 messages clear end
TRACE StateContext queue 9 complete
TRACE StateContext queue 10 0000014E40B29FE0 start
TRACE StateContext queue 10 messages 0
TRACE StateContext queue 10 messages clear start
TRACE StateContext queue 10 messages clear end
TRACE StateContext queue 10 complete
TRACE StateContext queue 11 0000014E40B2A100 start
TRACE StateContext queue 11 messages 0
TRACE StateContext queue 11 messages clear start
TRACE StateContext queue 11 messages clear end
TRACE StateContext queue 11 complete
TRACE StateContext queue 12 0000014E40B2A220 start
TRACE StateContext queue 12 messages 0
TRACE StateContext queue 12 messages clear start
TRACE StateContext queue 12 messages clear end
TRACE StateContext queue 12 complete
TRACE StateContext queue 13 0000014E40B2A340 start
TRACE StateContext queue 13 messages 0
TRACE StateContext queue 13 messages clear start
TRACE StateContext queue 13 messages clear end
TRACE StateContext queue 13 complete
TRACE StateContext queue 14 0000014E40B310A0 start
TRACE StateContext queue 14 messages 0
TRACE StateContext queue 14 messages clear start
TRACE StateContext queue 14 messages clear end
TRACE StateContext queue 14 complete
TRACE StateContext all queues drained
TRACE StateContext states snapshotted 2
TRACE StateContext states cleared
TRACE StateContext queues cleared
TRACE StateContext shared listener cleared
TRACE StateContext unload end 0000014D8BDCF200
TRACE StateContext unload start 0000014D8BDCF200 state 5
TRACE ApplicationManager render ui done
TRACE ApplicationManager package manager done
TRACE ApplicationManager network manager done
TRACE ApplicationManager camera manager done
TRACE ApplicationManager video manager done
TRACE ApplicationManager ai manager done
TRACE ApplicationManager mesh loader done
TRACE ApplicationManager input done
TRACE ApplicationManager input device manager done
TRACE ApplicationManager selection manager done
TRACE ApplicationManager database done
TRACE ApplicationManager procedural manager done
TRACE ApplicationManager command manager done
TRACE ApplicationManager resource database done
TRACE ApplicationManager resource manager done
TRACE ApplicationManager process manager done
TRACE ApplicationManager mesh manager done
TRACE ApplicationManager vehicle manager done
TRACE ApplicationManager physics2 manager done
TRACE ApplicationManager sound manager done
Unloading Debug
TRACE StateManager remove context begin 0000014D8BDCCB70
TRACE StateManager context list size 41
TRACE StateManager context erase complete
TRACE StateContext unload start 0000014D8BDCCB70 state 7
TRACE StateContext queues snapshotted 15
TRACE StateContext queue 0 0000014D8BDCB840 start
TRACE StateContext queue 0 messages 0
TRACE StateContext queue 0 messages clear start
TRACE StateContext queue 0 messages clear end
TRACE StateContext queue 0 complete
TRACE StateContext queue 1 0000014D8BDCB960 start
TRACE StateContext queue 1 messages 0
TRACE StateContext queue 1 messages clear start
TRACE StateContext queue 1 messages clear end
TRACE StateContext queue 1 complete
TRACE StateContext queue 2 0000014D8BDCBA80 start
TRACE StateContext queue 2 messages 0
TRACE StateContext queue 2 messages clear start
TRACE StateContext queue 2 messages clear end
TRACE StateContext queue 2 complete
TRACE StateContext queue 3 0000014D8BDCBBA0 start
TRACE StateContext queue 3 messages 0
TRACE StateContext queue 3 messages clear start
TRACE StateContext queue 3 messages clear end
TRACE StateContext queue 3 complete
TRACE StateContext queue 4 0000014D8BDCBCC0 start
TRACE StateContext queue 4 messages 0
TRACE StateContext queue 4 messages clear start
TRACE StateContext queue 4 messages clear end
TRACE StateContext queue 4 complete
TRACE StateContext queue 5 0000014D8BDCBDE0 start
TRACE StateContext queue 5 messages 0
TRACE StateContext queue 5 messages clear start
TRACE StateContext queue 5 messages clear end
TRACE StateContext queue 5 complete
TRACE StateContext queue 6 0000014D8BDCBF00 start
TRACE StateContext queue 6 messages 0
TRACE StateContext queue 6 messages clear start
TRACE StateContext queue 6 messages clear end
TRACE StateContext queue 6 complete
TRACE StateContext queue 7 0000014D8BDCC020 start
TRACE StateContext queue 7 messages 0
TRACE StateContext queue 7 messages clear start
TRACE StateContext queue 7 messages clear end
TRACE StateContext queue 7 complete
TRACE StateContext queue 8 0000014D8BDCC140 start
TRACE StateContext queue 8 messages 0
TRACE StateContext queue 8 messages clear start
TRACE StateContext queue 8 messages clear end
TRACE StateContext queue 8 complete
TRACE StateContext queue 9 0000014D8BDCC260 start
TRACE StateContext queue 9 messages 0
TRACE StateContext queue 9 messages clear start
TRACE StateContext queue 9 messages clear end
TRACE StateContext queue 9 complete
TRACE StateContext queue 10 0000014D8BDCC380 start
TRACE StateContext queue 10 messages 0
TRACE StateContext queue 10 messages clear start
TRACE StateContext queue 10 messages clear end
TRACE StateContext queue 10 complete
TRACE StateContext queue 11 0000014D8BDCC4A0 start
TRACE StateContext queue 11 messages 0
TRACE StateContext queue 11 messages clear start
TRACE StateContext queue 11 messages clear end
TRACE StateContext queue 11 complete
TRACE StateContext queue 12 0000014D8BDCC5C0 start
TRACE StateContext queue 12 messages 0
TRACE StateContext queue 12 messages clear start
TRACE StateContext queue 12 messages clear end
TRACE StateContext queue 12 complete
TRACE StateContext queue 13 0000014D8BDCC6E0 start
TRACE StateContext queue 13 messages 0
TRACE StateContext queue 13 messages clear start
TRACE StateContext queue 13 messages clear end
TRACE StateContext queue 13 complete
TRACE StateContext queue 14 0000014D8BDCC800 start
TRACE StateContext queue 14 messages 0
TRACE StateContext queue 14 messages clear start
TRACE StateContext queue 14 messages clear end
TRACE StateContext queue 14 complete
TRACE StateContext all queues drained
TRACE StateContext states snapshotted 0
TRACE StateContext states cleared
TRACE StateContext queues cleared
TRACE StateContext shared listener cleared
TRACE StateContext unload end 0000014D8BDCCB70
TRACE StateContext unload start 0000014D8BDCCB70 state 5
GraphicsPipeline: Shutdown complete
GraphicsPipeline: Destructor called
TRACE base GraphicsScene unload start 0000014D8FC03730
TRACE base GraphicsScene clear done
TRACE base GraphicsScene state cleanup start
TRACE base GraphicsScene node context 0000014D8BDCCEB0
TRACE base GraphicsScene node listener removed
TRACE StateManager remove context begin 0000014D8BDCCEB0
TRACE StateManager context list size 40
TRACE StateManager context erase complete
TRACE StateContext unload start 0000014D8BDCCEB0 state 7
TRACE StateContext queues snapshotted 15
TRACE StateContext queue 0 0000014D8FBB0300 start
TRACE StateContext queue 0 messages 0
TRACE StateContext queue 0 messages clear start
TRACE StateContext queue 0 messages clear end
TRACE StateContext queue 0 complete
TRACE StateContext queue 1 0000014D8FBB0420 start
TRACE StateContext queue 1 messages 0
TRACE StateContext queue 1 messages clear start
TRACE StateContext queue 1 messages clear end
TRACE StateContext queue 1 complete
TRACE StateContext queue 2 0000014D8FBB0540 start
TRACE StateContext queue 2 messages 0
TRACE StateContext queue 2 messages clear start
TRACE StateContext queue 2 messages clear end
TRACE StateContext queue 2 complete
TRACE StateContext queue 3 0000014D8FBB0660 start
TRACE StateContext queue 3 messages 0
TRACE StateContext queue 3 messages clear start
TRACE StateContext queue 3 messages clear end
TRACE StateContext queue 3 complete
TRACE StateContext queue 4 0000014D8FBB0780 start
TRACE StateContext queue 4 messages 0
TRACE StateContext queue 4 messages clear start
TRACE StateContext queue 4 messages clear end
TRACE StateContext queue 4 complete
TRACE StateContext queue 5 0000014D8FBB08A0 start
TRACE StateContext queue 5 messages 0
TRACE StateContext queue 5 messages clear start
TRACE StateContext queue 5 messages clear end
TRACE StateContext queue 5 complete
TRACE StateContext queue 6 0000014D8FBB09C0 start
TRACE StateContext queue 6 messages 0
TRACE StateContext queue 6 messages clear start
TRACE StateContext queue 6 messages clear end
TRACE StateContext queue 6 complete
TRACE StateContext queue 7 0000014D8FBB0AE0 start
TRACE StateContext queue 7 messages 0
TRACE StateContext queue 7 messages clear start
TRACE StateContext queue 7 messages clear end
TRACE StateContext queue 7 complete
TRACE StateContext queue 8 0000014D8FBB0C00 start
TRACE StateContext queue 8 messages 0
TRACE StateContext queue 8 messages clear start
TRACE StateContext queue 8 messages clear end
TRACE StateContext queue 8 complete
TRACE StateContext queue 9 0000014D8FBB0D20 start
TRACE StateContext queue 9 messages 0
TRACE StateContext queue 9 messages clear start
TRACE StateContext queue 9 messages clear end
TRACE StateContext queue 9 complete
TRACE StateContext queue 10 0000014D8FBB0E40 start
TRACE StateContext queue 10 messages 0
TRACE StateContext queue 10 messages clear start
TRACE StateContext queue 10 messages clear end
TRACE StateContext queue 10 complete
TRACE StateContext queue 11 0000014D8FBB0F60 start
TRACE StateContext queue 11 messages 0
TRACE StateContext queue 11 messages clear start
TRACE StateContext queue 11 messages clear end
TRACE StateContext queue 11 complete
TRACE StateContext queue 12 0000014D8FBB1080 start
TRACE StateContext queue 12 messages 0
TRACE StateContext queue 12 messages clear start
TRACE StateContext queue 12 messages clear end
TRACE StateContext queue 12 complete
TRACE StateContext queue 13 0000014D8FBB11A0 start
TRACE StateContext queue 13 messages 0
TRACE StateContext queue 13 messages clear start
TRACE StateContext queue 13 messages clear end
TRACE StateContext queue 13 complete
TRACE StateContext queue 14 0000014D8FBB12C0 start
TRACE StateContext queue 14 messages 0
TRACE StateContext queue 14 messages clear start
TRACE StateContext queue 14 messages clear end
TRACE StateContext queue 14 complete
TRACE StateContext all queues drained
TRACE StateContext states snapshotted 0
TRACE StateContext states cleared
TRACE StateContext queues cleared
TRACE StateContext shared listener cleared
TRACE StateContext unload end 0000014D8BDCCEB0
TRACE base GraphicsScene node context removed
TRACE base GraphicsScene node context owner cleared
TRACE base GraphicsScene scene-node context done
TRACE StateManager remove context begin 0000014D8BDCD050
TRACE StateManager context list size 39
TRACE StateManager context erase complete
TRACE StateContext unload start 0000014D8BDCD050 state 7
TRACE StateContext queues snapshotted 15
TRACE StateContext queue 0 0000014D8FBB24D0 start
TRACE StateContext queue 0 messages 0
TRACE StateContext queue 0 messages clear start
TRACE StateContext queue 0 messages clear end
TRACE StateContext queue 0 complete
TRACE StateContext queue 1 0000014D8FBB25F0 start
TRACE StateContext queue 1 messages 0
TRACE StateContext queue 1 messages clear start
TRACE StateContext queue 1 messages clear end
TRACE StateContext queue 1 complete
TRACE StateContext queue 2 0000014D8FBB2710 start
TRACE StateContext queue 2 messages 0
TRACE StateContext queue 2 messages clear start
TRACE StateContext queue 2 messages clear end
TRACE StateContext queue 2 complete
TRACE StateContext queue 3 0000014D8FBB2830 start
TRACE StateContext queue 3 messages 0
TRACE StateContext queue 3 messages clear start
TRACE StateContext queue 3 messages clear end
TRACE StateContext queue 3 complete
TRACE StateContext queue 4 0000014D8FBB2950 start
TRACE StateContext queue 4 messages 0
TRACE StateContext queue 4 messages clear start
TRACE StateContext queue 4 messages clear end
TRACE StateContext queue 4 complete
TRACE StateContext queue 5 0000014D8FBB2A70 start
TRACE StateContext queue 5 messages 0
TRACE StateContext queue 5 messages clear start
TRACE StateContext queue 5 messages clear end
TRACE StateContext queue 5 complete
TRACE StateContext queue 6 0000014D8FBB2B90 start
TRACE StateContext queue 6 messages 0
TRACE StateContext queue 6 messages clear start
TRACE StateContext queue 6 messages clear end
TRACE StateContext queue 6 complete
TRACE StateContext queue 7 0000014D8FBB2CB0 start
TRACE StateContext queue 7 messages 0
TRACE StateContext queue 7 messages clear start
TRACE StateContext queue 7 messages clear end
TRACE StateContext queue 7 complete
TRACE StateContext queue 8 0000014D8FBB2DD0 start
TRACE StateContext queue 8 messages 0
TRACE StateContext queue 8 messages clear start
TRACE StateContext queue 8 messages clear end
TRACE StateContext queue 8 complete
TRACE StateContext queue 9 0000014D8FBB2EF0 start
TRACE StateContext queue 9 messages 0
TRACE StateContext queue 9 messages clear start
TRACE StateContext queue 9 messages clear end
TRACE StateContext queue 9 complete
TRACE StateContext queue 10 0000014D8FBB3010 start
TRACE StateContext queue 10 messages 0
TRACE StateContext queue 10 messages clear start
TRACE StateContext queue 10 messages clear end
TRACE StateContext queue 10 complete
TRACE StateContext queue 11 0000014D8FBB3130 start
TRACE StateContext queue 11 messages 0
TRACE StateContext queue 11 messages clear start
TRACE StateContext queue 11 messages clear end
TRACE StateContext queue 11 complete
TRACE StateContext queue 12 0000014D8FBB3250 start
TRACE StateContext queue 12 messages 0
TRACE StateContext queue 12 messages clear start
TRACE StateContext queue 12 messages clear end
TRACE StateContext queue 12 complete
TRACE StateContext queue 13 0000014D8FBB3370 start
TRACE StateContext queue 13 messages 0
TRACE StateContext queue 13 messages clear start
TRACE StateContext queue 13 messages clear end
TRACE StateContext queue 13 complete
TRACE StateContext queue 14 0000014D8FBB3490 start
TRACE StateContext queue 14 messages 0
TRACE StateContext queue 14 messages clear start
TRACE StateContext queue 14 messages clear end
TRACE StateContext queue 14 complete
TRACE StateContext all queues drained
TRACE StateContext states snapshotted 0
TRACE StateContext states cleared
TRACE StateContext queues cleared
TRACE StateContext shared listener cleared
TRACE StateContext unload end 0000014D8BDCD050
TRACE StateManager remove context begin 0000014D8BDCCF80
TRACE StateManager context list size 38
TRACE StateManager context erase complete
TRACE StateContext unload start 0000014D8BDCCF80 state 7
TRACE StateContext queues snapshotted 15
TRACE StateContext queue 0 0000014D8FBB13E0 start
TRACE StateContext queue 0 messages 0
TRACE StateContext queue 0 messages clear start
TRACE StateContext queue 0 messages clear end
TRACE StateContext queue 0 complete
TRACE StateContext queue 1 0000014D8FBB1500 start
TRACE StateContext queue 1 messages 0
TRACE StateContext queue 1 messages clear start
TRACE StateContext queue 1 messages clear end
TRACE StateContext queue 1 complete
TRACE StateContext queue 2 0000014D8FBB1620 start
TRACE StateContext queue 2 messages 0
TRACE StateContext queue 2 messages clear start
TRACE StateContext queue 2 messages clear end
TRACE StateContext queue 2 complete
TRACE StateContext queue 3 0000014D8FBB1740 start
TRACE StateContext queue 3 messages 0
TRACE StateContext queue 3 messages clear start
TRACE StateContext queue 3 messages clear end
TRACE StateContext queue 3 complete
TRACE StateContext queue 4 0000014D8FBB1860 start
TRACE StateContext queue 4 messages 0
TRACE StateContext queue 4 messages clear start
TRACE StateContext queue 4 messages clear end
TRACE StateContext queue 4 complete
TRACE StateContext queue 5 0000014D8FBB1980 start
TRACE StateContext queue 5 messages 0
TRACE StateContext queue 5 messages clear start
TRACE StateContext queue 5 messages clear end
TRACE StateContext queue 5 complete
TRACE StateContext queue 6 0000014D8FBB1AB0 start
TRACE StateContext queue 6 messages 0
TRACE StateContext queue 6 messages clear start
TRACE StateContext queue 6 messages clear end
TRACE StateContext queue 6 complete
TRACE StateContext queue 7 0000014D8FBB1BD0 start
TRACE StateContext queue 7 messages 0
TRACE StateContext queue 7 messages clear start
TRACE StateContext queue 7 messages clear end
TRACE StateContext queue 7 complete
TRACE StateContext queue 8 0000014D8FBB1CF0 start
TRACE StateContext queue 8 messages 0
TRACE StateContext queue 8 messages clear start
TRACE StateContext queue 8 messages clear end
TRACE StateContext queue 8 complete
TRACE StateContext queue 9 0000014D8FBB1E10 start
TRACE StateContext queue 9 messages 0
TRACE StateContext queue 9 messages clear start
TRACE StateContext queue 9 messages clear end
TRACE StateContext queue 9 complete
TRACE StateContext queue 10 0000014D8FBB1F30 start
TRACE StateContext queue 10 messages 0
TRACE StateContext queue 10 messages clear start
TRACE StateContext queue 10 messages clear end
TRACE StateContext queue 10 complete
TRACE StateContext queue 11 0000014D8FBB2050 start
TRACE StateContext queue 11 messages 0
TRACE StateContext queue 11 messages clear start
TRACE StateContext queue 11 messages clear end
TRACE StateContext queue 11 complete
TRACE StateContext queue 12 0000014D8FBB2170 start
TRACE StateContext queue 12 messages 0
TRACE StateContext queue 12 messages clear start
TRACE StateContext queue 12 messages clear end
TRACE StateContext queue 12 complete
TRACE StateContext queue 13 0000014D8FBB2290 start
TRACE StateContext queue 13 messages 0
TRACE StateContext queue 13 messages clear start
TRACE StateContext queue 13 messages clear end
TRACE StateContext queue 13 complete
TRACE StateContext queue 14 0000014D8FBB23B0 start
TRACE StateContext queue 14 messages 0
TRACE StateContext queue 14 messages clear start
TRACE StateContext queue 14 messages clear end
TRACE StateContext queue 14 complete
TRACE StateContext all queues drained
TRACE StateContext states snapshotted 0
TRACE StateContext states cleared
TRACE StateContext queues cleared
TRACE StateContext shared listener cleared
TRACE StateContext unload end 0000014D8BDCCF80
TRACE StateManager remove context begin 0000014D8BDCD120
TRACE StateManager context list size 37
TRACE StateManager context erase complete
TRACE StateContext unload start 0000014D8BDCD120 state 7
TRACE StateContext queues snapshotted 15
TRACE StateContext queue 0 0000014D8FBB35B0 start
TRACE StateContext queue 0 messages 0
TRACE StateContext queue 0 messages clear start
TRACE StateContext queue 0 messages clear end
TRACE StateContext queue 0 complete
TRACE StateContext queue 1 0000014D8FBB36D0 start
TRACE StateContext queue 1 messages 0
TRACE StateContext queue 1 messages clear start
TRACE StateContext queue 1 messages clear end
TRACE StateContext queue 1 complete
TRACE StateContext queue 2 0000014D8FBB37F0 start
TRACE StateContext queue 2 messages 0
TRACE StateContext queue 2 messages clear start
TRACE StateContext queue 2 messages clear end
TRACE StateContext queue 2 complete
TRACE StateContext queue 3 0000014D8FBB3910 start
TRACE StateContext queue 3 messages 0
TRACE StateContext queue 3 messages clear start
TRACE StateContext queue 3 messages clear end
TRACE StateContext queue 3 complete
TRACE StateContext queue 4 0000014D8FBB3A30 start
TRACE StateContext queue 4 messages 0
TRACE StateContext queue 4 messages clear start
TRACE StateContext queue 4 messages clear end
TRACE StateContext queue 4 complete
TRACE StateContext queue 5 0000014D8FBB3B50 start
TRACE StateContext queue 5 messages 0
TRACE StateContext queue 5 messages clear start
TRACE StateContext queue 5 messages clear end
TRACE StateContext queue 5 complete
TRACE StateContext queue 6 0000014D8FBB3C70 start
TRACE StateContext queue 6 messages 0
TRACE StateContext queue 6 messages clear start
TRACE StateContext queue 6 messages clear end
TRACE StateContext queue 6 complete
TRACE StateContext queue 7 0000014D8FBB3D90 start
TRACE StateContext queue 7 messages 0
TRACE StateContext queue 7 messages clear start
TRACE StateContext queue 7 messages clear end
TRACE StateContext queue 7 complete
TRACE StateContext queue 8 0000014D8FBB3EC0 start
TRACE StateContext queue 8 messages 0
TRACE StateContext queue 8 messages clear start
TRACE StateContext queue 8 messages clear end
TRACE StateContext queue 8 complete
TRACE StateContext queue 9 0000014D8FBB3FE0 start
TRACE StateContext queue 9 messages 0
TRACE StateContext queue 9 messages clear start
TRACE StateContext queue 9 messages clear end
TRACE StateContext queue 9 complete
TRACE StateContext queue 10 0000014D8FBB4100 start
TRACE StateContext queue 10 messages 0
TRACE StateContext queue 10 messages clear start
TRACE StateContext queue 10 messages clear end
TRACE StateContext queue 10 complete
TRACE StateContext queue 11 0000014D8FBB4220 start
TRACE StateContext queue 11 messages 0
TRACE StateContext queue 11 messages clear start
TRACE StateContext queue 11 messages clear end
TRACE StateContext queue 11 complete
TRACE StateContext queue 12 0000014D8FBB4340 start
TRACE StateContext queue 12 messages 0
TRACE StateContext queue 12 messages clear start
TRACE StateContext queue 12 messages clear end
TRACE StateContext queue 12 complete
TRACE StateContext queue 13 0000014D8FBB4460 start
TRACE StateContext queue 13 messages 0
TRACE StateContext queue 13 messages clear start
TRACE StateContext queue 13 messages clear end
TRACE StateContext queue 13 complete
TRACE StateContext queue 14 0000014D8FBB4580 start
TRACE StateContext queue 14 messages 0
TRACE StateContext queue 14 messages clear start
TRACE StateContext queue 14 messages clear end
TRACE StateContext queue 14 complete
TRACE StateContext all queues drained
TRACE StateContext states snapshotted 0
TRACE StateContext states cleared
TRACE StateContext queues cleared
TRACE StateContext shared listener cleared
TRACE StateContext unload end 0000014D8BDCD120
TRACE base GraphicsScene object contexts done
TRACE StateContext unload start 0000014D8BDCD050 state 5
TRACE StateContext unload start 0000014D8BDCCF80 state 5
TRACE StateContext unload start 0000014D8BDCD120 state 5
TRACE StateManager remove context begin 0000014D8BDCCDE0
TRACE StateManager context list size 36
TRACE StateManager context erase complete
TRACE StateContext unload start 0000014D8BDCCDE0 state 7
TRACE StateContext queues snapshotted 15
TRACE StateContext queue 0 0000014D8E19CB40 start
TRACE StateContext queue 0 messages 0
TRACE StateContext queue 0 messages clear start
TRACE StateContext queue 0 messages clear end
TRACE StateContext queue 0 complete
TRACE StateContext queue 1 0000014D8E19CC60 start
TRACE StateContext queue 1 messages 0
TRACE StateContext queue 1 messages clear start
TRACE StateContext queue 1 messages clear end
TRACE StateContext queue 1 complete
TRACE StateContext queue 2 0000014D8E19CD80 start
TRACE StateContext queue 2 messages 0
TRACE StateContext queue 2 messages clear start
TRACE StateContext queue 2 messages clear end
TRACE StateContext queue 2 complete
TRACE StateContext queue 3 0000014D8E19CEA0 start
TRACE StateContext queue 3 messages 0
TRACE StateContext queue 3 messages clear start
TRACE StateContext queue 3 messages clear end
TRACE StateContext queue 3 complete
TRACE StateContext queue 4 0000014D8FBAF6A0 start
TRACE StateContext queue 4 messages 0
TRACE StateContext queue 4 messages clear start
TRACE StateContext queue 4 messages clear end
TRACE StateContext queue 4 complete
TRACE StateContext queue 5 0000014D8FBAF7C0 start
TRACE StateContext queue 5 messages 0
TRACE StateContext queue 5 messages clear start
TRACE StateContext queue 5 messages clear end
TRACE StateContext queue 5 complete
TRACE StateContext queue 6 0000014D8FBAF8E0 start
TRACE StateContext queue 6 messages 0
TRACE StateContext queue 6 messages clear start
TRACE StateContext queue 6 messages clear end
TRACE StateContext queue 6 complete
TRACE StateContext queue 7 0000014D8FBAFA00 start
TRACE StateContext queue 7 messages 0
TRACE StateContext queue 7 messages clear start
TRACE StateContext queue 7 messages clear end
TRACE StateContext queue 7 complete
TRACE StateContext queue 8 0000014D8FBAFB20 start
TRACE StateContext queue 8 messages 0
TRACE StateContext queue 8 messages clear start
TRACE StateContext queue 8 messages clear end
TRACE StateContext queue 8 complete
TRACE StateContext queue 9 0000014D8FBAFC40 start
TRACE StateContext queue 9 messages 0
TRACE StateContext queue 9 messages clear start
TRACE StateContext queue 9 messages clear end
TRACE StateContext queue 9 complete
TRACE StateContext queue 10 0000014D8FBAFD60 start
TRACE StateContext queue 10 messages 0
TRACE StateContext queue 10 messages clear start
TRACE StateContext queue 10 messages clear end
TRACE StateContext queue 10 complete
TRACE StateContext queue 11 0000014D8FBAFE80 start
TRACE StateContext queue 11 messages 0
TRACE StateContext queue 11 messages clear start
TRACE StateContext queue 11 messages clear end
TRACE StateContext queue 11 complete
TRACE StateContext queue 12 0000014D8FBAFFA0 start
TRACE StateContext queue 12 messages 0
TRACE StateContext queue 12 messages clear start
TRACE StateContext queue 12 messages clear end
TRACE StateContext queue 12 complete
TRACE StateContext queue 13 0000014D8FBB00C0 start
TRACE StateContext queue 13 messages 0
TRACE StateContext queue 13 messages clear start
TRACE StateContext queue 13 messages clear end
TRACE StateContext queue 13 complete
TRACE StateContext queue 14 0000014D8FBB01E0 start
TRACE StateContext queue 14 messages 0
TRACE StateContext queue 14 messages clear start
TRACE StateContext queue 14 messages clear end
TRACE StateContext queue 14 complete
TRACE StateContext all queues drained
TRACE StateContext states snapshotted 2
TRACE StateContext states cleared
TRACE StateContext queues cleared
TRACE StateContext shared listener cleared
TRACE StateContext unload end 0000014D8BDCCDE0
TRACE StateContext unload start 0000014D8BDCCDE0 state 5
TRACE base GraphicsScene unload end
TRACE StateManager remove context begin 0000014D8BDCCD10
TRACE StateManager context list size 35
TRACE StateManager context erase complete
TRACE StateContext unload start 0000014D8BDCCD10 state 7
TRACE StateContext queues snapshotted 15
TRACE StateContext queue 0 0000014D8E19BA60 start
TRACE StateContext queue 0 messages 0
TRACE StateContext queue 0 messages clear start
TRACE StateContext queue 0 messages clear end
TRACE StateContext queue 0 complete
TRACE StateContext queue 1 0000014D8E19BB80 start
TRACE StateContext queue 1 messages 0
TRACE StateContext queue 1 messages clear start
TRACE StateContext queue 1 messages clear end
TRACE StateContext queue 1 complete
TRACE StateContext queue 2 0000014D8E19BCA0 start
TRACE StateContext queue 2 messages 0
TRACE StateContext queue 2 messages clear start
TRACE StateContext queue 2 messages clear end
TRACE StateContext queue 2 complete
TRACE StateContext queue 3 0000014D8E19BDC0 start
TRACE StateContext queue 3 messages 0
TRACE StateContext queue 3 messages clear start
TRACE StateContext queue 3 messages clear end
TRACE StateContext queue 3 complete
TRACE StateContext queue 4 0000014D8E19BEE0 start
TRACE StateContext queue 4 messages 0
TRACE StateContext queue 4 messages clear start
TRACE StateContext queue 4 messages clear end
TRACE StateContext queue 4 complete
TRACE StateContext queue 5 0000014D8E19C000 start
TRACE StateContext queue 5 messages 0
TRACE StateContext queue 5 messages clear start
TRACE StateContext queue 5 messages clear end
TRACE StateContext queue 5 complete
TRACE StateContext queue 6 0000014D8E19C120 start
TRACE StateContext queue 6 messages 0
TRACE StateContext queue 6 messages clear start
TRACE StateContext queue 6 messages clear end
TRACE StateContext queue 6 complete
TRACE StateContext queue 7 0000014D8E19C240 start
TRACE StateContext queue 7 messages 0
TRACE StateContext queue 7 messages clear start
TRACE StateContext queue 7 messages clear end
TRACE StateContext queue 7 complete
TRACE StateContext queue 8 0000014D8E19C360 start
TRACE StateContext queue 8 messages 0
TRACE StateContext queue 8 messages clear start
TRACE StateContext queue 8 messages clear end
TRACE StateContext queue 8 complete
TRACE StateContext queue 9 0000014D8E19C480 start
TRACE StateContext queue 9 messages 0
TRACE StateContext queue 9 messages clear start
TRACE StateContext queue 9 messages clear end
TRACE StateContext queue 9 complete
TRACE StateContext queue 10 0000014D8E19C5A0 start
TRACE StateContext queue 10 messages 0
TRACE StateContext queue 10 messages clear start
TRACE StateContext queue 10 messages clear end
TRACE StateContext queue 10 complete
TRACE StateContext queue 11 0000014D8E19C6C0 start
TRACE StateContext queue 11 messages 0
TRACE StateContext queue 11 messages clear start
TRACE StateContext queue 11 messages clear end
TRACE StateContext queue 11 complete
TRACE StateContext queue 12 0000014D8E19C7E0 start
TRACE StateContext queue 12 messages 0
TRACE StateContext queue 12 messages clear start
TRACE StateContext queue 12 messages clear end
TRACE StateContext queue 12 complete
TRACE StateContext queue 13 0000014D8E19C900 start
TRACE StateContext queue 13 messages 0
TRACE StateContext queue 13 messages clear start
TRACE StateContext queue 13 messages clear end
TRACE StateContext queue 13 complete
TRACE StateContext queue 14 0000014D8E19CA20 start
TRACE StateContext queue 14 messages 0
TRACE StateContext queue 14 messages clear start
TRACE StateContext queue 14 messages clear end
TRACE StateContext queue 14 complete
TRACE StateContext all queues drained
TRACE StateContext states snapshotted 2
TRACE StateContext states cleared
TRACE StateContext queues cleared
TRACE StateContext shared listener cleared
TRACE StateContext unload end 0000014D8BDCCD10
TRACE StateContext unload start 0000014D8BDCCD10 state 5
TRACE StateManager remove context begin 0000014D8BDCCC40
TRACE StateManager context list size 34
TRACE StateManager context erase complete
TRACE StateContext unload start 0000014D8BDCCC40 state 7
TRACE StateContext queues snapshotted 15
TRACE StateContext queue 0 0000014D8BDCC920 start
TRACE StateContext queue 0 messages 0
TRACE StateContext queue 0 messages clear start
TRACE StateContext queue 0 messages clear end
TRACE StateContext queue 0 complete
TRACE StateContext queue 1 0000014D8BDCCA40 start
TRACE StateContext queue 1 messages 0
TRACE StateContext queue 1 messages clear start
TRACE StateContext queue 1 messages clear end
TRACE StateContext queue 1 complete
TRACE StateContext queue 2 0000014D8E19ABC0 start
TRACE StateContext queue 2 messages 0
TRACE StateContext queue 2 messages clear start
TRACE StateContext queue 2 messages clear end
TRACE StateContext queue 2 complete
TRACE StateContext queue 3 0000014D8E19ACE0 start
TRACE StateContext queue 3 messages 0
TRACE StateContext queue 3 messages clear start
TRACE StateContext queue 3 messages clear end
TRACE StateContext queue 3 complete
TRACE StateContext queue 4 0000014D8E19AE00 start
TRACE StateContext queue 4 messages 0
TRACE StateContext queue 4 messages clear start
TRACE StateContext queue 4 messages clear end
TRACE StateContext queue 4 complete
TRACE StateContext queue 5 0000014D8E19AF20 start
TRACE StateContext queue 5 messages 0
TRACE StateContext queue 5 messages clear start
TRACE StateContext queue 5 messages clear end
TRACE StateContext queue 5 complete
TRACE StateContext queue 6 0000014D8E19B040 start
TRACE StateContext queue 6 messages 0
TRACE StateContext queue 6 messages clear start
TRACE StateContext queue 6 messages clear end
TRACE StateContext queue 6 complete
TRACE StateContext queue 7 0000014D8E19B160 start
TRACE StateContext queue 7 messages 0
TRACE StateContext queue 7 messages clear start
TRACE StateContext queue 7 messages clear end
TRACE StateContext queue 7 complete
TRACE StateContext queue 8 0000014D8E19B280 start
TRACE StateContext queue 8 messages 0
TRACE StateContext queue 8 messages clear start
TRACE StateContext queue 8 messages clear end
TRACE StateContext queue 8 complete
TRACE StateContext queue 9 0000014D8E19B3A0 start
TRACE StateContext queue 9 messages 0
TRACE StateContext queue 9 messages clear start
TRACE StateContext queue 9 messages clear end
TRACE StateContext queue 9 complete
TRACE StateContext queue 10 0000014D8E19B4C0 start
TRACE StateContext queue 10 messages 0
TRACE StateContext queue 10 messages clear start
TRACE StateContext queue 10 messages clear end
TRACE StateContext queue 10 complete
TRACE StateContext queue 11 0000014D8E19B5E0 start
TRACE StateContext queue 11 messages 0
TRACE StateContext queue 11 messages clear start
TRACE StateContext queue 11 messages clear end
TRACE StateContext queue 11 complete
TRACE StateContext queue 12 0000014D8E19B700 start
TRACE StateContext queue 12 messages 0
TRACE StateContext queue 12 messages clear start
TRACE StateContext queue 12 messages clear end
TRACE StateContext queue 12 complete
TRACE StateContext queue 13 0000014D8E19B820 start
TRACE StateContext queue 13 messages 0
TRACE StateContext queue 13 messages clear start
TRACE StateContext queue 13 messages clear end
TRACE StateContext queue 13 complete
TRACE StateContext queue 14 0000014D8E19B940 start
TRACE StateContext queue 14 messages 0
TRACE StateContext queue 14 messages clear start
TRACE StateContext queue 14 messages clear end
TRACE StateContext queue 14 complete
TRACE StateContext all queues drained
TRACE StateContext states snapshotted 0
TRACE StateContext states cleared
TRACE StateContext queues cleared
TRACE StateContext shared listener cleared
TRACE StateContext unload end 0000014D8BDCCC40
TRACE StateContext unload start 0000014D8BDCCC40 state 5
TRACE ApplicationManager graphics system done
TRACE StateContext unload start 0000014D8BDCD1F0 state 7
TRACE StateContext queues snapshotted 15
TRACE StateContext queue 0 0000014D8FBB46A0 start
TRACE StateContext queue 0 messages 0
TRACE StateContext queue 0 messages clear start
TRACE StateContext queue 0 messages clear end
TRACE StateContext queue 0 complete
TRACE StateContext queue 1 0000014D8FBB47C0 start
TRACE StateContext queue 1 messages 0
TRACE StateContext queue 1 messages clear start
TRACE StateContext queue 1 messages clear end
TRACE StateContext queue 1 complete
TRACE StateContext queue 2 0000014D8FBB48E0 start
TRACE StateContext queue 2 messages 0
TRACE StateContext queue 2 messages clear start
TRACE StateContext queue 2 messages clear end
TRACE StateContext queue 2 complete
TRACE StateContext queue 3 0000014D8FBB4A00 start
TRACE StateContext queue 3 messages 0
TRACE StateContext queue 3 messages clear start
TRACE StateContext queue 3 messages clear end
TRACE StateContext queue 3 complete
TRACE StateContext queue 4 0000014D8FBB4B20 start
TRACE StateContext queue 4 messages 0
TRACE StateContext queue 4 messages clear start
TRACE StateContext queue 4 messages clear end
TRACE StateContext queue 4 complete
TRACE StateContext queue 5 0000014D8FBB4C40 start
TRACE StateContext queue 5 messages 0
TRACE StateContext queue 5 messages clear start
TRACE StateContext queue 5 messages clear end
TRACE StateContext queue 5 complete
TRACE StateContext queue 6 0000014D8FBB4D60 start
TRACE StateContext queue 6 messages 0
TRACE StateContext queue 6 messages clear start
TRACE StateContext queue 6 messages clear end
TRACE StateContext queue 6 complete
TRACE StateContext queue 7 0000014D8FBB4E80 start
TRACE StateContext queue 7 messages 0
TRACE StateContext queue 7 messages clear start
TRACE StateContext queue 7 messages clear end
TRACE StateContext queue 7 complete
TRACE StateContext queue 8 0000014D8FBB4FA0 start
TRACE StateContext queue 8 messages 0
TRACE StateContext queue 8 messages clear start
TRACE StateContext queue 8 messages clear end
TRACE StateContext queue 8 complete
TRACE StateContext queue 9 0000014D8FBB50C0 start
TRACE StateContext queue 9 messages 0
TRACE StateContext queue 9 messages clear start
TRACE StateContext queue 9 messages clear end
TRACE StateContext queue 9 complete
TRACE StateContext queue 10 0000014D8FBB51E0 start
TRACE StateContext queue 10 messages 0
TRACE StateContext queue 10 messages clear start
TRACE StateContext queue 10 messages clear end
TRACE StateContext queue 10 complete
TRACE StateContext queue 11 0000014D8FBB5300 start
TRACE StateContext queue 11 messages 0
TRACE StateContext queue 11 messages clear start
TRACE StateContext queue 11 messages clear end
TRACE StateContext queue 11 complete
TRACE StateContext queue 12 0000014D8FBB5420 start
TRACE StateContext queue 12 messages 0
TRACE StateContext queue 12 messages clear start
TRACE StateContext queue 12 messages clear end
TRACE StateContext queue 12 complete
TRACE StateContext queue 13 0000014D8FBB5540 start
TRACE StateContext queue 13 messages 0
TRACE StateContext queue 13 messages clear start
TRACE StateContext queue 13 messages clear end
TRACE StateContext queue 13 complete
TRACE StateContext queue 14 0000014D8FBB5660 start
TRACE StateContext queue 14 messages 0
TRACE StateContext queue 14 messages clear start
TRACE StateContext queue 14 messages clear end
TRACE StateContext queue 14 complete
TRACE StateContext all queues drained
TRACE StateContext states snapshotted 1
TRACE StateContext states cleared
TRACE StateContext queues cleared
TRACE StateContext shared listener cleared
TRACE StateContext unload end 0000014D8BDCD1F0
TRACE StateContext unload start 0000014D8BDCD2C0 state 7
TRACE StateContext queues snapshotted 15
TRACE StateContext queue 0 0000014D8FBB5780 start
TRACE StateContext queue 0 messages 0
TRACE StateContext queue 0 messages clear start
TRACE StateContext queue 0 messages clear end
TRACE StateContext queue 0 complete
TRACE StateContext queue 1 0000014D8FBB58A0 start
TRACE StateContext queue 1 messages 0
TRACE StateContext queue 1 messages clear start
TRACE StateContext queue 1 messages clear end
TRACE StateContext queue 1 complete
TRACE StateContext queue 2 0000014D8FBB59C0 start
TRACE StateContext queue 2 messages 0
TRACE StateContext queue 2 messages clear start
TRACE StateContext queue 2 messages clear end
TRACE StateContext queue 2 complete
TRACE StateContext queue 3 0000014D8FBB5AE0 start
TRACE StateContext queue 3 messages 0
TRACE StateContext queue 3 messages clear start
TRACE StateContext queue 3 messages clear end
TRACE StateContext queue 3 complete
TRACE StateContext queue 4 0000014D8FBB5C00 start
TRACE StateContext queue 4 messages 0
TRACE StateContext queue 4 messages clear start
TRACE StateContext queue 4 messages clear end
TRACE StateContext queue 4 complete
TRACE StateContext queue 5 0000014D8FBB5D20 start
TRACE StateContext queue 5 messages 0
TRACE StateContext queue 5 messages clear start
TRACE StateContext queue 5 messages clear end
TRACE StateContext queue 5 complete
TRACE StateContext queue 6 0000014D8FBB5E40 start
TRACE StateContext queue 6 messages 0
TRACE StateContext queue 6 messages clear start
TRACE StateContext queue 6 messages clear end
TRACE StateContext queue 6 complete
TRACE StateContext queue 7 0000014D8FBB5F60 start
TRACE StateContext queue 7 messages 0
TRACE StateContext queue 7 messages clear start
TRACE StateContext queue 7 messages clear end
TRACE StateContext queue 7 complete
TRACE StateContext queue 8 0000014D8FBB6080 start
TRACE StateContext queue 8 messages 0
TRACE StateContext queue 8 messages clear start
TRACE StateContext queue 8 messages clear end
TRACE StateContext queue 8 complete
TRACE StateContext queue 9 0000014D8FBB61A0 start
TRACE StateContext queue 9 messages 0
TRACE StateContext queue 9 messages clear start
TRACE StateContext queue 9 messages clear end
TRACE StateContext queue 9 complete
TRACE StateContext queue 10 0000014D8FDF50D0 start
TRACE StateContext queue 10 messages 0
TRACE StateContext queue 10 messages clear start
TRACE StateContext queue 10 messages clear end
TRACE StateContext queue 10 complete
TRACE StateContext queue 11 0000014D8FDF51F0 start
TRACE StateContext queue 11 messages 0
TRACE StateContext queue 11 messages clear start
TRACE StateContext queue 11 messages clear end
TRACE StateContext queue 11 complete
TRACE StateContext queue 12 0000014D8FDF5310 start
TRACE StateContext queue 12 messages 0
TRACE StateContext queue 12 messages clear start
TRACE StateContext queue 12 messages clear end
TRACE StateContext queue 12 complete
TRACE StateContext queue 13 0000014D8FDF5430 start
TRACE StateContext queue 13 messages 0
TRACE StateContext queue 13 messages clear start
TRACE StateContext queue 13 messages clear end
TRACE StateContext queue 13 complete
TRACE StateContext queue 14 0000014D8FDF5550 start
TRACE StateContext queue 14 messages 0
TRACE StateContext queue 14 messages clear start
TRACE StateContext queue 14 messages clear end
TRACE StateContext queue 14 complete
TRACE StateContext all queues drained
TRACE StateContext states snapshotted 1
TRACE StateContext states cleared
TRACE StateContext queues cleared
TRACE StateContext shared listener cleared
TRACE StateContext unload end 0000014D8BDCD2C0
TRACE StateContext unload start 0000014D8BDCD390 state 7
TRACE StateContext queues snapshotted 15
TRACE StateContext queue 0 0000014D8FDF5670 start
TRACE StateContext queue 0 messages 0
TRACE StateContext queue 0 messages clear start
TRACE StateContext queue 0 messages clear end
TRACE StateContext queue 0 complete
TRACE StateContext queue 1 0000014D8FDF5790 start
TRACE StateContext queue 1 messages 0
TRACE StateContext queue 1 messages clear start
TRACE StateContext queue 1 messages clear end
TRACE StateContext queue 1 complete
TRACE StateContext queue 2 0000014D8FDF58B0 start
TRACE StateContext queue 2 messages 0
TRACE StateContext queue 2 messages clear start
TRACE StateContext queue 2 messages clear end
TRACE StateContext queue 2 complete
TRACE StateContext queue 3 0000014D8FDF59D0 start
TRACE StateContext queue 3 messages 0
TRACE StateContext queue 3 messages clear start
TRACE StateContext queue 3 messages clear end
TRACE StateContext queue 3 complete
TRACE StateContext queue 4 0000014D8FDF5AF0 start
TRACE StateContext queue 4 messages 0
TRACE StateContext queue 4 messages clear start
TRACE StateContext queue 4 messages clear end
TRACE StateContext queue 4 complete
TRACE StateContext queue 5 0000014D8FDF5C10 start
TRACE StateContext queue 5 messages 0
TRACE StateContext queue 5 messages clear start
TRACE StateContext queue 5 messages clear end
TRACE StateContext queue 5 complete
TRACE StateContext queue 6 0000014D8FDF5D30 start
TRACE StateContext queue 6 messages 0
TRACE StateContext queue 6 messages clear start
TRACE StateContext queue 6 messages clear end
TRACE StateContext queue 6 complete
TRACE StateContext queue 7 0000014D8FDF5E50 start
TRACE StateContext queue 7 messages 0
TRACE StateContext queue 7 messages clear start
TRACE StateContext queue 7 messages clear end
TRACE StateContext queue 7 complete
TRACE StateContext queue 8 0000014D8FDF5F70 start
TRACE StateContext queue 8 messages 0
TRACE StateContext queue 8 messages clear start
TRACE StateContext queue 8 messages clear end
TRACE StateContext queue 8 complete
TRACE StateContext queue 9 0000014D8FDF6090 start
TRACE StateContext queue 9 messages 0
TRACE StateContext queue 9 messages clear start
TRACE StateContext queue 9 messages clear end
TRACE StateContext queue 9 complete
TRACE StateContext queue 10 0000014D8FDF61B0 start
TRACE StateContext queue 10 messages 0
TRACE StateContext queue 10 messages clear start
TRACE StateContext queue 10 messages clear end
TRACE StateContext queue 10 complete
TRACE StateContext queue 11 0000014D8FDF62D0 start
TRACE StateContext queue 11 messages 0
TRACE StateContext queue 11 messages clear start
TRACE StateContext queue 11 messages clear end
TRACE StateContext queue 11 complete
TRACE StateContext queue 12 0000014D8FDF63F0 start
TRACE StateContext queue 12 messages 0
TRACE StateContext queue 12 messages clear start
TRACE StateContext queue 12 messages clear end
TRACE StateContext queue 12 complete
TRACE StateContext queue 13 0000014D8FDF6510 start
TRACE StateContext queue 13 messages 0
TRACE StateContext queue 13 messages clear start
TRACE StateContext queue 13 messages clear end
TRACE StateContext queue 13 complete
TRACE StateContext queue 14 0000014D8FDF6630 start
TRACE StateContext queue 14 messages 0
TRACE StateContext queue 14 messages clear start
TRACE StateContext queue 14 messages clear end
TRACE StateContext queue 14 complete
TRACE StateContext all queues drained
TRACE StateContext states snapshotted 1
TRACE StateContext states cleared
TRACE StateContext queues cleared
TRACE StateContext shared listener cleared
TRACE StateContext unload end 0000014D8BDCD390
TRACE StateContext unload start 0000014D8BDCD460 state 7
TRACE StateContext queues snapshotted 15
TRACE StateContext queue 0 0000014D8FDF6750 start
TRACE StateContext queue 0 messages 0
TRACE StateContext queue 0 messages clear start
TRACE StateContext queue 0 messages clear end
TRACE StateContext queue 0 complete
TRACE StateContext queue 1 0000014D8FDF6870 start
TRACE StateContext queue 1 messages 0
TRACE StateContext queue 1 messages clear start
TRACE StateContext queue 1 messages clear end
TRACE StateContext queue 1 complete
TRACE StateContext queue 2 0000014D8FDF6990 start
TRACE StateContext queue 2 messages 0
TRACE StateContext queue 2 messages clear start
TRACE StateContext queue 2 messages clear end
TRACE StateContext queue 2 complete
TRACE StateContext queue 3 0000014D8FDF6AB0 start
TRACE StateContext queue 3 messages 0
TRACE StateContext queue 3 messages clear start
TRACE StateContext queue 3 messages clear end
TRACE StateContext queue 3 complete
TRACE StateContext queue 4 0000014D8FDF6BD0 start
TRACE StateContext queue 4 messages 0
TRACE StateContext queue 4 messages clear start
TRACE StateContext queue 4 messages clear end
TRACE StateContext queue 4 complete
TRACE StateContext queue 5 0000014D8FDF6CF0 start
TRACE StateContext queue 5 messages 0
TRACE StateContext queue 5 messages clear start
TRACE StateContext queue 5 messages clear end
TRACE StateContext queue 5 complete
TRACE StateContext queue 6 0000014D8FDF6E10 start
TRACE StateContext queue 6 messages 0
TRACE StateContext queue 6 messages clear start
TRACE StateContext queue 6 messages clear end
TRACE StateContext queue 6 complete
TRACE StateContext queue 7 0000014D8FDF6F30 start
TRACE StateContext queue 7 messages 0
TRACE StateContext queue 7 messages clear start
TRACE StateContext queue 7 messages clear end
TRACE StateContext queue 7 complete
TRACE StateContext queue 8 0000014D8FDF7050 start
TRACE StateContext queue 8 messages 0
TRACE StateContext queue 8 messages clear start
TRACE StateContext queue 8 messages clear end
TRACE StateContext queue 8 complete
TRACE StateContext queue 9 0000014D8FDF7170 start
TRACE StateContext queue 9 messages 0
TRACE StateContext queue 9 messages clear start
TRACE StateContext queue 9 messages clear end
TRACE StateContext queue 9 complete
TRACE StateContext queue 10 0000014D8FDF7290 start
TRACE StateContext queue 10 messages 0
TRACE StateContext queue 10 messages clear start
TRACE StateContext queue 10 messages clear end
TRACE StateContext queue 10 complete
TRACE StateContext queue 11 0000014D8FDF73B0 start
TRACE StateContext queue 11 messages 0
TRACE StateContext queue 11 messages clear start
TRACE StateContext queue 11 messages clear end
TRACE StateContext queue 11 complete
TRACE StateContext queue 12 0000014E3F246CB0 start
TRACE StateContext queue 12 messages 0
TRACE StateContext queue 12 messages clear start
TRACE StateContext queue 12 messages clear end
TRACE StateContext queue 12 complete
TRACE StateContext queue 13 0000014E3F246DD0 start
TRACE StateContext queue 13 messages 0
TRACE StateContext queue 13 messages clear start
TRACE StateContext queue 13 messages clear end
TRACE StateContext queue 13 complete
TRACE StateContext queue 14 0000014E3F246EF0 start
TRACE StateContext queue 14 messages 0
TRACE StateContext queue 14 messages clear start
TRACE StateContext queue 14 messages clear end
TRACE StateContext queue 14 complete
TRACE StateContext all queues drained
TRACE StateContext states snapshotted 1
TRACE StateContext states cleared
TRACE StateContext queues cleared
TRACE StateContext shared listener cleared
TRACE StateContext unload end 0000014D8BDCD460
TRACE StateContext unload start 0000014D8BDCD530 state 7
TRACE StateContext queues snapshotted 15
TRACE StateContext queue 0 0000014E3F247010 start
TRACE StateContext queue 0 messages 0
TRACE StateContext queue 0 messages clear start
TRACE StateContext queue 0 messages clear end
TRACE StateContext queue 0 complete
TRACE StateContext queue 1 0000014E3F247130 start
TRACE StateContext queue 1 messages 0
TRACE StateContext queue 1 messages clear start
TRACE StateContext queue 1 messages clear end
TRACE StateContext queue 1 complete
TRACE StateContext queue 2 0000014E3F247250 start
TRACE StateContext queue 2 messages 0
TRACE StateContext queue 2 messages clear start
TRACE StateContext queue 2 messages clear end
TRACE StateContext queue 2 complete
TRACE StateContext queue 3 0000014E3F247370 start
TRACE StateContext queue 3 messages 0
TRACE StateContext queue 3 messages clear start
TRACE StateContext queue 3 messages clear end
TRACE StateContext queue 3 complete
TRACE StateContext queue 4 0000014E3F247490 start
TRACE StateContext queue 4 messages 0
TRACE StateContext queue 4 messages clear start
TRACE StateContext queue 4 messages clear end
TRACE StateContext queue 4 complete
TRACE StateContext queue 5 0000014E3F2475B0 start
TRACE StateContext queue 5 messages 0
TRACE StateContext queue 5 messages clear start
TRACE StateContext queue 5 messages clear end
TRACE StateContext queue 5 complete
TRACE StateContext queue 6 0000014E3F2476D0 start
TRACE StateContext queue 6 messages 0
TRACE StateContext queue 6 messages clear start
TRACE StateContext queue 6 messages clear end
TRACE StateContext queue 6 complete
TRACE StateContext queue 7 0000014E3F2477F0 start
TRACE StateContext queue 7 messages 0
TRACE StateContext queue 7 messages clear start
TRACE StateContext queue 7 messages clear end
TRACE StateContext queue 7 complete
TRACE StateContext queue 8 0000014E3F247910 start
TRACE StateContext queue 8 messages 0
TRACE StateContext queue 8 messages clear start
TRACE StateContext queue 8 messages clear end
TRACE StateContext queue 8 complete
TRACE StateContext queue 9 0000014E3F247A30 start
TRACE StateContext queue 9 messages 0
TRACE StateContext queue 9 messages clear start
TRACE StateContext queue 9 messages clear end
TRACE StateContext queue 9 complete
TRACE StateContext queue 10 0000014E3F247B50 start
TRACE StateContext queue 10 messages 0
TRACE StateContext queue 10 messages clear start
TRACE StateContext queue 10 messages clear end
TRACE StateContext queue 10 complete
TRACE StateContext queue 11 0000014E3F247C70 start
TRACE StateContext queue 11 messages 0
TRACE StateContext queue 11 messages clear start
TRACE StateContext queue 11 messages clear end
TRACE StateContext queue 11 complete
TRACE StateContext queue 12 0000014E3F247D90 start
TRACE StateContext queue 12 messages 0
TRACE StateContext queue 12 messages clear start
TRACE StateContext queue 12 messages clear end
TRACE StateContext queue 12 complete
TRACE StateContext queue 13 0000014E3F247EB0 start
TRACE StateContext queue 13 messages 0
TRACE StateContext queue 13 messages clear start
TRACE StateContext queue 13 messages clear end
TRACE StateContext queue 13 complete
TRACE StateContext queue 14 0000014E3F247FD0 start
TRACE StateContext queue 14 messages 0
TRACE StateContext queue 14 messages clear start
TRACE StateContext queue 14 messages clear end
TRACE StateContext queue 14 complete
TRACE StateContext all queues drained
TRACE StateContext states snapshotted 1
TRACE StateContext states cleared
TRACE StateContext queues cleared
TRACE StateContext shared listener cleared
TRACE StateContext unload end 0000014D8BDCD530
TRACE StateContext unload start 0000014D8BDCD600 state 7
TRACE StateContext queues snapshotted 15
TRACE StateContext queue 0 0000014E3F2480F0 start
TRACE StateContext queue 0 messages 0
TRACE StateContext queue 0 messages clear start
TRACE StateContext queue 0 messages clear end
TRACE StateContext queue 0 complete
TRACE StateContext queue 1 0000014E3F248210 start
TRACE StateContext queue 1 messages 0
TRACE StateContext queue 1 messages clear start
TRACE StateContext queue 1 messages clear end
TRACE StateContext queue 1 complete
TRACE StateContext queue 2 0000014E3F248330 start
TRACE StateContext queue 2 messages 0
TRACE StateContext queue 2 messages clear start
TRACE StateContext queue 2 messages clear end
TRACE StateContext queue 2 complete
TRACE StateContext queue 3 0000014E3F248450 start
TRACE StateContext queue 3 messages 0
TRACE StateContext queue 3 messages clear start
TRACE StateContext queue 3 messages clear end
TRACE StateContext queue 3 complete
TRACE StateContext queue 4 0000014E3F248570 start
TRACE StateContext queue 4 messages 0
TRACE StateContext queue 4 messages clear start
TRACE StateContext queue 4 messages clear end
TRACE StateContext queue 4 complete
TRACE StateContext queue 5 0000014E3F248690 start
TRACE StateContext queue 5 messages 0
TRACE StateContext queue 5 messages clear start
TRACE StateContext queue 5 messages clear end
TRACE StateContext queue 5 complete
TRACE StateContext queue 6 0000014E3F2487B0 start
TRACE StateContext queue 6 messages 0
TRACE StateContext queue 6 messages clear start
TRACE StateContext queue 6 messages clear end
TRACE StateContext queue 6 complete
TRACE StateContext queue 7 0000014E3F2488D0 start
TRACE StateContext queue 7 messages 0
TRACE StateContext queue 7 messages clear start
TRACE StateContext queue 7 messages clear end
TRACE StateContext queue 7 complete
TRACE StateContext queue 8 0000014E3F2489F0 start
TRACE StateContext queue 8 messages 0
TRACE StateContext queue 8 messages clear start
TRACE StateContext queue 8 messages clear end
TRACE StateContext queue 8 complete
TRACE StateContext queue 9 0000014E3F248B10 start
TRACE StateContext queue 9 messages 0
TRACE StateContext queue 9 messages clear start
TRACE StateContext queue 9 messages clear end
TRACE StateContext queue 9 complete
TRACE StateContext queue 10 0000014E3F248C30 start
TRACE StateContext queue 10 messages 0
TRACE StateContext queue 10 messages clear start
TRACE StateContext queue 10 messages clear end
TRACE StateContext queue 10 complete
TRACE StateContext queue 11 0000014E3F248D50 start
TRACE StateContext queue 11 messages 0
TRACE StateContext queue 11 messages clear start
TRACE StateContext queue 11 messages clear end
TRACE StateContext queue 11 complete
TRACE StateContext queue 12 0000014E3F248E70 start
TRACE StateContext queue 12 messages 0
TRACE StateContext queue 12 messages clear start
TRACE StateContext queue 12 messages clear end
TRACE StateContext queue 12 complete
TRACE StateContext queue 13 0000014E3F248F90 start
TRACE StateContext queue 13 messages 0
TRACE StateContext queue 13 messages clear start
TRACE StateContext queue 13 messages clear end
TRACE StateContext queue 13 complete
TRACE StateContext queue 14 0000014E3F251F50 start
TRACE StateContext queue 14 messages 0
TRACE StateContext queue 14 messages clear start
TRACE StateContext queue 14 messages clear end
TRACE StateContext queue 14 complete
TRACE StateContext all queues drained
TRACE StateContext states snapshotted 1
TRACE StateContext states cleared
TRACE StateContext queues cleared
TRACE StateContext shared listener cleared
TRACE StateContext unload end 0000014D8BDCD600
TRACE StateContext unload start 0000014D8BDCD6D0 state 7
TRACE StateContext queues snapshotted 15
TRACE StateContext queue 0 0000014E3F252070 start
TRACE StateContext queue 0 messages 0
TRACE StateContext queue 0 messages clear start
TRACE StateContext queue 0 messages clear end
TRACE StateContext queue 0 complete
TRACE StateContext queue 1 0000014E3F252190 start
TRACE StateContext queue 1 messages 0
TRACE StateContext queue 1 messages clear start
TRACE StateContext queue 1 messages clear end
TRACE StateContext queue 1 complete
TRACE StateContext queue 2 0000014E3F2522B0 start
TRACE StateContext queue 2 messages 0
TRACE StateContext queue 2 messages clear start
TRACE StateContext queue 2 messages clear end
TRACE StateContext queue 2 complete
TRACE StateContext queue 3 0000014E3F2523D0 start
TRACE StateContext queue 3 messages 0
TRACE StateContext queue 3 messages clear start
TRACE StateContext queue 3 messages clear end
TRACE StateContext queue 3 complete
TRACE StateContext queue 4 0000014E3F2524F0 start
TRACE StateContext queue 4 messages 0
TRACE StateContext queue 4 messages clear start
TRACE StateContext queue 4 messages clear end
TRACE StateContext queue 4 complete
TRACE StateContext queue 5 0000014E3F252610 start
TRACE StateContext queue 5 messages 0
TRACE StateContext queue 5 messages clear start
TRACE StateContext queue 5 messages clear end
TRACE StateContext queue 5 complete
TRACE StateContext queue 6 0000014E3F252730 start
TRACE StateContext queue 6 messages 0
TRACE StateContext queue 6 messages clear start
TRACE StateContext queue 6 messages clear end
TRACE StateContext queue 6 complete
TRACE StateContext queue 7 0000014E3F252850 start
TRACE StateContext queue 7 messages 0
TRACE StateContext queue 7 messages clear start
TRACE StateContext queue 7 messages clear end
TRACE StateContext queue 7 complete
TRACE StateContext queue 8 0000014E3F252970 start
TRACE StateContext queue 8 messages 0
TRACE StateContext queue 8 messages clear start
TRACE StateContext queue 8 messages clear end
TRACE StateContext queue 8 complete
TRACE StateContext queue 9 0000014E3F252A90 start
TRACE StateContext queue 9 messages 0
TRACE StateContext queue 9 messages clear start
TRACE StateContext queue 9 messages clear end
TRACE StateContext queue 9 complete
TRACE StateContext queue 10 0000014E3F252BB0 start
TRACE StateContext queue 10 messages 0
TRACE StateContext queue 10 messages clear start
TRACE StateContext queue 10 messages clear end
TRACE StateContext queue 10 complete
TRACE StateContext queue 11 0000014E3F252CD0 start
TRACE StateContext queue 11 messages 0
TRACE StateContext queue 11 messages clear start
TRACE StateContext queue 11 messages clear end
TRACE StateContext queue 11 complete
TRACE StateContext queue 12 0000014E3F252DF0 start
TRACE StateContext queue 12 messages 0
TRACE StateContext queue 12 messages clear start
TRACE StateContext queue 12 messages clear end
TRACE StateContext queue 12 complete
TRACE StateContext queue 13 0000014E3F252F10 start
TRACE StateContext queue 13 messages 0
TRACE StateContext queue 13 messages clear start
TRACE StateContext queue 13 messages clear end
TRACE StateContext queue 13 complete
TRACE StateContext queue 14 0000014E3F253030 start
TRACE StateContext queue 14 messages 0
TRACE StateContext queue 14 messages clear start
TRACE StateContext queue 14 messages clear end
TRACE StateContext queue 14 complete
TRACE StateContext all queues drained
TRACE StateContext states snapshotted 1
TRACE StateContext states cleared
TRACE StateContext queues cleared
TRACE StateContext shared listener cleared
TRACE StateContext unload end 0000014D8BDCD6D0
TRACE StateContext unload start 0000014D8BDCD7A0 state 7
TRACE StateContext queues snapshotted 15
TRACE StateContext queue 0 0000014E3F253150 start
TRACE StateContext queue 0 messages 0
TRACE StateContext queue 0 messages clear start
TRACE StateContext queue 0 messages clear end
TRACE StateContext queue 0 complete
TRACE StateContext queue 1 0000014E3F253270 start
TRACE StateContext queue 1 messages 0
TRACE StateContext queue 1 messages clear start
TRACE StateContext queue 1 messages clear end
TRACE StateContext queue 1 complete
TRACE StateContext queue 2 0000014E3F253390 start
TRACE StateContext queue 2 messages 0
TRACE StateContext queue 2 messages clear start
TRACE StateContext queue 2 messages clear end
TRACE StateContext queue 2 complete
TRACE StateContext queue 3 0000014E3F2534B0 start
TRACE StateContext queue 3 messages 0
TRACE StateContext queue 3 messages clear start
TRACE StateContext queue 3 messages clear end
TRACE StateContext queue 3 complete
TRACE StateContext queue 4 0000014E3F2535D0 start
TRACE StateContext queue 4 messages 0
TRACE StateContext queue 4 messages clear start
TRACE StateContext queue 4 messages clear end
TRACE StateContext queue 4 complete
TRACE StateContext queue 5 0000014E3F2536F0 start
TRACE StateContext queue 5 messages 0
TRACE StateContext queue 5 messages clear start
TRACE StateContext queue 5 messages clear end
TRACE StateContext queue 5 complete
TRACE StateContext queue 6 0000014E3F253810 start
TRACE StateContext queue 6 messages 0
TRACE StateContext queue 6 messages clear start
TRACE StateContext queue 6 messages clear end
TRACE StateContext queue 6 complete
TRACE StateContext queue 7 0000014E3F253930 start
TRACE StateContext queue 7 messages 0
TRACE StateContext queue 7 messages clear start
TRACE StateContext queue 7 messages clear end
TRACE StateContext queue 7 complete
TRACE StateContext queue 8 0000014E3F253A50 start
TRACE StateContext queue 8 messages 0
TRACE StateContext queue 8 messages clear start
TRACE StateContext queue 8 messages clear end
TRACE StateContext queue 8 complete
TRACE StateContext queue 9 0000014E3F253B70 start
TRACE StateContext queue 9 messages 0
TRACE StateContext queue 9 messages clear start
TRACE StateContext queue 9 messages clear end
TRACE StateContext queue 9 complete
TRACE StateContext queue 10 0000014E3F253C90 start
TRACE StateContext queue 10 messages 0
TRACE StateContext queue 10 messages clear start
TRACE StateContext queue 10 messages clear end
TRACE StateContext queue 10 complete
TRACE StateContext queue 11 0000014E3F253DB0 start
TRACE StateContext queue 11 messages 0
TRACE StateContext queue 11 messages clear start
TRACE StateContext queue 11 messages clear end
TRACE StateContext queue 11 complete
TRACE StateContext queue 12 0000014E3F253ED0 start
TRACE StateContext queue 12 messages 0
TRACE StateContext queue 12 messages clear start
TRACE StateContext queue 12 messages clear end
TRACE StateContext queue 12 complete
TRACE StateContext queue 13 0000014E3F253FF0 start
TRACE StateContext queue 13 messages 0
TRACE StateContext queue 13 messages clear start
TRACE StateContext queue 13 messages clear end
TRACE StateContext queue 13 complete
TRACE StateContext queue 14 0000014E3F254110 start
TRACE StateContext queue 14 messages 0
TRACE StateContext queue 14 messages clear start
TRACE StateContext queue 14 messages clear end
TRACE StateContext queue 14 complete
TRACE StateContext all queues drained
TRACE StateContext states snapshotted 1
TRACE StateContext states cleared
TRACE StateContext queues cleared
TRACE StateContext shared listener cleared
TRACE StateContext unload end 0000014D8BDCD7A0
TRACE StateContext unload start 0000014D8BDCD870 state 7
TRACE StateContext queues snapshotted 15
TRACE StateContext queue 0 0000014E3F254230 start
TRACE StateContext queue 0 messages 0
TRACE StateContext queue 0 messages clear start
TRACE StateContext queue 0 messages clear end
TRACE StateContext queue 0 complete
TRACE StateContext queue 1 0000014E3F2358D0 start
TRACE StateContext queue 1 messages 0
TRACE StateContext queue 1 messages clear start
TRACE StateContext queue 1 messages clear end
TRACE StateContext queue 1 complete
TRACE StateContext queue 2 0000014E3F2359F0 start
TRACE StateContext queue 2 messages 0
TRACE StateContext queue 2 messages clear start
TRACE StateContext queue 2 messages clear end
TRACE StateContext queue 2 complete
TRACE StateContext queue 3 0000014E3F235B10 start
TRACE StateContext queue 3 messages 0
TRACE StateContext queue 3 messages clear start
TRACE StateContext queue 3 messages clear end
TRACE StateContext queue 3 complete
TRACE StateContext queue 4 0000014E3F235C30 start
TRACE StateContext queue 4 messages 0
TRACE StateContext queue 4 messages clear start
TRACE StateContext queue 4 messages clear end
TRACE StateContext queue 4 complete
TRACE StateContext queue 5 0000014E3F235D50 start
TRACE StateContext queue 5 messages 0
TRACE StateContext queue 5 messages clear start
TRACE StateContext queue 5 messages clear end
TRACE StateContext queue 5 complete
TRACE StateContext queue 6 0000014E3F235E70 start
TRACE StateContext queue 6 messages 0
TRACE StateContext queue 6 messages clear start
TRACE StateContext queue 6 messages clear end
TRACE StateContext queue 6 complete
TRACE StateContext queue 7 0000014E3F235F90 start
TRACE StateContext queue 7 messages 0
TRACE StateContext queue 7 messages clear start
TRACE StateContext queue 7 messages clear end
TRACE StateContext queue 7 complete
TRACE StateContext queue 8 0000014E3F2360B0 start
TRACE StateContext queue 8 messages 0
TRACE StateContext queue 8 messages clear start
TRACE StateContext queue 8 messages clear end
TRACE StateContext queue 8 complete
TRACE StateContext queue 9 0000014E3F2361D0 start
TRACE StateContext queue 9 messages 0
TRACE StateContext queue 9 messages clear start
TRACE StateContext queue 9 messages clear end
TRACE StateContext queue 9 complete
TRACE StateContext queue 10 0000014E3F2362F0 start
TRACE StateContext queue 10 messages 0
TRACE StateContext queue 10 messages clear start
TRACE StateContext queue 10 messages clear end
TRACE StateContext queue 10 complete
TRACE StateContext queue 11 0000014E3F236410 start
TRACE StateContext queue 11 messages 0
TRACE StateContext queue 11 messages clear start
TRACE StateContext queue 11 messages clear end
TRACE StateContext queue 11 complete
TRACE StateContext queue 12 0000014E3F236530 start
TRACE StateContext queue 12 messages 0
TRACE StateContext queue 12 messages clear start
TRACE StateContext queue 12 messages clear end
TRACE StateContext queue 12 complete
TRACE StateContext queue 13 0000014E3F236650 start
TRACE StateContext queue 13 messages 0
TRACE StateContext queue 13 messages clear start
TRACE StateContext queue 13 messages clear end
TRACE StateContext queue 13 complete
TRACE StateContext queue 14 0000014E3F236770 start
TRACE StateContext queue 14 messages 0
TRACE StateContext queue 14 messages clear start
TRACE StateContext queue 14 messages clear end
TRACE StateContext queue 14 complete
TRACE StateContext all queues drained
TRACE StateContext states snapshotted 1
TRACE StateContext states cleared
TRACE StateContext queues cleared
TRACE StateContext shared listener cleared
TRACE StateContext unload end 0000014D8BDCD870
TRACE StateContext unload start 0000014D8BDCD940 state 7
TRACE StateContext queues snapshotted 15
TRACE StateContext queue 0 0000014E3F236890 start
TRACE StateContext queue 0 messages 0
TRACE StateContext queue 0 messages clear start
TRACE StateContext queue 0 messages clear end
TRACE StateContext queue 0 complete
TRACE StateContext queue 1 0000014E3F2369B0 start
TRACE StateContext queue 1 messages 0
TRACE StateContext queue 1 messages clear start
TRACE StateContext queue 1 messages clear end
TRACE StateContext queue 1 complete
TRACE StateContext queue 2 0000014E3F236AD0 start
TRACE StateContext queue 2 messages 0
TRACE StateContext queue 2 messages clear start
TRACE StateContext queue 2 messages clear end
TRACE StateContext queue 2 complete
TRACE StateContext queue 3 0000014E3F236BF0 start
TRACE StateContext queue 3 messages 0
TRACE StateContext queue 3 messages clear start
TRACE StateContext queue 3 messages clear end
TRACE StateContext queue 3 complete
TRACE StateContext queue 4 0000014E3F236D10 start
TRACE StateContext queue 4 messages 0
TRACE StateContext queue 4 messages clear start
TRACE StateContext queue 4 messages clear end
TRACE StateContext queue 4 complete
TRACE StateContext queue 5 0000014E3F236E30 start
TRACE StateContext queue 5 messages 0
TRACE StateContext queue 5 messages clear start
TRACE StateContext queue 5 messages clear end
TRACE StateContext queue 5 complete
TRACE StateContext queue 6 0000014E3F236F50 start
TRACE StateContext queue 6 messages 0
TRACE StateContext queue 6 messages clear start
TRACE StateContext queue 6 messages clear end
TRACE StateContext queue 6 complete
TRACE StateContext queue 7 0000014E3F237070 start
TRACE StateContext queue 7 messages 0
TRACE StateContext queue 7 messages clear start
TRACE StateContext queue 7 messages clear end
TRACE StateContext queue 7 complete
TRACE StateContext queue 8 0000014E3F237190 start
TRACE StateContext queue 8 messages 0
TRACE StateContext queue 8 messages clear start
TRACE StateContext queue 8 messages clear end
TRACE StateContext queue 8 complete
TRACE StateContext queue 9 0000014E3F2372B0 start
TRACE StateContext queue 9 messages 0
TRACE StateContext queue 9 messages clear start
TRACE StateContext queue 9 messages clear end
TRACE StateContext queue 9 complete
TRACE StateContext queue 10 0000014E3F2373D0 start
TRACE StateContext queue 10 messages 0
TRACE StateContext queue 10 messages clear start
TRACE StateContext queue 10 messages clear end
TRACE StateContext queue 10 complete
TRACE StateContext queue 11 0000014E3F2374F0 start
TRACE StateContext queue 11 messages 0
TRACE StateContext queue 11 messages clear start
TRACE StateContext queue 11 messages clear end
TRACE StateContext queue 11 complete
TRACE StateContext queue 12 0000014E3F237610 start
TRACE StateContext queue 12 messages 0
TRACE StateContext queue 12 messages clear start
TRACE StateContext queue 12 messages clear end
TRACE StateContext queue 12 complete
TRACE StateContext queue 13 0000014E3F237730 start
TRACE StateContext queue 13 messages 0
TRACE StateContext queue 13 messages clear start
TRACE StateContext queue 13 messages clear end
TRACE StateContext queue 13 complete
TRACE StateContext queue 14 0000014E3F237850 start
TRACE StateContext queue 14 messages 0
TRACE StateContext queue 14 messages clear start
TRACE StateContext queue 14 messages clear end
TRACE StateContext queue 14 complete
TRACE StateContext all queues drained
TRACE StateContext states snapshotted 1
TRACE StateContext states cleared
TRACE StateContext queues cleared
TRACE StateContext shared listener cleared
TRACE StateContext unload end 0000014D8BDCD940
TRACE StateContext unload start 0000014D8BDCDA10 state 7
TRACE StateContext queues snapshotted 15
TRACE StateContext queue 0 0000014E3F237970 start
TRACE StateContext queue 0 messages 0
TRACE StateContext queue 0 messages clear start
TRACE StateContext queue 0 messages clear end
TRACE StateContext queue 0 complete
TRACE StateContext queue 1 0000014E3F237A90 start
TRACE StateContext queue 1 messages 0
TRACE StateContext queue 1 messages clear start
TRACE StateContext queue 1 messages clear end
TRACE StateContext queue 1 complete
TRACE StateContext queue 2 0000014E3F237BB0 start
TRACE StateContext queue 2 messages 0
TRACE StateContext queue 2 messages clear start
TRACE StateContext queue 2 messages clear end
TRACE StateContext queue 2 complete
TRACE StateContext queue 3 0000014E3F257390 start
TRACE StateContext queue 3 messages 0
TRACE StateContext queue 3 messages clear start
TRACE StateContext queue 3 messages clear end
TRACE StateContext queue 3 complete
TRACE StateContext queue 4 0000014E3F2574B0 start
TRACE StateContext queue 4 messages 0
TRACE StateContext queue 4 messages clear start
TRACE StateContext queue 4 messages clear end
TRACE StateContext queue 4 complete
TRACE StateContext queue 5 0000014E3F2575D0 start
TRACE StateContext queue 5 messages 0
TRACE StateContext queue 5 messages clear start
TRACE StateContext queue 5 messages clear end
TRACE StateContext queue 5 complete
TRACE StateContext queue 6 0000014E3F2576F0 start
TRACE StateContext queue 6 messages 0
TRACE StateContext queue 6 messages clear start
TRACE StateContext queue 6 messages clear end
TRACE StateContext queue 6 complete
TRACE StateContext queue 7 0000014E3F257810 start
TRACE StateContext queue 7 messages 0
TRACE StateContext queue 7 messages clear start
TRACE StateContext queue 7 messages clear end
TRACE StateContext queue 7 complete
TRACE StateContext queue 8 0000014E3F257930 start
TRACE StateContext queue 8 messages 0
TRACE StateContext queue 8 messages clear start
TRACE StateContext queue 8 messages clear end
TRACE StateContext queue 8 complete
TRACE StateContext queue 9 0000014E3F257A50 start
TRACE StateContext queue 9 messages 0
TRACE StateContext queue 9 messages clear start
TRACE StateContext queue 9 messages clear end
TRACE StateContext queue 9 complete
TRACE StateContext queue 10 0000014E3F257B70 start
TRACE StateContext queue 10 messages 0
TRACE StateContext queue 10 messages clear start
TRACE StateContext queue 10 messages clear end
TRACE StateContext queue 10 complete
TRACE StateContext queue 11 0000014E3F257C90 start
TRACE StateContext queue 11 messages 0
TRACE StateContext queue 11 messages clear start
TRACE StateContext queue 11 messages clear end
TRACE StateContext queue 11 complete
TRACE StateContext queue 12 0000014E3F257DB0 start
TRACE StateContext queue 12 messages 0
TRACE StateContext queue 12 messages clear start
TRACE StateContext queue 12 messages clear end
TRACE StateContext queue 12 complete
TRACE StateContext queue 13 0000014E3F257ED0 start
TRACE StateContext queue 13 messages 0
TRACE StateContext queue 13 messages clear start
TRACE StateContext queue 13 messages clear end
TRACE StateContext queue 13 complete
TRACE StateContext queue 14 0000014E3F257FF0 start
TRACE StateContext queue 14 messages 0
TRACE StateContext queue 14 messages clear start
TRACE StateContext queue 14 messages clear end
TRACE StateContext queue 14 complete
TRACE StateContext all queues drained
TRACE StateContext states snapshotted 1
TRACE StateContext states cleared
TRACE StateContext queues cleared
TRACE StateContext shared listener cleared
TRACE StateContext unload end 0000014D8BDCDA10
TRACE StateContext unload start 0000014D8BDCDAE0 state 7
TRACE StateContext queues snapshotted 15
TRACE StateContext queue 0 0000014E3F258110 start
TRACE StateContext queue 0 messages 0
TRACE StateContext queue 0 messages clear start
TRACE StateContext queue 0 messages clear end
TRACE StateContext queue 0 complete
TRACE StateContext queue 1 0000014E3F258230 start
TRACE StateContext queue 1 messages 0
TRACE StateContext queue 1 messages clear start
TRACE StateContext queue 1 messages clear end
TRACE StateContext queue 1 complete
TRACE StateContext queue 2 0000014E3F258350 start
TRACE StateContext queue 2 messages 0
TRACE StateContext queue 2 messages clear start
TRACE StateContext queue 2 messages clear end
TRACE StateContext queue 2 complete
TRACE StateContext queue 3 0000014E3F258470 start
TRACE StateContext queue 3 messages 0
TRACE StateContext queue 3 messages clear start
TRACE StateContext queue 3 messages clear end
TRACE StateContext queue 3 complete
TRACE StateContext queue 4 0000014E3F258590 start
TRACE StateContext queue 4 messages 0
TRACE StateContext queue 4 messages clear start
TRACE StateContext queue 4 messages clear end
TRACE StateContext queue 4 complete
TRACE StateContext queue 5 0000014E3F2586B0 start
TRACE StateContext queue 5 messages 0
TRACE StateContext queue 5 messages clear start
TRACE StateContext queue 5 messages clear end
TRACE StateContext queue 5 complete
TRACE StateContext queue 6 0000014E3F2587D0 start
TRACE StateContext queue 6 messages 0
TRACE StateContext queue 6 messages clear start
TRACE StateContext queue 6 messages clear end
TRACE StateContext queue 6 complete
TRACE StateContext queue 7 0000014E3F2588F0 start
TRACE StateContext queue 7 messages 0
TRACE StateContext queue 7 messages clear start
TRACE StateContext queue 7 messages clear end
TRACE StateContext queue 7 complete
TRACE StateContext queue 8 0000014E3F258A10 start
TRACE StateContext queue 8 messages 0
TRACE StateContext queue 8 messages clear start
TRACE StateContext queue 8 messages clear end
TRACE StateContext queue 8 complete
TRACE StateContext queue 9 0000014E3F258B30 start
TRACE StateContext queue 9 messages 0
TRACE StateContext queue 9 messages clear start
TRACE StateContext queue 9 messages clear end
TRACE StateContext queue 9 complete
TRACE StateContext queue 10 0000014E3F258C50 start
TRACE StateContext queue 10 messages 0
TRACE StateContext queue 10 messages clear start
TRACE StateContext queue 10 messages clear end
TRACE StateContext queue 10 complete
TRACE StateContext queue 11 0000014E3F258D70 start
TRACE StateContext queue 11 messages 0
TRACE StateContext queue 11 messages clear start
TRACE StateContext queue 11 messages clear end
TRACE StateContext queue 11 complete
TRACE StateContext queue 12 0000014E3F258E90 start
TRACE StateContext queue 12 messages 0
TRACE StateContext queue 12 messages clear start
TRACE StateContext queue 12 messages clear end
TRACE StateContext queue 12 complete
TRACE StateContext queue 13 0000014E3F258FB0 start
TRACE StateContext queue 13 messages 0
TRACE StateContext queue 13 messages clear start
TRACE StateContext queue 13 messages clear end
TRACE StateContext queue 13 complete
TRACE StateContext queue 14 0000014E3F2590D0 start
TRACE StateContext queue 14 messages 0
TRACE StateContext queue 14 messages clear start
TRACE StateContext queue 14 messages clear end
TRACE StateContext queue 14 complete
TRACE StateContext all queues drained
TRACE StateContext states snapshotted 1
TRACE StateContext states cleared
TRACE StateContext queues cleared
TRACE StateContext shared listener cleared
TRACE StateContext unload end 0000014D8BDCDAE0
TRACE StateContext unload start 0000014D8BDCDBB0 state 7
TRACE StateContext queues snapshotted 15
TRACE StateContext queue 0 0000014E3F2591F0 start
TRACE StateContext queue 0 messages 0
TRACE StateContext queue 0 messages clear start
TRACE StateContext queue 0 messages clear end
TRACE StateContext queue 0 complete
TRACE StateContext queue 1 0000014E3F259310 start
TRACE StateContext queue 1 messages 0
TRACE StateContext queue 1 messages clear start
TRACE StateContext queue 1 messages clear end
TRACE StateContext queue 1 complete
TRACE StateContext queue 2 0000014E3F259430 start
TRACE StateContext queue 2 messages 0
TRACE StateContext queue 2 messages clear start
TRACE StateContext queue 2 messages clear end
TRACE StateContext queue 2 complete
TRACE StateContext queue 3 0000014E3F259550 start
TRACE StateContext queue 3 messages 0
TRACE StateContext queue 3 messages clear start
TRACE StateContext queue 3 messages clear end
TRACE StateContext queue 3 complete
TRACE StateContext queue 4 0000014E3F259670 start
TRACE StateContext queue 4 messages 0
TRACE StateContext queue 4 messages clear start
TRACE StateContext queue 4 messages clear end
TRACE StateContext queue 4 complete
TRACE StateContext queue 5 0000014E3F41DE00 start
TRACE StateContext queue 5 messages 0
TRACE StateContext queue 5 messages clear start
TRACE StateContext queue 5 messages clear end
TRACE StateContext queue 5 complete
TRACE StateContext queue 6 0000014E3F41DF20 start
TRACE StateContext queue 6 messages 0
TRACE StateContext queue 6 messages clear start
TRACE StateContext queue 6 messages clear end
TRACE StateContext queue 6 complete
TRACE StateContext queue 7 0000014E3F41E040 start
TRACE StateContext queue 7 messages 0
TRACE StateContext queue 7 messages clear start
TRACE StateContext queue 7 messages clear end
TRACE StateContext queue 7 complete
TRACE StateContext queue 8 0000014E3F41E160 start
TRACE StateContext queue 8 messages 0
TRACE StateContext queue 8 messages clear start
TRACE StateContext queue 8 messages clear end
TRACE StateContext queue 8 complete
TRACE StateContext queue 9 0000014E3F41E280 start
TRACE StateContext queue 9 messages 0
TRACE StateContext queue 9 messages clear start
TRACE StateContext queue 9 messages clear end
TRACE StateContext queue 9 complete
TRACE StateContext queue 10 0000014E3F41E3A0 start
TRACE StateContext queue 10 messages 0
TRACE StateContext queue 10 messages clear start
TRACE StateContext queue 10 messages clear end
TRACE StateContext queue 10 complete
TRACE StateContext queue 11 0000014E3F41E4C0 start
TRACE StateContext queue 11 messages 0
TRACE StateContext queue 11 messages clear start
TRACE StateContext queue 11 messages clear end
TRACE StateContext queue 11 complete
TRACE StateContext queue 12 0000014E3F41E5E0 start
TRACE StateContext queue 12 messages 0
TRACE StateContext queue 12 messages clear start
TRACE StateContext queue 12 messages clear end
TRACE StateContext queue 12 complete
TRACE StateContext queue 13 0000014E3F41E700 start
TRACE StateContext queue 13 messages 0
TRACE StateContext queue 13 messages clear start
TRACE StateContext queue 13 messages clear end
TRACE StateContext queue 13 complete
TRACE StateContext queue 14 0000014E3F41E820 start
TRACE StateContext queue 14 messages 0
TRACE StateContext queue 14 messages clear start
TRACE StateContext queue 14 messages clear end
TRACE StateContext queue 14 complete
TRACE StateContext all queues drained
TRACE StateContext states snapshotted 1
TRACE StateContext states cleared
TRACE StateContext queues cleared
TRACE StateContext shared listener cleared
TRACE StateContext unload end 0000014D8BDCDBB0
TRACE StateContext unload start 0000014D8BDCDC80 state 7
TRACE StateContext queues snapshotted 15
TRACE StateContext queue 0 0000014E3F41E940 start
TRACE StateContext queue 0 messages 0
TRACE StateContext queue 0 messages clear start
TRACE StateContext queue 0 messages clear end
TRACE StateContext queue 0 complete
TRACE StateContext queue 1 0000014E3F41EA60 start
TRACE StateContext queue 1 messages 0
TRACE StateContext queue 1 messages clear start
TRACE StateContext queue 1 messages clear end
TRACE StateContext queue 1 complete
TRACE StateContext queue 2 0000014E3F41EB80 start
TRACE StateContext queue 2 messages 0
TRACE StateContext queue 2 messages clear start
TRACE StateContext queue 2 messages clear end
TRACE StateContext queue 2 complete
TRACE StateContext queue 3 0000014E3F41ECA0 start
TRACE StateContext queue 3 messages 0
TRACE StateContext queue 3 messages clear start
TRACE StateContext queue 3 messages clear end
TRACE StateContext queue 3 complete
TRACE StateContext queue 4 0000014E3F41EDC0 start
TRACE StateContext queue 4 messages 0
TRACE StateContext queue 4 messages clear start
TRACE StateContext queue 4 messages clear end
TRACE StateContext queue 4 complete
TRACE StateContext queue 5 0000014E3F41EEE0 start
TRACE StateContext queue 5 messages 0
TRACE StateContext queue 5 messages clear start
TRACE StateContext queue 5 messages clear end
TRACE StateContext queue 5 complete
TRACE StateContext queue 6 0000014E3F41F000 start
TRACE StateContext queue 6 messages 0
TRACE StateContext queue 6 messages clear start
TRACE StateContext queue 6 messages clear end
TRACE StateContext queue 6 complete
TRACE StateContext queue 7 0000014E3F41F120 start
TRACE StateContext queue 7 messages 0
TRACE StateContext queue 7 messages clear start
TRACE StateContext queue 7 messages clear end
TRACE StateContext queue 7 complete
TRACE StateContext queue 8 0000014E3F41F240 start
TRACE StateContext queue 8 messages 0
TRACE StateContext queue 8 messages clear start
TRACE StateContext queue 8 messages clear end
TRACE StateContext queue 8 complete
TRACE StateContext queue 9 0000014E3F41F360 start
TRACE StateContext queue 9 messages 0
TRACE StateContext queue 9 messages clear start
TRACE StateContext queue 9 messages clear end
TRACE StateContext queue 9 complete
TRACE StateContext queue 10 0000014E3F41F480 start
TRACE StateContext queue 10 messages 0
TRACE StateContext queue 10 messages clear start
TRACE StateContext queue 10 messages clear end
TRACE StateContext queue 10 complete
TRACE StateContext queue 11 0000014E3F41F5A0 start
TRACE StateContext queue 11 messages 0
TRACE StateContext queue 11 messages clear start
TRACE StateContext queue 11 messages clear end
TRACE StateContext queue 11 complete
TRACE StateContext queue 12 0000014E3F41F6C0 start
TRACE StateContext queue 12 messages 0
TRACE StateContext queue 12 messages clear start
TRACE StateContext queue 12 messages clear end
TRACE StateContext queue 12 complete
TRACE StateContext queue 13 0000014E3F41F7E0 start
TRACE StateContext queue 13 messages 0
TRACE StateContext queue 13 messages clear start
TRACE StateContext queue 13 messages clear end
TRACE StateContext queue 13 complete
TRACE StateContext queue 14 0000014E3F41F900 start
TRACE StateContext queue 14 messages 0
TRACE StateContext queue 14 messages clear start
TRACE StateContext queue 14 messages clear end
TRACE StateContext queue 14 complete
TRACE StateContext all queues drained
TRACE StateContext states snapshotted 1
TRACE StateContext states cleared
TRACE StateContext queues cleared
TRACE StateContext shared listener cleared
TRACE StateContext unload end 0000014D8BDCDC80
TRACE StateContext unload start 0000014D8BDCDD50 state 7
TRACE StateContext queues snapshotted 15
TRACE StateContext queue 0 0000014E3F41FA20 start
TRACE StateContext queue 0 messages 0
TRACE StateContext queue 0 messages clear start
TRACE StateContext queue 0 messages clear end
TRACE StateContext queue 0 complete
TRACE StateContext queue 1 0000014E3F41FB40 start
TRACE StateContext queue 1 messages 0
TRACE StateContext queue 1 messages clear start
TRACE StateContext queue 1 messages clear end
TRACE StateContext queue 1 complete
TRACE StateContext queue 2 0000014E3F41FC60 start
TRACE StateContext queue 2 messages 0
TRACE StateContext queue 2 messages clear start
TRACE StateContext queue 2 messages clear end
TRACE StateContext queue 2 complete
TRACE StateContext queue 3 0000014E3F41FD80 start
TRACE StateContext queue 3 messages 0
TRACE StateContext queue 3 messages clear start
TRACE StateContext queue 3 messages clear end
TRACE StateContext queue 3 complete
TRACE StateContext queue 4 0000014E3F41FEA0 start
TRACE StateContext queue 4 messages 0
TRACE StateContext queue 4 messages clear start
TRACE StateContext queue 4 messages clear end
TRACE StateContext queue 4 complete
TRACE StateContext queue 5 0000014E3F41FFC0 start
TRACE StateContext queue 5 messages 0
TRACE StateContext queue 5 messages clear start
TRACE StateContext queue 5 messages clear end
TRACE StateContext queue 5 complete
TRACE StateContext queue 6 0000014E3F4200E0 start
TRACE StateContext queue 6 messages 0
TRACE StateContext queue 6 messages clear start
TRACE StateContext queue 6 messages clear end
TRACE StateContext queue 6 complete
TRACE StateContext queue 7 0000014E3F425020 start
TRACE StateContext queue 7 messages 0
TRACE StateContext queue 7 messages clear start
TRACE StateContext queue 7 messages clear end
TRACE StateContext queue 7 complete
TRACE StateContext queue 8 0000014E3F425140 start
TRACE StateContext queue 8 messages 0
TRACE StateContext queue 8 messages clear start
TRACE StateContext queue 8 messages clear end
TRACE StateContext queue 8 complete
TRACE StateContext queue 9 0000014E3F425260 start
TRACE StateContext queue 9 messages 0
TRACE StateContext queue 9 messages clear start
TRACE StateContext queue 9 messages clear end
TRACE StateContext queue 9 complete
TRACE StateContext queue 10 0000014E3F425380 start
TRACE StateContext queue 10 messages 0
TRACE StateContext queue 10 messages clear start
TRACE StateContext queue 10 messages clear end
TRACE StateContext queue 10 complete
TRACE StateContext queue 11 0000014E3F4254A0 start
TRACE StateContext queue 11 messages 0
TRACE StateContext queue 11 messages clear start
TRACE StateContext queue 11 messages clear end
TRACE StateContext queue 11 complete
TRACE StateContext queue 12 0000014E3F4255C0 start
TRACE StateContext queue 12 messages 0
TRACE StateContext queue 12 messages clear start
TRACE StateContext queue 12 messages clear end
TRACE StateContext queue 12 complete
TRACE StateContext queue 13 0000014E3F4256E0 start
TRACE StateContext queue 13 messages 0
TRACE StateContext queue 13 messages clear start
TRACE StateContext queue 13 messages clear end
TRACE StateContext queue 13 complete
TRACE StateContext queue 14 0000014E3F425800 start
TRACE StateContext queue 14 messages 0
TRACE StateContext queue 14 messages clear start
TRACE StateContext queue 14 messages clear end
TRACE StateContext queue 14 complete
TRACE StateContext all queues drained
TRACE StateContext states snapshotted 1
TRACE StateContext states cleared
TRACE StateContext queues cleared
TRACE StateContext shared listener cleared
TRACE StateContext unload end 0000014D8BDCDD50
TRACE StateContext unload start 0000014D8BDCDE20 state 7
TRACE StateContext queues snapshotted 15
TRACE StateContext queue 0 0000014E3F425920 start
TRACE StateContext queue 0 messages 0
TRACE StateContext queue 0 messages clear start
TRACE StateContext queue 0 messages clear end
TRACE StateContext queue 0 complete
TRACE StateContext queue 1 0000014E3F425A40 start
TRACE StateContext queue 1 messages 0
TRACE StateContext queue 1 messages clear start
TRACE StateContext queue 1 messages clear end
TRACE StateContext queue 1 complete
TRACE StateContext queue 2 0000014E3F425B60 start
TRACE StateContext queue 2 messages 0
TRACE StateContext queue 2 messages clear start
TRACE StateContext queue 2 messages clear end
TRACE StateContext queue 2 complete
TRACE StateContext queue 3 0000014E3F425C80 start
TRACE StateContext queue 3 messages 0
TRACE StateContext queue 3 messages clear start
TRACE StateContext queue 3 messages clear end
TRACE StateContext queue 3 complete
TRACE StateContext queue 4 0000014E3F425DA0 start
TRACE StateContext queue 4 messages 0
TRACE StateContext queue 4 messages clear start
TRACE StateContext queue 4 messages clear end
TRACE StateContext queue 4 complete
TRACE StateContext queue 5 0000014E3F425EC0 start
TRACE StateContext queue 5 messages 0
TRACE StateContext queue 5 messages clear start
TRACE StateContext queue 5 messages clear end
TRACE StateContext queue 5 complete
TRACE StateContext queue 6 0000014E3F425FE0 start
TRACE StateContext queue 6 messages 0
TRACE StateContext queue 6 messages clear start
TRACE StateContext queue 6 messages clear end
TRACE StateContext queue 6 complete
TRACE StateContext queue 7 0000014E3F426100 start
TRACE StateContext queue 7 messages 0
TRACE StateContext queue 7 messages clear start
TRACE StateContext queue 7 messages clear end
TRACE StateContext queue 7 complete
TRACE StateContext queue 8 0000014E3F426220 start
TRACE StateContext queue 8 messages 0
TRACE StateContext queue 8 messages clear start
TRACE StateContext queue 8 messages clear end
TRACE StateContext queue 8 complete
TRACE StateContext queue 9 0000014E3F426340 start
TRACE StateContext queue 9 messages 0
TRACE StateContext queue 9 messages clear start
TRACE StateContext queue 9 messages clear end
TRACE StateContext queue 9 complete
TRACE StateContext queue 10 0000014E3F426460 start
TRACE StateContext queue 10 messages 0
TRACE StateContext queue 10 messages clear start
TRACE StateContext queue 10 messages clear end
TRACE StateContext queue 10 complete
TRACE StateContext queue 11 0000014E3F426580 start
TRACE StateContext queue 11 messages 0
TRACE StateContext queue 11 messages clear start
TRACE StateContext queue 11 messages clear end
TRACE StateContext queue 11 complete
TRACE StateContext queue 12 0000014E3F4266A0 start
TRACE StateContext queue 12 messages 0
TRACE StateContext queue 12 messages clear start
TRACE StateContext queue 12 messages clear end
TRACE StateContext queue 12 complete
TRACE StateContext queue 13 0000014E3F4267C0 start
TRACE StateContext queue 13 messages 0
TRACE StateContext queue 13 messages clear start
TRACE StateContext queue 13 messages clear end
TRACE StateContext queue 13 complete
TRACE StateContext queue 14 0000014E3F4268E0 start
TRACE StateContext queue 14 messages 0
TRACE StateContext queue 14 messages clear start
TRACE StateContext queue 14 messages clear end
TRACE StateContext queue 14 complete
TRACE StateContext all queues drained
TRACE StateContext states snapshotted 1
TRACE StateContext states cleared
TRACE StateContext queues cleared
TRACE StateContext shared listener cleared
TRACE StateContext unload end 0000014D8BDCDE20
TRACE StateContext unload start 0000014D8BDCDEF0 state 7
TRACE StateContext queues snapshotted 15
TRACE StateContext queue 0 0000014E3F426A00 start
TRACE StateContext queue 0 messages 0
TRACE StateContext queue 0 messages clear start
TRACE StateContext queue 0 messages clear end
TRACE StateContext queue 0 complete
TRACE StateContext queue 1 0000014E3F426B20 start
TRACE StateContext queue 1 messages 0
TRACE StateContext queue 1 messages clear start
TRACE StateContext queue 1 messages clear end
TRACE StateContext queue 1 complete
TRACE StateContext queue 2 0000014E3F426C40 start
TRACE StateContext queue 2 messages 0
TRACE StateContext queue 2 messages clear start
TRACE StateContext queue 2 messages clear end
TRACE StateContext queue 2 complete
TRACE StateContext queue 3 0000014E3F426D60 start
TRACE StateContext queue 3 messages 0
TRACE StateContext queue 3 messages clear start
TRACE StateContext queue 3 messages clear end
TRACE StateContext queue 3 complete
TRACE StateContext queue 4 0000014E3F426E80 start
TRACE StateContext queue 4 messages 0
TRACE StateContext queue 4 messages clear start
TRACE StateContext queue 4 messages clear end
TRACE StateContext queue 4 complete
TRACE StateContext queue 5 0000014E3F426FA0 start
TRACE StateContext queue 5 messages 0
TRACE StateContext queue 5 messages clear start
TRACE StateContext queue 5 messages clear end
TRACE StateContext queue 5 complete
TRACE StateContext queue 6 0000014E3F4270C0 start
TRACE StateContext queue 6 messages 0
TRACE StateContext queue 6 messages clear start
TRACE StateContext queue 6 messages clear end
TRACE StateContext queue 6 complete
TRACE StateContext queue 7 0000014E3F4271E0 start
TRACE StateContext queue 7 messages 0
TRACE StateContext queue 7 messages clear start
TRACE StateContext queue 7 messages clear end
TRACE StateContext queue 7 complete
TRACE StateContext queue 8 0000014E3F427300 start
TRACE StateContext queue 8 messages 0
TRACE StateContext queue 8 messages clear start
TRACE StateContext queue 8 messages clear end
TRACE StateContext queue 8 complete
TRACE StateContext queue 9 0000014E3F427430 start
TRACE StateContext queue 9 messages 0
TRACE StateContext queue 9 messages clear start
TRACE StateContext queue 9 messages clear end
TRACE StateContext queue 9 complete
TRACE StateContext queue 10 0000014E3F427550 start
TRACE StateContext queue 10 messages 0
TRACE StateContext queue 10 messages clear start
TRACE StateContext queue 10 messages clear end
TRACE StateContext queue 10 complete
TRACE StateContext queue 11 0000014E3F427670 start
TRACE StateContext queue 11 messages 0
TRACE StateContext queue 11 messages clear start
TRACE StateContext queue 11 messages clear end
TRACE StateContext queue 11 complete
TRACE StateContext queue 12 0000014E3F427790 start
TRACE StateContext queue 12 messages 0
TRACE StateContext queue 12 messages clear start
TRACE StateContext queue 12 messages clear end
TRACE StateContext queue 12 complete
TRACE StateContext queue 13 0000014E3F4278B0 start
TRACE StateContext queue 13 messages 0
TRACE StateContext queue 13 messages clear start
TRACE StateContext queue 13 messages clear end
TRACE StateContext queue 13 complete
TRACE StateContext queue 14 0000014E3F4279D0 start
TRACE StateContext queue 14 messages 0
TRACE StateContext queue 14 messages clear start
TRACE StateContext queue 14 messages clear end
TRACE StateContext queue 14 complete
TRACE StateContext all queues drained
TRACE StateContext states snapshotted 1
TRACE StateContext states cleared
TRACE StateContext queues cleared
TRACE StateContext shared listener cleared
TRACE StateContext unload end 0000014D8BDCDEF0
TRACE StateContext unload start 0000014D8BDCDFC0 state 7
TRACE StateContext queues snapshotted 15
TRACE StateContext queue 0 0000014E3F427AF0 start
TRACE StateContext queue 0 messages 0
TRACE StateContext queue 0 messages clear start
TRACE StateContext queue 0 messages clear end
TRACE StateContext queue 0 complete
TRACE StateContext queue 1 0000014E3F427C10 start
TRACE StateContext queue 1 messages 0
TRACE StateContext queue 1 messages clear start
TRACE StateContext queue 1 messages clear end
TRACE StateContext queue 1 complete
TRACE StateContext queue 2 0000014E3F427D30 start
TRACE StateContext queue 2 messages 0
TRACE StateContext queue 2 messages clear start
TRACE StateContext queue 2 messages clear end
TRACE StateContext queue 2 complete
TRACE StateContext queue 3 0000014E3F427E50 start
TRACE StateContext queue 3 messages 0
TRACE StateContext queue 3 messages clear start
TRACE StateContext queue 3 messages clear end
TRACE StateContext queue 3 complete
TRACE StateContext queue 4 0000014E3F427F70 start
TRACE StateContext queue 4 messages 0
TRACE StateContext queue 4 messages clear start
TRACE StateContext queue 4 messages clear end
TRACE StateContext queue 4 complete
TRACE StateContext queue 5 0000014E3F428090 start
TRACE StateContext queue 5 messages 0
TRACE StateContext queue 5 messages clear start
TRACE StateContext queue 5 messages clear end
TRACE StateContext queue 5 complete
TRACE StateContext queue 6 0000014E3F4281B0 start
TRACE StateContext queue 6 messages 0
TRACE StateContext queue 6 messages clear start
TRACE StateContext queue 6 messages clear end
TRACE StateContext queue 6 complete
TRACE StateContext queue 7 0000014E3F4282D0 start
TRACE StateContext queue 7 messages 0
TRACE StateContext queue 7 messages clear start
TRACE StateContext queue 7 messages clear end
TRACE StateContext queue 7 complete
TRACE StateContext queue 8 0000014E3F4283F0 start
TRACE StateContext queue 8 messages 0
TRACE StateContext queue 8 messages clear start
TRACE StateContext queue 8 messages clear end
TRACE StateContext queue 8 complete
TRACE StateContext queue 9 0000014E3F428510 start
TRACE StateContext queue 9 messages 0
TRACE StateContext queue 9 messages clear start
TRACE StateContext queue 9 messages clear end
TRACE StateContext queue 9 complete
TRACE StateContext queue 10 0000014E3F428630 start
TRACE StateContext queue 10 messages 0
TRACE StateContext queue 10 messages clear start
TRACE StateContext queue 10 messages clear end
TRACE StateContext queue 10 complete
TRACE StateContext queue 11 0000014E3F428750 start
TRACE StateContext queue 11 messages 0
TRACE StateContext queue 11 messages clear start
TRACE StateContext queue 11 messages clear end
TRACE StateContext queue 11 complete
TRACE StateContext queue 12 0000014E3F428870 start
TRACE StateContext queue 12 messages 0
TRACE StateContext queue 12 messages clear start
TRACE StateContext queue 12 messages clear end
TRACE StateContext queue 12 complete
TRACE StateContext queue 13 0000014E3F428990 start
TRACE StateContext queue 13 messages 0
TRACE StateContext queue 13 messages clear start
TRACE StateContext queue 13 messages clear end
TRACE StateContext queue 13 complete
TRACE StateContext queue 14 0000014E3F428AB0 start
TRACE StateContext queue 14 messages 0
TRACE StateContext queue 14 messages clear start
TRACE StateContext queue 14 messages clear end
TRACE StateContext queue 14 complete
TRACE StateContext all queues drained
TRACE StateContext states snapshotted 1
TRACE StateContext states cleared
TRACE StateContext queues cleared
TRACE StateContext shared listener cleared
TRACE StateContext unload end 0000014D8BDCDFC0
TRACE StateContext unload start 0000014D8BDCE090 state 7
TRACE StateContext queues snapshotted 15
TRACE StateContext queue 0 0000014E3F428BD0 start
TRACE StateContext queue 0 messages 0
TRACE StateContext queue 0 messages clear start
TRACE StateContext queue 0 messages clear end
TRACE StateContext queue 0 complete
TRACE StateContext queue 1 0000014E3F428CF0 start
TRACE StateContext queue 1 messages 0
TRACE StateContext queue 1 messages clear start
TRACE StateContext queue 1 messages clear end
TRACE StateContext queue 1 complete
TRACE StateContext queue 2 0000014E3F428E10 start
TRACE StateContext queue 2 messages 0
TRACE StateContext queue 2 messages clear start
TRACE StateContext queue 2 messages clear end
TRACE StateContext queue 2 complete
TRACE StateContext queue 3 0000014E3F428F30 start
TRACE StateContext queue 3 messages 0
TRACE StateContext queue 3 messages clear start
TRACE StateContext queue 3 messages clear end
TRACE StateContext queue 3 complete
TRACE StateContext queue 4 0000014E3F429050 start
TRACE StateContext queue 4 messages 0
TRACE StateContext queue 4 messages clear start
TRACE StateContext queue 4 messages clear end
TRACE StateContext queue 4 complete
TRACE StateContext queue 5 0000014E3F429170 start
TRACE StateContext queue 5 messages 0
TRACE StateContext queue 5 messages clear start
TRACE StateContext queue 5 messages clear end
TRACE StateContext queue 5 complete
TRACE StateContext queue 6 0000014E3F429290 start
TRACE StateContext queue 6 messages 0
TRACE StateContext queue 6 messages clear start
TRACE StateContext queue 6 messages clear end
TRACE StateContext queue 6 complete
TRACE StateContext queue 7 0000014E3F4293B0 start
TRACE StateContext queue 7 messages 0
TRACE StateContext queue 7 messages clear start
TRACE StateContext queue 7 messages clear end
TRACE StateContext queue 7 complete
TRACE StateContext queue 8 0000014E3F4294D0 start
TRACE StateContext queue 8 messages 0
TRACE StateContext queue 8 messages clear start
TRACE StateContext queue 8 messages clear end
TRACE StateContext queue 8 complete
TRACE StateContext queue 9 0000014E3F4295F0 start
TRACE StateContext queue 9 messages 0
TRACE StateContext queue 9 messages clear start
TRACE StateContext queue 9 messages clear end
TRACE StateContext queue 9 complete
TRACE StateContext queue 10 0000014E3F429710 start
TRACE StateContext queue 10 messages 0
TRACE StateContext queue 10 messages clear start
TRACE StateContext queue 10 messages clear end
TRACE StateContext queue 10 complete
TRACE StateContext queue 11 0000014E3F47AFE0 start
TRACE StateContext queue 11 messages 0
TRACE StateContext queue 11 messages clear start
TRACE StateContext queue 11 messages clear end
TRACE StateContext queue 11 complete
TRACE StateContext queue 12 0000014E3F47B100 start
TRACE StateContext queue 12 messages 0
TRACE StateContext queue 12 messages clear start
TRACE StateContext queue 12 messages clear end
TRACE StateContext queue 12 complete
TRACE StateContext queue 13 0000014E3F47B220 start
TRACE StateContext queue 13 messages 0
TRACE StateContext queue 13 messages clear start
TRACE StateContext queue 13 messages clear end
TRACE StateContext queue 13 complete
TRACE StateContext queue 14 0000014E3F47B340 start
TRACE StateContext queue 14 messages 0
TRACE StateContext queue 14 messages clear start
TRACE StateContext queue 14 messages clear end
TRACE StateContext queue 14 complete
TRACE StateContext all queues drained
TRACE StateContext states snapshotted 1
TRACE StateContext states cleared
TRACE StateContext queues cleared
TRACE StateContext shared listener cleared
TRACE StateContext unload end 0000014D8BDCE090
TRACE StateContext unload start 0000014D8BDCE160 state 7
TRACE StateContext queues snapshotted 15
TRACE StateContext queue 0 0000014E3F47B460 start
TRACE StateContext queue 0 messages 0
TRACE StateContext queue 0 messages clear start
TRACE StateContext queue 0 messages clear end
TRACE StateContext queue 0 complete
TRACE StateContext queue 1 0000014E3F47B580 start
TRACE StateContext queue 1 messages 0
TRACE StateContext queue 1 messages clear start
TRACE StateContext queue 1 messages clear end
TRACE StateContext queue 1 complete
TRACE StateContext queue 2 0000014E3F47B6A0 start
TRACE StateContext queue 2 messages 0
TRACE StateContext queue 2 messages clear start
TRACE StateContext queue 2 messages clear end
TRACE StateContext queue 2 complete
TRACE StateContext queue 3 0000014E3F47B7C0 start
TRACE StateContext queue 3 messages 0
TRACE StateContext queue 3 messages clear start
TRACE StateContext queue 3 messages clear end
TRACE StateContext queue 3 complete
TRACE StateContext queue 4 0000014E3F47B8E0 start
TRACE StateContext queue 4 messages 0
TRACE StateContext queue 4 messages clear start
TRACE StateContext queue 4 messages clear end
TRACE StateContext queue 4 complete
TRACE StateContext queue 5 0000014E3F47BA00 start
TRACE StateContext queue 5 messages 0
TRACE StateContext queue 5 messages clear start
TRACE StateContext queue 5 messages clear end
TRACE StateContext queue 5 complete
TRACE StateContext queue 6 0000014E3F47BB20 start
TRACE StateContext queue 6 messages 0
TRACE StateContext queue 6 messages clear start
TRACE StateContext queue 6 messages clear end
TRACE StateContext queue 6 complete
TRACE StateContext queue 7 0000014E3F47BC40 start
TRACE StateContext queue 7 messages 0
TRACE StateContext queue 7 messages clear start
TRACE StateContext queue 7 messages clear end
TRACE StateContext queue 7 complete
TRACE StateContext queue 8 0000014E3F47BD60 start
TRACE StateContext queue 8 messages 0
TRACE StateContext queue 8 messages clear start
TRACE StateContext queue 8 messages clear end
TRACE StateContext queue 8 complete
TRACE StateContext queue 9 0000014E3F47BE80 start
TRACE StateContext queue 9 messages 0
TRACE StateContext queue 9 messages clear start
TRACE StateContext queue 9 messages clear end
TRACE StateContext queue 9 complete
TRACE StateContext queue 10 0000014E3F47BFA0 start
TRACE StateContext queue 10 messages 0
TRACE StateContext queue 10 messages clear start
TRACE StateContext queue 10 messages clear end
TRACE StateContext queue 10 complete
TRACE StateContext queue 11 0000014E3F47C0C0 start
TRACE StateContext queue 11 messages 0
TRACE StateContext queue 11 messages clear start
TRACE StateContext queue 11 messages clear end
TRACE StateContext queue 11 complete
TRACE StateContext queue 12 0000014E3F47C1E0 start
TRACE StateContext queue 12 messages 0
TRACE StateContext queue 12 messages clear start
TRACE StateContext queue 12 messages clear end
TRACE StateContext queue 12 complete
TRACE StateContext queue 13 0000014E3F47C300 start
TRACE StateContext queue 13 messages 0
TRACE StateContext queue 13 messages clear start
TRACE StateContext queue 13 messages clear end
TRACE StateContext queue 13 complete
TRACE StateContext queue 14 0000014E3F47C420 start
TRACE StateContext queue 14 messages 0
TRACE StateContext queue 14 messages clear start
TRACE StateContext queue 14 messages clear end
TRACE StateContext queue 14 complete
TRACE StateContext all queues drained
TRACE StateContext states snapshotted 1
TRACE StateContext states cleared
TRACE StateContext queues cleared
TRACE StateContext shared listener cleared
TRACE StateContext unload end 0000014D8BDCE160
TRACE StateContext unload start 0000014D8BDCE230 state 7
TRACE StateContext queues snapshotted 15
TRACE StateContext queue 0 0000014E3F47C540 start
TRACE StateContext queue 0 messages 0
TRACE StateContext queue 0 messages clear start
TRACE StateContext queue 0 messages clear end
TRACE StateContext queue 0 complete
TRACE StateContext queue 1 0000014E3F47C660 start
TRACE StateContext queue 1 messages 0
TRACE StateContext queue 1 messages clear start
TRACE StateContext queue 1 messages clear end
TRACE StateContext queue 1 complete
TRACE StateContext queue 2 0000014E3F47C780 start
TRACE StateContext queue 2 messages 0
TRACE StateContext queue 2 messages clear start
TRACE StateContext queue 2 messages clear end
TRACE StateContext queue 2 complete
TRACE StateContext queue 3 0000014E3F47C8A0 start
TRACE StateContext queue 3 messages 0
TRACE StateContext queue 3 messages clear start
TRACE StateContext queue 3 messages clear end
TRACE StateContext queue 3 complete
TRACE StateContext queue 4 0000014E3F47C9C0 start
TRACE StateContext queue 4 messages 0
TRACE StateContext queue 4 messages clear start
TRACE StateContext queue 4 messages clear end
TRACE StateContext queue 4 complete
TRACE StateContext queue 5 0000014E3F47CAE0 start
TRACE StateContext queue 5 messages 0
TRACE StateContext queue 5 messages clear start
TRACE StateContext queue 5 messages clear end
TRACE StateContext queue 5 complete
TRACE StateContext queue 6 0000014E3F47CC00 start
TRACE StateContext queue 6 messages 0
TRACE StateContext queue 6 messages clear start
TRACE StateContext queue 6 messages clear end
TRACE StateContext queue 6 complete
TRACE StateContext queue 7 0000014E3F47CD20 start
TRACE StateContext queue 7 messages 0
TRACE StateContext queue 7 messages clear start
TRACE StateContext queue 7 messages clear end
TRACE StateContext queue 7 complete
TRACE StateContext queue 8 0000014E3F47CE40 start
TRACE StateContext queue 8 messages 0
TRACE StateContext queue 8 messages clear start
TRACE StateContext queue 8 messages clear end
TRACE StateContext queue 8 complete
TRACE StateContext queue 9 0000014E3F47CF60 start
TRACE StateContext queue 9 messages 0
TRACE StateContext queue 9 messages clear start
TRACE StateContext queue 9 messages clear end
TRACE StateContext queue 9 complete
TRACE StateContext queue 10 0000014E3F47D080 start
TRACE StateContext queue 10 messages 0
TRACE StateContext queue 10 messages clear start
TRACE StateContext queue 10 messages clear end
TRACE StateContext queue 10 complete
TRACE StateContext queue 11 0000014E3F47D1A0 start
TRACE StateContext queue 11 messages 0
TRACE StateContext queue 11 messages clear start
TRACE StateContext queue 11 messages clear end
TRACE StateContext queue 11 complete
TRACE StateContext queue 12 0000014E3F47D2C0 start
TRACE StateContext queue 12 messages 0
TRACE StateContext queue 12 messages clear start
TRACE StateContext queue 12 messages clear end
TRACE StateContext queue 12 complete
TRACE StateContext queue 13 0000014E3F4C5C90 start
TRACE StateContext queue 13 messages 0
TRACE StateContext queue 13 messages clear start
TRACE StateContext queue 13 messages clear end
TRACE StateContext queue 13 complete
TRACE StateContext queue 14 0000014E3F4C5DB0 start
TRACE StateContext queue 14 messages 0
TRACE StateContext queue 14 messages clear start
TRACE StateContext queue 14 messages clear end
TRACE StateContext queue 14 complete
TRACE StateContext all queues drained
TRACE StateContext states snapshotted 1
TRACE StateContext states cleared
TRACE StateContext queues cleared
TRACE StateContext shared listener cleared
TRACE StateContext unload end 0000014D8BDCE230
TRACE StateContext unload start 0000014D8BDCE300 state 7
TRACE StateContext queues snapshotted 15
TRACE StateContext queue 0 0000014E3F4C5ED0 start
TRACE StateContext queue 0 messages 0
TRACE StateContext queue 0 messages clear start
TRACE StateContext queue 0 messages clear end
TRACE StateContext queue 0 complete
TRACE StateContext queue 1 0000014E3F4C5FF0 start
TRACE StateContext queue 1 messages 0
TRACE StateContext queue 1 messages clear start
TRACE StateContext queue 1 messages clear end
TRACE StateContext queue 1 complete
TRACE StateContext queue 2 0000014E3F4C6110 start
TRACE StateContext queue 2 messages 0
TRACE StateContext queue 2 messages clear start
TRACE StateContext queue 2 messages clear end
TRACE StateContext queue 2 complete
TRACE StateContext queue 3 0000014E3F4C6230 start
TRACE StateContext queue 3 messages 0
TRACE StateContext queue 3 messages clear start
TRACE StateContext queue 3 messages clear end
TRACE StateContext queue 3 complete
TRACE StateContext queue 4 0000014E3F4C6350 start
TRACE StateContext queue 4 messages 0
TRACE StateContext queue 4 messages clear start
TRACE StateContext queue 4 messages clear end
TRACE StateContext queue 4 complete
TRACE StateContext queue 5 0000014E3F4C6470 start
TRACE StateContext queue 5 messages 0
TRACE StateContext queue 5 messages clear start
TRACE StateContext queue 5 messages clear end
TRACE StateContext queue 5 complete
TRACE StateContext queue 6 0000014E3F4C6590 start
TRACE StateContext queue 6 messages 0
TRACE StateContext queue 6 messages clear start
TRACE StateContext queue 6 messages clear end
TRACE StateContext queue 6 complete
TRACE StateContext queue 7 0000014E3F4C66B0 start
TRACE StateContext queue 7 messages 0
TRACE StateContext queue 7 messages clear start
TRACE StateContext queue 7 messages clear end
TRACE StateContext queue 7 complete
TRACE StateContext queue 8 0000014E3F4C67D0 start
TRACE StateContext queue 8 messages 0
TRACE StateContext queue 8 messages clear start
TRACE StateContext queue 8 messages clear end
TRACE StateContext queue 8 complete
TRACE StateContext queue 9 0000014E3F4C68F0 start
TRACE StateContext queue 9 messages 0
TRACE StateContext queue 9 messages clear start
TRACE StateContext queue 9 messages clear end
TRACE StateContext queue 9 complete
TRACE StateContext queue 10 0000014E3F4C6A10 start
TRACE StateContext queue 10 messages 0
TRACE StateContext queue 10 messages clear start
TRACE StateContext queue 10 messages clear end
TRACE StateContext queue 10 complete
TRACE StateContext queue 11 0000014E3F4C6B30 start
TRACE StateContext queue 11 messages 0
TRACE StateContext queue 11 messages clear start
TRACE StateContext queue 11 messages clear end
TRACE StateContext queue 11 complete
TRACE StateContext queue 12 0000014E3F4C6C50 start
TRACE StateContext queue 12 messages 0
TRACE StateContext queue 12 messages clear start
TRACE StateContext queue 12 messages clear end
TRACE StateContext queue 12 complete
TRACE StateContext queue 13 0000014E3F4C6D70 start
TRACE StateContext queue 13 messages 0
TRACE StateContext queue 13 messages clear start
TRACE StateContext queue 13 messages clear end
TRACE StateContext queue 13 complete
TRACE StateContext queue 14 0000014E3F4C6E90 start
TRACE StateContext queue 14 messages 0
TRACE StateContext queue 14 messages clear start
TRACE StateContext queue 14 messages clear end
TRACE StateContext queue 14 complete
TRACE StateContext all queues drained
TRACE StateContext states snapshotted 1
TRACE StateContext states cleared
TRACE StateContext queues cleared
TRACE StateContext shared listener cleared
TRACE StateContext unload end 0000014D8BDCE300
TRACE StateContext unload start 0000014D8BDCE3D0 state 7
TRACE StateContext queues snapshotted 15
TRACE StateContext queue 0 0000014E3F4C6FB0 start
TRACE StateContext queue 0 messages 0
TRACE StateContext queue 0 messages clear start
TRACE StateContext queue 0 messages clear end
TRACE StateContext queue 0 complete
TRACE StateContext queue 1 0000014E3F4C70D0 start
TRACE StateContext queue 1 messages 0
TRACE StateContext queue 1 messages clear start
TRACE StateContext queue 1 messages clear end
TRACE StateContext queue 1 complete
TRACE StateContext queue 2 0000014E3F4C71F0 start
TRACE StateContext queue 2 messages 0
TRACE StateContext queue 2 messages clear start
TRACE StateContext queue 2 messages clear end
TRACE StateContext queue 2 complete
TRACE StateContext queue 3 0000014E3F4C7310 start
TRACE StateContext queue 3 messages 0
TRACE StateContext queue 3 messages clear start
TRACE StateContext queue 3 messages clear end
TRACE StateContext queue 3 complete
TRACE StateContext queue 4 0000014E3F4C7430 start
TRACE StateContext queue 4 messages 0
TRACE StateContext queue 4 messages clear start
TRACE StateContext queue 4 messages clear end
TRACE StateContext queue 4 complete
TRACE StateContext queue 5 0000014E3F4C7550 start
TRACE StateContext queue 5 messages 0
TRACE StateContext queue 5 messages clear start
TRACE StateContext queue 5 messages clear end
TRACE StateContext queue 5 complete
TRACE StateContext queue 6 0000014E3F4C7670 start
TRACE StateContext queue 6 messages 0
TRACE StateContext queue 6 messages clear start
TRACE StateContext queue 6 messages clear end
TRACE StateContext queue 6 complete
TRACE StateContext queue 7 0000014E3F4C7790 start
TRACE StateContext queue 7 messages 0
TRACE StateContext queue 7 messages clear start
TRACE StateContext queue 7 messages clear end
TRACE StateContext queue 7 complete
TRACE StateContext queue 8 0000014E3F4C78B0 start
TRACE StateContext queue 8 messages 0
TRACE StateContext queue 8 messages clear start
TRACE StateContext queue 8 messages clear end
TRACE StateContext queue 8 complete
TRACE StateContext queue 9 0000014E3F4C79D0 start
TRACE StateContext queue 9 messages 0
TRACE StateContext queue 9 messages clear start
TRACE StateContext queue 9 messages clear end
TRACE StateContext queue 9 complete
TRACE StateContext queue 10 0000014E3F4C7AF0 start
TRACE StateContext queue 10 messages 0
TRACE StateContext queue 10 messages clear start
TRACE StateContext queue 10 messages clear end
TRACE StateContext queue 10 complete
TRACE StateContext queue 11 0000014E3F4C7C10 start
TRACE StateContext queue 11 messages 0
TRACE StateContext queue 11 messages clear start
TRACE StateContext queue 11 messages clear end
TRACE StateContext queue 11 complete
TRACE StateContext queue 12 0000014E3F4C7D30 start
TRACE StateContext queue 12 messages 0
TRACE StateContext queue 12 messages clear start
TRACE StateContext queue 12 messages clear end
TRACE StateContext queue 12 complete
TRACE StateContext queue 13 0000014E3F4C7E50 start
TRACE StateContext queue 13 messages 0
TRACE StateContext queue 13 messages clear start
TRACE StateContext queue 13 messages clear end
TRACE StateContext queue 13 complete
TRACE StateContext queue 14 0000014E3F4C7F70 start
TRACE StateContext queue 14 messages 0
TRACE StateContext queue 14 messages clear start
TRACE StateContext queue 14 messages clear end
TRACE StateContext queue 14 complete
TRACE StateContext all queues drained
TRACE StateContext states snapshotted 1
TRACE StateContext states cleared
TRACE StateContext queues cleared
TRACE StateContext shared listener cleared
TRACE StateContext unload end 0000014D8BDCE3D0
TRACE StateContext unload start 0000014D8BDCE4A0 state 7
TRACE StateContext queues snapshotted 15
TRACE StateContext queue 0 0000014E3F4C3880 start
TRACE StateContext queue 0 messages 0
TRACE StateContext queue 0 messages clear start
TRACE StateContext queue 0 messages clear end
TRACE StateContext queue 0 complete
TRACE StateContext queue 1 0000014E3F4C39A0 start
TRACE StateContext queue 1 messages 0
TRACE StateContext queue 1 messages clear start
TRACE StateContext queue 1 messages clear end
TRACE StateContext queue 1 complete
TRACE StateContext queue 2 0000014E3F4C3AC0 start
TRACE StateContext queue 2 messages 0
TRACE StateContext queue 2 messages clear start
TRACE StateContext queue 2 messages clear end
TRACE StateContext queue 2 complete
TRACE StateContext queue 3 0000014E3F4C3BE0 start
TRACE StateContext queue 3 messages 0
TRACE StateContext queue 3 messages clear start
TRACE StateContext queue 3 messages clear end
TRACE StateContext queue 3 complete
TRACE StateContext queue 4 0000014E3F4C3D00 start
TRACE StateContext queue 4 messages 0
TRACE StateContext queue 4 messages clear start
TRACE StateContext queue 4 messages clear end
TRACE StateContext queue 4 complete
TRACE StateContext queue 5 0000014E3F4C3E20 start
TRACE StateContext queue 5 messages 0
TRACE StateContext queue 5 messages clear start
TRACE StateContext queue 5 messages clear end
TRACE StateContext queue 5 complete
TRACE StateContext queue 6 0000014E3F4C3F40 start
TRACE StateContext queue 6 messages 0
TRACE StateContext queue 6 messages clear start
TRACE StateContext queue 6 messages clear end
TRACE StateContext queue 6 complete
TRACE StateContext queue 7 0000014E3F4C4060 start
TRACE StateContext queue 7 messages 0
TRACE StateContext queue 7 messages clear start
TRACE StateContext queue 7 messages clear end
TRACE StateContext queue 7 complete
TRACE StateContext queue 8 0000014E3F4C4180 start
TRACE StateContext queue 8 messages 0
TRACE StateContext queue 8 messages clear start
TRACE StateContext queue 8 messages clear end
TRACE StateContext queue 8 complete
TRACE StateContext queue 9 0000014E3F4C42A0 start
TRACE StateContext queue 9 messages 0
TRACE StateContext queue 9 messages clear start
TRACE StateContext queue 9 messages clear end
TRACE StateContext queue 9 complete
TRACE StateContext queue 10 0000014E3F4C43C0 start
TRACE StateContext queue 10 messages 0
TRACE StateContext queue 10 messages clear start
TRACE StateContext queue 10 messages clear end
TRACE StateContext queue 10 complete
TRACE StateContext queue 11 0000014E3F4C44E0 start
TRACE StateContext queue 11 messages 0
TRACE StateContext queue 11 messages clear start
TRACE StateContext queue 11 messages clear end
TRACE StateContext queue 11 complete
TRACE StateContext queue 12 0000014E3F4C4600 start
TRACE StateContext queue 12 messages 0
TRACE StateContext queue 12 messages clear start
TRACE StateContext queue 12 messages clear end
TRACE StateContext queue 12 complete
TRACE StateContext queue 13 0000014E3F4C4720 start
TRACE StateContext queue 13 messages 0
TRACE StateContext queue 13 messages clear start
TRACE StateContext queue 13 messages clear end
TRACE StateContext queue 13 complete
TRACE StateContext queue 14 0000014E3F4C4840 start
TRACE StateContext queue 14 messages 0
TRACE StateContext queue 14 messages clear start
TRACE StateContext queue 14 messages clear end
TRACE StateContext queue 14 complete
TRACE StateContext all queues drained
TRACE StateContext states snapshotted 1
TRACE StateContext states cleared
TRACE StateContext queues cleared
TRACE StateContext shared listener cleared
TRACE StateContext unload end 0000014D8BDCE4A0
TRACE StateContext unload start 0000014D8BDCE770 state 7
TRACE StateContext queues snapshotted 15
TRACE StateContext queue 0 0000014E3F4C4960 start
TRACE StateContext queue 0 messages 0
TRACE StateContext queue 0 messages clear start
TRACE StateContext queue 0 messages clear end
TRACE StateContext queue 0 complete
TRACE StateContext queue 1 0000014E3F4C4A80 start
TRACE StateContext queue 1 messages 0
TRACE StateContext queue 1 messages clear start
TRACE StateContext queue 1 messages clear end
TRACE StateContext queue 1 complete
TRACE StateContext queue 2 0000014E3F4C4BA0 start
TRACE StateContext queue 2 messages 0
TRACE StateContext queue 2 messages clear start
TRACE StateContext queue 2 messages clear end
TRACE StateContext queue 2 complete
TRACE StateContext queue 3 0000014E3F4C4CC0 start
TRACE StateContext queue 3 messages 0
TRACE StateContext queue 3 messages clear start
TRACE StateContext queue 3 messages clear end
TRACE StateContext queue 3 complete
TRACE StateContext queue 4 0000014E3F4C4DE0 start
TRACE StateContext queue 4 messages 0
TRACE StateContext queue 4 messages clear start
TRACE StateContext queue 4 messages clear end
TRACE StateContext queue 4 complete
TRACE StateContext queue 5 0000014E3F4C4F00 start
TRACE StateContext queue 5 messages 0
TRACE StateContext queue 5 messages clear start
TRACE StateContext queue 5 messages clear end
TRACE StateContext queue 5 complete
TRACE StateContext queue 6 0000014E3F4C5020 start
TRACE StateContext queue 6 messages 0
TRACE StateContext queue 6 messages clear start
TRACE StateContext queue 6 messages clear end
TRACE StateContext queue 6 complete
TRACE StateContext queue 7 0000014E3F4C5140 start
TRACE StateContext queue 7 messages 0
TRACE StateContext queue 7 messages clear start
TRACE StateContext queue 7 messages clear end
TRACE StateContext queue 7 complete
TRACE StateContext queue 8 0000014E3F4C5260 start
TRACE StateContext queue 8 messages 0
TRACE StateContext queue 8 messages clear start
TRACE StateContext queue 8 messages clear end
TRACE StateContext queue 8 complete
TRACE StateContext queue 9 0000014E3F4C5380 start
TRACE StateContext queue 9 messages 0
TRACE StateContext queue 9 messages clear start
TRACE StateContext queue 9 messages clear end
TRACE StateContext queue 9 complete
TRACE StateContext queue 10 0000014E3F4C54A0 start
TRACE StateContext queue 10 messages 0
TRACE StateContext queue 10 messages clear start
TRACE StateContext queue 10 messages clear end
TRACE StateContext queue 10 complete
TRACE StateContext queue 11 0000014E3F4C55C0 start
TRACE StateContext queue 11 messages 0
TRACE StateContext queue 11 messages clear start
TRACE StateContext queue 11 messages clear end
TRACE StateContext queue 11 complete
TRACE StateContext queue 12 0000014E3F4C56E0 start
TRACE StateContext queue 12 messages 0
TRACE StateContext queue 12 messages clear start
TRACE StateContext queue 12 messages clear end
TRACE StateContext queue 12 complete
TRACE StateContext queue 13 0000014E3F4C5800 start
TRACE StateContext queue 13 messages 0
TRACE StateContext queue 13 messages clear start
TRACE StateContext queue 13 messages clear end
TRACE StateContext queue 13 complete
TRACE StateContext queue 14 0000014E3F4C5920 start
TRACE StateContext queue 14 messages 0
TRACE StateContext queue 14 messages clear start
TRACE StateContext queue 14 messages clear end
TRACE StateContext queue 14 complete
TRACE StateContext all queues drained
TRACE StateContext states snapshotted 1
TRACE StateContext states cleared
TRACE StateContext queues cleared
TRACE StateContext shared listener cleared
TRACE StateContext unload end 0000014D8BDCE770
TRACE StateContext unload start 0000014D8BDCE840 state 7
TRACE StateContext queues snapshotted 15
TRACE StateContext queue 0 0000014E3F4C5A40 start
TRACE StateContext queue 0 messages 0
TRACE StateContext queue 0 messages clear start
TRACE StateContext queue 0 messages clear end
TRACE StateContext queue 0 complete
TRACE StateContext queue 1 0000014E3F4C5B60 start
TRACE StateContext queue 1 messages 0
TRACE StateContext queue 1 messages clear start
TRACE StateContext queue 1 messages clear end
TRACE StateContext queue 1 complete
TRACE StateContext queue 2 0000014E3F4BF060 start
TRACE StateContext queue 2 messages 0
TRACE StateContext queue 2 messages clear start
TRACE StateContext queue 2 messages clear end
TRACE StateContext queue 2 complete
TRACE StateContext queue 3 0000014E3F4BF180 start
TRACE StateContext queue 3 messages 0
TRACE StateContext queue 3 messages clear start
TRACE StateContext queue 3 messages clear end
TRACE StateContext queue 3 complete
TRACE StateContext queue 4 0000014E3F4BF2A0 start
TRACE StateContext queue 4 messages 0
TRACE StateContext queue 4 messages clear start
TRACE StateContext queue 4 messages clear end
TRACE StateContext queue 4 complete
TRACE StateContext queue 5 0000014E3F4BF3C0 start
TRACE StateContext queue 5 messages 0
TRACE StateContext queue 5 messages clear start
TRACE StateContext queue 5 messages clear end
TRACE StateContext queue 5 complete
TRACE StateContext queue 6 0000014E3F4BF4E0 start
TRACE StateContext queue 6 messages 0
TRACE StateContext queue 6 messages clear start
TRACE StateContext queue 6 messages clear end
TRACE StateContext queue 6 complete
TRACE StateContext queue 7 0000014E3F4BF600 start
TRACE StateContext queue 7 messages 0
TRACE StateContext queue 7 messages clear start
TRACE StateContext queue 7 messages clear end
TRACE StateContext queue 7 complete
TRACE StateContext queue 8 0000014E3F4BF720 start
TRACE StateContext queue 8 messages 0
TRACE StateContext queue 8 messages clear start
TRACE StateContext queue 8 messages clear end
TRACE StateContext queue 8 complete
TRACE StateContext queue 9 0000014E3F4BF840 start
TRACE StateContext queue 9 messages 0
TRACE StateContext queue 9 messages clear start
TRACE StateContext queue 9 messages clear end
TRACE StateContext queue 9 complete
TRACE StateContext queue 10 0000014E3F4BF960 start
TRACE StateContext queue 10 messages 0
TRACE StateContext queue 10 messages clear start
TRACE StateContext queue 10 messages clear end
TRACE StateContext queue 10 complete
TRACE StateContext queue 11 0000014E3F4BFA80 start
TRACE StateContext queue 11 messages 0
TRACE StateContext queue 11 messages clear start
TRACE StateContext queue 11 messages clear end
TRACE StateContext queue 11 complete
TRACE StateContext queue 12 0000014E3F4BFBA0 start
TRACE StateContext queue 12 messages 0
TRACE StateContext queue 12 messages clear start
TRACE StateContext queue 12 messages clear end
TRACE StateContext queue 12 complete
TRACE StateContext queue 13 0000014E3F4BFCC0 start
TRACE StateContext queue 13 messages 0
TRACE StateContext queue 13 messages clear start
TRACE StateContext queue 13 messages clear end
TRACE StateContext queue 13 complete
TRACE StateContext queue 14 0000014E3F4BFDE0 start
TRACE StateContext queue 14 messages 0
TRACE StateContext queue 14 messages clear start
TRACE StateContext queue 14 messages clear end
TRACE StateContext queue 14 complete
TRACE StateContext all queues drained
TRACE StateContext states snapshotted 1
TRACE StateContext states cleared
TRACE StateContext queues cleared
TRACE StateContext shared listener cleared
TRACE StateContext unload end 0000014D8BDCE840
TRACE StateContext unload start 0000014D8BDCE910 state 7
TRACE StateContext queues snapshotted 15
TRACE StateContext queue 0 0000014E3F4BFF00 start
TRACE StateContext queue 0 messages 0
TRACE StateContext queue 0 messages clear start
TRACE StateContext queue 0 messages clear end
TRACE StateContext queue 0 complete
TRACE StateContext queue 1 0000014E3F4C0020 start
TRACE StateContext queue 1 messages 0
TRACE StateContext queue 1 messages clear start
TRACE StateContext queue 1 messages clear end
TRACE StateContext queue 1 complete
TRACE StateContext queue 2 0000014E3F4C0140 start
TRACE StateContext queue 2 messages 0
TRACE StateContext queue 2 messages clear start
TRACE StateContext queue 2 messages clear end
TRACE StateContext queue 2 complete
TRACE StateContext queue 3 0000014E3F4C0260 start
TRACE StateContext queue 3 messages 0
TRACE StateContext queue 3 messages clear start
TRACE StateContext queue 3 messages clear end
TRACE StateContext queue 3 complete
TRACE StateContext queue 4 0000014E3F4C0380 start
TRACE StateContext queue 4 messages 0
TRACE StateContext queue 4 messages clear start
TRACE StateContext queue 4 messages clear end
TRACE StateContext queue 4 complete
TRACE StateContext queue 5 0000014E3F4C04A0 start
TRACE StateContext queue 5 messages 0
TRACE StateContext queue 5 messages clear start
TRACE StateContext queue 5 messages clear end
TRACE StateContext queue 5 complete
TRACE StateContext queue 6 0000014E3F4C05C0 start
TRACE StateContext queue 6 messages 0
TRACE StateContext queue 6 messages clear start
TRACE StateContext queue 6 messages clear end
TRACE StateContext queue 6 complete
TRACE StateContext queue 7 0000014E3F4C06E0 start
TRACE StateContext queue 7 messages 0
TRACE StateContext queue 7 messages clear start
TRACE StateContext queue 7 messages clear end
TRACE StateContext queue 7 complete
TRACE StateContext queue 8 0000014E3F4C0800 start
TRACE StateContext queue 8 messages 0
TRACE StateContext queue 8 messages clear start
TRACE StateContext queue 8 messages clear end
TRACE StateContext queue 8 complete
TRACE StateContext queue 9 0000014E3F4C0920 start
TRACE StateContext queue 9 messages 0
TRACE StateContext queue 9 messages clear start
TRACE StateContext queue 9 messages clear end
TRACE StateContext queue 9 complete
TRACE StateContext queue 10 0000014E3F4C0A40 start
TRACE StateContext queue 10 messages 0
TRACE StateContext queue 10 messages clear start
TRACE StateContext queue 10 messages clear end
TRACE StateContext queue 10 complete
TRACE StateContext queue 11 0000014E3F4C0B60 start
TRACE StateContext queue 11 messages 0
TRACE StateContext queue 11 messages clear start
TRACE StateContext queue 11 messages clear end
TRACE StateContext queue 11 complete
TRACE StateContext queue 12 0000014E3F4C0C80 start
TRACE StateContext queue 12 messages 0
TRACE StateContext queue 12 messages clear start
TRACE StateContext queue 12 messages clear end
TRACE StateContext queue 12 complete
TRACE StateContext queue 13 0000014E3F4C0DA0 start
TRACE StateContext queue 13 messages 0
TRACE StateContext queue 13 messages clear start
TRACE StateContext queue 13 messages clear end
TRACE StateContext queue 13 complete
TRACE StateContext queue 14 0000014E3F4C0EC0 start
TRACE StateContext queue 14 messages 0
TRACE StateContext queue 14 messages clear start
TRACE StateContext queue 14 messages clear end
TRACE StateContext queue 14 complete
TRACE StateContext all queues drained
TRACE StateContext states snapshotted 1
TRACE StateContext states cleared
TRACE StateContext queues cleared
TRACE StateContext shared listener cleared
TRACE StateContext unload end 0000014D8BDCE910
TRACE StateContext unload start 0000014D8BDCE9E0 state 7
TRACE StateContext queues snapshotted 15
TRACE StateContext queue 0 0000014E3F4C0FE0 start
TRACE StateContext queue 0 messages 0
TRACE StateContext queue 0 messages clear start
TRACE StateContext queue 0 messages clear end
TRACE StateContext queue 0 complete
TRACE StateContext queue 1 0000014E3F4C1100 start
TRACE StateContext queue 1 messages 0
TRACE StateContext queue 1 messages clear start
TRACE StateContext queue 1 messages clear end
TRACE StateContext queue 1 complete
TRACE StateContext queue 2 0000014E3F4C1220 start
TRACE StateContext queue 2 messages 0
TRACE StateContext queue 2 messages clear start
TRACE StateContext queue 2 messages clear end
TRACE StateContext queue 2 complete
TRACE StateContext queue 3 0000014E3F4C1340 start
TRACE StateContext queue 3 messages 0
TRACE StateContext queue 3 messages clear start
TRACE StateContext queue 3 messages clear end
TRACE StateContext queue 3 complete
TRACE StateContext queue 4 0000014E3F4C1470 start
TRACE StateContext queue 4 messages 0
TRACE StateContext queue 4 messages clear start
TRACE StateContext queue 4 messages clear end
TRACE StateContext queue 4 complete
TRACE StateContext queue 5 0000014E3F4C1590 start
TRACE StateContext queue 5 messages 0
TRACE StateContext queue 5 messages clear start
TRACE StateContext queue 5 messages clear end
TRACE StateContext queue 5 complete
TRACE StateContext queue 6 0000014E3F4C16B0 start
TRACE StateContext queue 6 messages 0
TRACE StateContext queue 6 messages clear start
TRACE StateContext queue 6 messages clear end
TRACE StateContext queue 6 complete
TRACE StateContext queue 7 0000014E3F4C17D0 start
TRACE StateContext queue 7 messages 0
TRACE StateContext queue 7 messages clear start
TRACE StateContext queue 7 messages clear end
TRACE StateContext queue 7 complete
TRACE StateContext queue 8 0000014E3F4C18F0 start
TRACE StateContext queue 8 messages 0
TRACE StateContext queue 8 messages clear start
TRACE StateContext queue 8 messages clear end
TRACE StateContext queue 8 complete
TRACE StateContext queue 9 0000014E3F4C1A10 start
TRACE StateContext queue 9 messages 0
TRACE StateContext queue 9 messages clear start
TRACE StateContext queue 9 messages clear end
TRACE StateContext queue 9 complete
TRACE StateContext queue 10 0000014E3F4C1B30 start
TRACE StateContext queue 10 messages 0
TRACE StateContext queue 10 messages clear start
TRACE StateContext queue 10 messages clear end
TRACE StateContext queue 10 complete
TRACE StateContext queue 11 0000014E3F4C1C50 start
TRACE StateContext queue 11 messages 0
TRACE StateContext queue 11 messages clear start
TRACE StateContext queue 11 messages clear end
TRACE StateContext queue 11 complete
TRACE StateContext queue 12 0000014E3F4C1D70 start
TRACE StateContext queue 12 messages 0
TRACE StateContext queue 12 messages clear start
TRACE StateContext queue 12 messages clear end
TRACE StateContext queue 12 complete
TRACE StateContext queue 13 0000014E3F4C1E90 start
TRACE StateContext queue 13 messages 0
TRACE StateContext queue 13 messages clear start
TRACE StateContext queue 13 messages clear end
TRACE StateContext queue 13 complete
TRACE StateContext queue 14 0000014E3F4C1FB0 start
TRACE StateContext queue 14 messages 0
TRACE StateContext queue 14 messages clear start
TRACE StateContext queue 14 messages clear end
TRACE StateContext queue 14 complete
TRACE StateContext all queues drained
TRACE StateContext states snapshotted 1
TRACE StateContext states cleared
TRACE StateContext queues cleared
TRACE StateContext shared listener cleared
TRACE StateContext unload end 0000014D8BDCE9E0
TRACE StateContext unload start 0000014D8BDCEAB0 state 7
TRACE StateContext queues snapshotted 15
TRACE StateContext queue 0 0000014E3F4C20D0 start
TRACE StateContext queue 0 messages 0
TRACE StateContext queue 0 messages clear start
TRACE StateContext queue 0 messages clear end
TRACE StateContext queue 0 complete
TRACE StateContext queue 1 0000014E3F4C21F0 start
TRACE StateContext queue 1 messages 0
TRACE StateContext queue 1 messages clear start
TRACE StateContext queue 1 messages clear end
TRACE StateContext queue 1 complete
TRACE StateContext queue 2 0000014E3F4C2310 start
TRACE StateContext queue 2 messages 0
TRACE StateContext queue 2 messages clear start
TRACE StateContext queue 2 messages clear end
TRACE StateContext queue 2 complete
TRACE StateContext queue 3 0000014E3F4C2430 start
TRACE StateContext queue 3 messages 0
TRACE StateContext queue 3 messages clear start
TRACE StateContext queue 3 messages clear end
TRACE StateContext queue 3 complete
TRACE StateContext queue 4 0000014E3F4C2550 start
TRACE StateContext queue 4 messages 0
TRACE StateContext queue 4 messages clear start
TRACE StateContext queue 4 messages clear end
TRACE StateContext queue 4 complete
TRACE StateContext queue 5 0000014E3F4C2670 start
TRACE StateContext queue 5 messages 0
TRACE StateContext queue 5 messages clear start
TRACE StateContext queue 5 messages clear end
TRACE StateContext queue 5 complete
TRACE StateContext queue 6 0000014E3F4C2790 start
TRACE StateContext queue 6 messages 0
TRACE StateContext queue 6 messages clear start
TRACE StateContext queue 6 messages clear end
TRACE StateContext queue 6 complete
TRACE StateContext queue 7 0000014E3F4C28B0 start
TRACE StateContext queue 7 messages 0
TRACE StateContext queue 7 messages clear start
TRACE StateContext queue 7 messages clear end
TRACE StateContext queue 7 complete
TRACE StateContext queue 8 0000014E3F4C29D0 start
TRACE StateContext queue 8 messages 0
TRACE StateContext queue 8 messages clear start
TRACE StateContext queue 8 messages clear end
TRACE StateContext queue 8 complete
TRACE StateContext queue 9 0000014E3F4C2AF0 start
TRACE StateContext queue 9 messages 0
TRACE StateContext queue 9 messages clear start
TRACE StateContext queue 9 messages clear end
TRACE StateContext queue 9 complete
TRACE StateContext queue 10 0000014E3F4C2C10 start
TRACE StateContext queue 10 messages 0
TRACE StateContext queue 10 messages clear start
TRACE StateContext queue 10 messages clear end
TRACE StateContext queue 10 complete
TRACE StateContext queue 11 0000014E3F4C2D30 start
TRACE StateContext queue 11 messages 0
TRACE StateContext queue 11 messages clear start
TRACE StateContext queue 11 messages clear end
TRACE StateContext queue 11 complete
TRACE StateContext queue 12 0000014E3F4C2E50 start
TRACE StateContext queue 12 messages 0
TRACE StateContext queue 12 messages clear start
TRACE StateContext queue 12 messages clear end
TRACE StateContext queue 12 complete
TRACE StateContext queue 13 0000014E3F4C2F70 start
TRACE StateContext queue 13 messages 0
TRACE StateContext queue 13 messages clear start
TRACE StateContext queue 13 messages clear end
TRACE StateContext queue 13 complete
TRACE StateContext queue 14 0000014E3F4C3090 start
TRACE StateContext queue 14 messages 0
TRACE StateContext queue 14 messages clear start
TRACE StateContext queue 14 messages clear end
TRACE StateContext queue 14 complete
TRACE StateContext all queues drained
TRACE StateContext states snapshotted 1
TRACE StateContext states cleared
TRACE StateContext queues cleared
TRACE StateContext shared listener cleared
TRACE StateContext unload end 0000014D8BDCEAB0
TRACE StateContext unload start 0000014D8BDCEB80 state 7
TRACE StateContext queues snapshotted 15
TRACE StateContext queue 0 0000014E3F4C31B0 start
TRACE StateContext queue 0 messages 0
TRACE StateContext queue 0 messages clear start
TRACE StateContext queue 0 messages clear end
TRACE StateContext queue 0 complete
TRACE StateContext queue 1 0000014E3F4C32D0 start
TRACE StateContext queue 1 messages 0
TRACE StateContext queue 1 messages clear start
TRACE StateContext queue 1 messages clear end
TRACE StateContext queue 1 complete
TRACE StateContext queue 2 0000014E3F4C33F0 start
TRACE StateContext queue 2 messages 0
TRACE StateContext queue 2 messages clear start
TRACE StateContext queue 2 messages clear end
TRACE StateContext queue 2 complete
TRACE StateContext queue 3 0000014E3F4C3510 start
TRACE StateContext queue 3 messages 0
TRACE StateContext queue 3 messages clear start
TRACE StateContext queue 3 messages clear end
TRACE StateContext queue 3 complete
TRACE StateContext queue 4 0000014E3F4C3630 start
TRACE StateContext queue 4 messages 0
TRACE StateContext queue 4 messages clear start
TRACE StateContext queue 4 messages clear end
TRACE StateContext queue 4 complete
TRACE StateContext queue 5 0000014E3F4C3750 start
TRACE StateContext queue 5 messages 0
TRACE StateContext queue 5 messages clear start
TRACE StateContext queue 5 messages clear end
TRACE StateContext queue 5 complete
TRACE StateContext queue 6 0000014E3F4CC8C0 start
TRACE StateContext queue 6 messages 0
TRACE StateContext queue 6 messages clear start
TRACE StateContext queue 6 messages clear end
TRACE StateContext queue 6 complete
TRACE StateContext queue 7 0000014E3F4CC9E0 start
TRACE StateContext queue 7 messages 0
TRACE StateContext queue 7 messages clear start
TRACE StateContext queue 7 messages clear end
TRACE StateContext queue 7 complete
TRACE StateContext queue 8 0000014E3F4CCB00 start
TRACE StateContext queue 8 messages 0
TRACE StateContext queue 8 messages clear start
TRACE StateContext queue 8 messages clear end
TRACE StateContext queue 8 complete
TRACE StateContext queue 9 0000014E3F4CCC20 start
TRACE StateContext queue 9 messages 0
TRACE StateContext queue 9 messages clear start
TRACE StateContext queue 9 messages clear end
TRACE StateContext queue 9 complete
TRACE StateContext queue 10 0000014E3F4CCD40 start
TRACE StateContext queue 10 messages 0
TRACE StateContext queue 10 messages clear start
TRACE StateContext queue 10 messages clear end
TRACE StateContext queue 10 complete
TRACE StateContext queue 11 0000014E3F4CCE60 start
TRACE StateContext queue 11 messages 0
TRACE StateContext queue 11 messages clear start
TRACE StateContext queue 11 messages clear end
TRACE StateContext queue 11 complete
TRACE StateContext queue 12 0000014E3F4CCF80 start
TRACE StateContext queue 12 messages 0
TRACE StateContext queue 12 messages clear start
TRACE StateContext queue 12 messages clear end
TRACE StateContext queue 12 complete
TRACE StateContext queue 13 0000014E3F4CD0A0 start
TRACE StateContext queue 13 messages 0
TRACE StateContext queue 13 messages clear start
TRACE StateContext queue 13 messages clear end
TRACE StateContext queue 13 complete
TRACE StateContext queue 14 0000014E3F4CD1C0 start
TRACE StateContext queue 14 messages 0
TRACE StateContext queue 14 messages clear start
TRACE StateContext queue 14 messages clear end
TRACE StateContext queue 14 complete
TRACE StateContext all queues drained
TRACE StateContext states snapshotted 1
TRACE StateContext states cleared
TRACE StateContext queues cleared
TRACE StateContext shared listener cleared
TRACE StateContext unload end 0000014D8BDCEB80
TRACE StateContext unload start 0000014D8BDCEC50 state 7
TRACE StateContext queues snapshotted 15
TRACE StateContext queue 0 0000014E3F4CD2E0 start
TRACE StateContext queue 0 messages 0
TRACE StateContext queue 0 messages clear start
TRACE StateContext queue 0 messages clear end
TRACE StateContext queue 0 complete
TRACE StateContext queue 1 0000014E3F4CD400 start
TRACE StateContext queue 1 messages 0
TRACE StateContext queue 1 messages clear start
TRACE StateContext queue 1 messages clear end
TRACE StateContext queue 1 complete
TRACE StateContext queue 2 0000014E3F4CD520 start
TRACE StateContext queue 2 messages 0
TRACE StateContext queue 2 messages clear start
TRACE StateContext queue 2 messages clear end
TRACE StateContext queue 2 complete
TRACE StateContext queue 3 0000014E3F4CD640 start
TRACE StateContext queue 3 messages 0
TRACE StateContext queue 3 messages clear start
TRACE StateContext queue 3 messages clear end
TRACE StateContext queue 3 complete
TRACE StateContext queue 4 0000014E3F4CD760 start
TRACE StateContext queue 4 messages 0
TRACE StateContext queue 4 messages clear start
TRACE StateContext queue 4 messages clear end
TRACE StateContext queue 4 complete
TRACE StateContext queue 5 0000014E3F4CD880 start
TRACE StateContext queue 5 messages 0
TRACE StateContext queue 5 messages clear start
TRACE StateContext queue 5 messages clear end
TRACE StateContext queue 5 complete
TRACE StateContext queue 6 0000014E3F4CD9A0 start
TRACE StateContext queue 6 messages 0
TRACE StateContext queue 6 messages clear start
TRACE StateContext queue 6 messages clear end
TRACE StateContext queue 6 complete
TRACE StateContext queue 7 0000014E3F4CDAC0 start
TRACE StateContext queue 7 messages 0
TRACE StateContext queue 7 messages clear start
TRACE StateContext queue 7 messages clear end
TRACE StateContext queue 7 complete
TRACE StateContext queue 8 0000014E3F4CDBE0 start
TRACE StateContext queue 8 messages 0
TRACE StateContext queue 8 messages clear start
TRACE StateContext queue 8 messages clear end
TRACE StateContext queue 8 complete
TRACE StateContext queue 9 0000014E3F4CDD00 start
TRACE StateContext queue 9 messages 0
TRACE StateContext queue 9 messages clear start
TRACE StateContext queue 9 messages clear end
TRACE StateContext queue 9 complete
TRACE StateContext queue 10 0000014E3F4CDE20 start
TRACE StateContext queue 10 messages 0
TRACE StateContext queue 10 messages clear start
TRACE StateContext queue 10 messages clear end
TRACE StateContext queue 10 complete
TRACE StateContext queue 11 0000014E3F4CDF40 start
TRACE StateContext queue 11 messages 0
TRACE StateContext queue 11 messages clear start
TRACE StateContext queue 11 messages clear end
TRACE StateContext queue 11 complete
TRACE StateContext queue 12 0000014E3F4CE060 start
TRACE StateContext queue 12 messages 0
TRACE StateContext queue 12 messages clear start
TRACE StateContext queue 12 messages clear end
TRACE StateContext queue 12 complete
TRACE StateContext queue 13 0000014E3F4CE180 start
TRACE StateContext queue 13 messages 0
TRACE StateContext queue 13 messages clear start
TRACE StateContext queue 13 messages clear end
TRACE StateContext queue 13 complete
TRACE StateContext queue 14 0000014E3F4CE2A0 start
TRACE StateContext queue 14 messages 0
TRACE StateContext queue 14 messages clear start
TRACE StateContext queue 14 messages clear end
TRACE StateContext queue 14 complete
TRACE StateContext all queues drained
TRACE StateContext states snapshotted 1
TRACE StateContext states cleared
TRACE StateContext queues cleared
TRACE StateContext shared listener cleared
TRACE StateContext unload end 0000014D8BDCEC50
TRACE StateContext unload start 0000014D8BDCED20 state 7
TRACE StateContext queues snapshotted 15
TRACE StateContext queue 0 0000014E3F4CE3C0 start
TRACE StateContext queue 0 messages 0
TRACE StateContext queue 0 messages clear start
TRACE StateContext queue 0 messages clear end
TRACE StateContext queue 0 complete
TRACE StateContext queue 1 0000014E3F4CE4E0 start
TRACE StateContext queue 1 messages 0
TRACE StateContext queue 1 messages clear start
TRACE StateContext queue 1 messages clear end
TRACE StateContext queue 1 complete
TRACE StateContext queue 2 0000014E3F4CE600 start
TRACE StateContext queue 2 messages 0
TRACE StateContext queue 2 messages clear start
TRACE StateContext queue 2 messages clear end
TRACE StateContext queue 2 complete
TRACE StateContext queue 3 0000014E3F4CE720 start
TRACE StateContext queue 3 messages 0
TRACE StateContext queue 3 messages clear start
TRACE StateContext queue 3 messages clear end
TRACE StateContext queue 3 complete
TRACE StateContext queue 4 0000014E3F4CE840 start
TRACE StateContext queue 4 messages 0
TRACE StateContext queue 4 messages clear start
TRACE StateContext queue 4 messages clear end
TRACE StateContext queue 4 complete
TRACE StateContext queue 5 0000014E3F4CE960 start
TRACE StateContext queue 5 messages 0
TRACE StateContext queue 5 messages clear start
TRACE StateContext queue 5 messages clear end
TRACE StateContext queue 5 complete
TRACE StateContext queue 6 0000014E3F4CEA80 start
TRACE StateContext queue 6 messages 0
TRACE StateContext queue 6 messages clear start
TRACE StateContext queue 6 messages clear end
TRACE StateContext queue 6 complete
TRACE StateContext queue 7 0000014E3F4CEBA0 start
TRACE StateContext queue 7 messages 0
TRACE StateContext queue 7 messages clear start
TRACE StateContext queue 7 messages clear end
TRACE StateContext queue 7 complete
TRACE StateContext queue 8 0000014E3F4D10E0 start
TRACE StateContext queue 8 messages 0
TRACE StateContext queue 8 messages clear start
TRACE StateContext queue 8 messages clear end
TRACE StateContext queue 8 complete
TRACE StateContext queue 9 0000014E3F4D1200 start
TRACE StateContext queue 9 messages 0
TRACE StateContext queue 9 messages clear start
TRACE StateContext queue 9 messages clear end
TRACE StateContext queue 9 complete
TRACE StateContext queue 10 0000014E3F4D1320 start
TRACE StateContext queue 10 messages 0
TRACE StateContext queue 10 messages clear start
TRACE StateContext queue 10 messages clear end
TRACE StateContext queue 10 complete
TRACE StateContext queue 11 0000014E3F4D1440 start
TRACE StateContext queue 11 messages 0
TRACE StateContext queue 11 messages clear start
TRACE StateContext queue 11 messages clear end
TRACE StateContext queue 11 complete
TRACE StateContext queue 12 0000014E3F4D1560 start
TRACE StateContext queue 12 messages 0
TRACE StateContext queue 12 messages clear start
TRACE StateContext queue 12 messages clear end
TRACE StateContext queue 12 complete
TRACE StateContext queue 13 0000014E3F4D1680 start
TRACE StateContext queue 13 messages 0
TRACE StateContext queue 13 messages clear start
TRACE StateContext queue 13 messages clear end
TRACE StateContext queue 13 complete
TRACE StateContext queue 14 0000014E3F4D17A0 start
TRACE StateContext queue 14 messages 0
TRACE StateContext queue 14 messages clear start
TRACE StateContext queue 14 messages clear end
TRACE StateContext queue 14 complete
TRACE StateContext all queues drained
TRACE StateContext states snapshotted 1
TRACE StateContext states cleared
TRACE StateContext queues cleared
TRACE StateContext shared listener cleared
TRACE StateContext unload end 0000014D8BDCED20
TRACE StateContext unload start 0000014D8BDCEDF0 state 7
TRACE StateContext queues snapshotted 15
TRACE StateContext queue 0 0000014E3F4D18C0 start
TRACE StateContext queue 0 messages 0
TRACE StateContext queue 0 messages clear start
TRACE StateContext queue 0 messages clear end
TRACE StateContext queue 0 complete
TRACE StateContext queue 1 0000014E3F4D19E0 start
TRACE StateContext queue 1 messages 0
TRACE StateContext queue 1 messages clear start
TRACE StateContext queue 1 messages clear end
TRACE StateContext queue 1 complete
TRACE StateContext queue 2 0000014E3F4D1B00 start
TRACE StateContext queue 2 messages 0
TRACE StateContext queue 2 messages clear start
TRACE StateContext queue 2 messages clear end
TRACE StateContext queue 2 complete
TRACE StateContext queue 3 0000014E3F4D1C20 start
TRACE StateContext queue 3 messages 0
TRACE StateContext queue 3 messages clear start
TRACE StateContext queue 3 messages clear end
TRACE StateContext queue 3 complete
TRACE StateContext queue 4 0000014E3F4D1D40 start
TRACE StateContext queue 4 messages 0
TRACE StateContext queue 4 messages clear start
TRACE StateContext queue 4 messages clear end
TRACE StateContext queue 4 complete
TRACE StateContext queue 5 0000014E3F4D1E60 start
TRACE StateContext queue 5 messages 0
TRACE StateContext queue 5 messages clear start
TRACE StateContext queue 5 messages clear end
TRACE StateContext queue 5 complete
TRACE StateContext queue 6 0000014E3F4D1F80 start
TRACE StateContext queue 6 messages 0
TRACE StateContext queue 6 messages clear start
TRACE StateContext queue 6 messages clear end
TRACE StateContext queue 6 complete
TRACE StateContext queue 7 0000014E3F4D20A0 start
TRACE StateContext queue 7 messages 0
TRACE StateContext queue 7 messages clear start
TRACE StateContext queue 7 messages clear end
TRACE StateContext queue 7 complete
TRACE StateContext queue 8 0000014E3F4D21C0 start
TRACE StateContext queue 8 messages 0
TRACE StateContext queue 8 messages clear start
TRACE StateContext queue 8 messages clear end
TRACE StateContext queue 8 complete
TRACE StateContext queue 9 0000014E3F4D22E0 start
TRACE StateContext queue 9 messages 0
TRACE StateContext queue 9 messages clear start
TRACE StateContext queue 9 messages clear end
TRACE StateContext queue 9 complete
TRACE StateContext queue 10 0000014E3F4D2400 start
TRACE StateContext queue 10 messages 0
TRACE StateContext queue 10 messages clear start
TRACE StateContext queue 10 messages clear end
TRACE StateContext queue 10 complete
TRACE StateContext queue 11 0000014E3F4D2520 start
TRACE StateContext queue 11 messages 0
TRACE StateContext queue 11 messages clear start
TRACE StateContext queue 11 messages clear end
TRACE StateContext queue 11 complete
TRACE StateContext queue 12 0000014E3F4D2640 start
TRACE StateContext queue 12 messages 0
TRACE StateContext queue 12 messages clear start
TRACE StateContext queue 12 messages clear end
TRACE StateContext queue 12 complete
TRACE StateContext queue 13 0000014E3F4D2760 start
TRACE StateContext queue 13 messages 0
TRACE StateContext queue 13 messages clear start
TRACE StateContext queue 13 messages clear end
TRACE StateContext queue 13 complete
TRACE StateContext queue 14 0000014E3F4D2880 start
TRACE StateContext queue 14 messages 0
TRACE StateContext queue 14 messages clear start
TRACE StateContext queue 14 messages clear end
TRACE StateContext queue 14 complete
TRACE StateContext all queues drained
TRACE StateContext states snapshotted 1
TRACE StateContext states cleared
TRACE StateContext queues cleared
TRACE StateContext shared listener cleared
TRACE StateContext unload end 0000014D8BDCEDF0
TRACE StateContext unload start 0000014D8BDCD2C0 state 5
TRACE StateContext unload start 0000014D8BDCCEB0 state 5
TRACE StateContext unload start 0000014D8BDCD1F0 state 5
TRACE StateContext unload start 0000014D8BDCD390 state 5
TRACE StateContext unload start 0000014D8BDCD460 state 5
TRACE StateContext unload start 0000014D8BDCD530 state 5
TRACE StateContext unload start 0000014D8BDCD600 state 5
TRACE StateContext unload start 0000014D8BDCD6D0 state 5
TRACE StateContext unload start 0000014D8BDCD7A0 state 5
TRACE StateContext unload start 0000014D8BDCD870 state 5
TRACE StateContext unload start 0000014D8BDCD940 state 5
TRACE StateContext unload start 0000014D8BDCDA10 state 5
TRACE StateContext unload start 0000014D8BDCDAE0 state 5
TRACE StateContext unload start 0000014D8BDCDBB0 state 5
TRACE StateContext unload start 0000014D8BDCDC80 state 5
TRACE StateContext unload start 0000014D8BDCDD50 state 5
TRACE StateContext unload start 0000014D8BDCDE20 state 5
TRACE StateContext unload start 0000014D8BDCDEF0 state 5
TRACE StateContext unload start 0000014D8BDCDFC0 state 5
TRACE StateContext unload start 0000014D8BDCE090 state 5
TRACE StateContext unload start 0000014D8BDCE160 state 5
TRACE StateContext unload start 0000014D8BDCE230 state 5
TRACE StateContext unload start 0000014D8BDCE300 state 5
TRACE StateContext unload start 0000014D8BDCE3D0 state 5
TRACE StateContext unload start 0000014D8BDCE4A0 state 5
TRACE StateContext unload start 0000014D8BDCE770 state 5
TRACE StateContext unload start 0000014D8BDCE840 state 5
TRACE StateContext unload start 0000014D8BDCE910 state 5
TRACE StateContext unload start 0000014D8BDCE9E0 state 5
TRACE StateContext unload start 0000014D8BDCEAB0 state 5
TRACE StateContext unload start 0000014D8BDCEB80 state 5
TRACE StateContext unload start 0000014D8BDCEC50 state 5
TRACE StateContext unload start 0000014D8BDCED20 state 5
TRACE StateContext unload start 0000014D8BDCEDF0 state 5
TRACE ApplicationManager plugins unloaded
TRACE ApplicationManager managers unloaded
TRACE ApplicationManager unload end
