Fsm manager created.
DLL version matches the host executable version. DLL version: 0.10.0 Host version: 0.10.0
DLL version matches the host executable version. DLL version: 0.10.0 Host version: 0.10.0
DLL version matches the host executable version. DLL version: 0.10.0 Host version: 0.10.0
DLL version matches the host executable version. DLL version: 0.10.0 Host version: 0.10.0
DLL version matches the host executable version. DLL version: 0.10.0 Host version: 0.10.0
DLL version matches the host executable version. DLL version: 0.10.0 Host version: 0.10.0
DLL version matches the host executable version. DLL version: 0.10.0 Host version: 0.10.0
Unable to load library: WPOISInput.dll
DLL version mismatch. Recompile required. DLL version: 0.0.0 Host version: 0.10.0
DLL version matches the host executable version. DLL version: 0.10.0 Host version: 0.10.0
Pool memory allocated.
FileSystem created.
SoundManager created.
ScriptManager created.
Create scene manager.
WPGraphics: initialization started; requested API=Automatic
WPGraphics: native graphics system and frame callback ready.
WPGraphics: scene, pipeline, window, material, texture, shader and UI factories registered.
WPGraphics: texture manager loaded.
WPGraphics: font, material and overlay manager loading requested.
WPGraphics: UI plugin loaded; ImGui manager loading requested.
WPGraphics: initialization completed in 36 ms; renderer configuration follows.
WPGraphics: configuration started; requested API=Automatic, create window=yes
WPGraphics: creating window 'DefaultWindow', 1280x720, fullscreen=no
WPGraphics/Window: loading 'DefaultWindow' at 1280x720
WPGraphics/Window: 'DefaultWindow' initialized.
WPGraphics: window 'DefaultWindow' ready; active API=Automatic
WPGraphics: creating DirectX 11 renderer.
WPGraphics/DX11: initializing renderer at 1280x720; native window=available
WPGraphics/DX11: renderer ready; shaders, depth testing and initial viewport configured.
WPGraphics: renderer loaded; active API=DirectX 11
WPGraphics: resource group manager loaded.
GraphicsPipeline: Constructor called
WPGraphics/Pipeline: initializing CPU post-processing at 1280x720; quality=2
GraphicsPipeline: Initialized.
WPGraphics/Pipeline: ready; TAA=1, AO=1, SSR=0, bloom=1, exposure=1, DOF=0, motion blur=0, contact shadows=1, CSM=1
Loading Debug
WPGraphics: configuration completed in 1443 ms; active API=DirectX 11; CPU pipeline applies to the software main window.
GraphicsSystem created.
Resources loaded.
SceneManager(s) created.
Cameras created.
Viewports created.
Mesh loader created.
Create input system.
UI created.
RenderUI created.
Renderpipeline created.
Physics created.
RenderWindow created.
Finished creating base components.
Asset catalog requires an open parameterized database backend.
Loaded: ../../../../../Media/Scripts/Lua/AI/CreateGameEvaluator.lua
Loaded: ../../../../../Media/Scripts/Lua/AI/CreateSceneGoal.lua
Loaded: ../../../../../Media/Scripts/Lua/AI/Goal.lua
Loaded: ../../../../../Media/Scripts/Lua/AI/PromptProcessor.lua
Loaded: ../../../../../Media/Scripts/Lua/Editor/AboutDialog.lua
Loaded: BaseEditor.lua
Loaded: ../../../../../Media/Scripts/Lua/Editor/AnimationEditor.lua
Loaded: ../../../../../Media/Scripts/Lua/Editor/BaseEditor.lua
Loaded: ../../../../../Media/Scripts/Lua/Editor/Editor.lua
Loaded: ../../../../../Media/Scripts/Lua/Editor/EditorUI.lua
Loaded: ../../../../../Media/Scripts/Lua/Editor/GameTemplateDefinition.lua
Loaded: ../../../../../Media/Scripts/Lua/Editor/GameTemplateGeneratorEditor.lua
Loaded: ../../../../../Media/Scripts/Lua/Editor/InputManager.lua
Loaded: ../../../../../Media/Scripts/Lua/Editor/MaterialEditor.lua
Loaded: ../../../../../Media/Scripts/Lua/Editor/PackageEditor.lua
Loaded: ../../../../../Media/Scripts/Lua/Editor/ParticleEditor.lua
Loaded: ../../../../../Media/Scripts/Lua/Editor/ProceduralModelEditor.lua
Loaded: ../../../../../Media/Scripts/Lua/Editor/ProceduralTextureEditor.lua
Loaded: ../../../../../Media/Scripts/Lua/Editor/ProjectSettings.lua
Loaded: ../../../../../Media/Scripts/Lua/Editor/ResourceSelect.lua
Loaded: ../../../../../Media/Scripts/Lua/Editor/SceneBuilderEditor.lua
Loaded: ../../../../../Media/Scripts/Lua/Editor/ShaderEditor.lua
Loaded: ../../../../../Media/Scripts/Lua/Editor/SoundEditor.lua
Loaded: ../../../../../Media/Scripts/Lua/Editor/TerrainEditor.lua
Loaded: BaseComponent.lua
Loaded: ../../../../../Media/Scripts/Lua/Game/Builders/ApplicationSceneBuilder.lua
Loaded: ../../../../../Media/Scripts/Lua/Game/Builders/DataDrivenGameTemplateGenerator.lua
Loaded: ../../../../../Media/Scripts/Lua/Game/Builders/GameSceneBuilder.lua
Loaded: ../../../../../Media/Scripts/Lua/Game/Builders/GameTemplateDefinition.lua
Loaded: ../../../../../Media/Scripts/Lua/Game/Builders/GameTemplateGenerator.lua
Loaded: ../../../../../Media/Scripts/Lua/Game/Builders/GameTemplateGenre.lua
Loaded: ../../../../../Media/Scripts/Lua/Game/Builders/GenerateGameManager.lua
Loaded: ../../../../../Media/Scripts/Lua/Game/Builders/MenuBuilder.lua
Loaded: ../../../../../Media/Scripts/Lua/Game/Builders/SystemSettingsMenuBuilder.lua
Loaded: ../../../../../Media/Scripts/Lua/Game/Builders/TemplateGeneratedMarker.lua
Loaded: ../../../../../Media/Scripts/Lua/Game/Builders/TemplatePlayerController.lua
Loaded: ../../../../../Media/Scripts/Lua/Game/Builders/TemplateSpawnDefinition.lua
Loaded: CatchGameCore.lua
Loaded: ../../../../../Media/Scripts/Lua/Game/CatchGame/CatchGame.lua
Loaded: ../../../../../Media/Scripts/Lua/Game/CatchGame/CatchGameCore.lua
Loaded: ../../../../../Media/Scripts/Lua/Game/Core/Application.lua
Loaded: ../../../../../Media/Scripts/Lua/Game/Core/BaseComponent.lua
Loaded: ../../../../../Media/Scripts/Lua/Game/Core/GameSceneBuilder.lua
Loaded: ../../../../../Media/Scripts/Lua/Game/Core/LanguageSetters.lua
Loaded: ../../../../../Media/Scripts/Lua/Game/Core/RacingGameApplication.lua
Loaded: ../../../../../Media/Scripts/Lua/Game/Core/SampleVehicleAdvanced.lua
Loaded: ../../../../../Media/Scripts/Lua/Game/Core/TranslationObject.lua
Loaded: ../../../../../Media/Scripts/Lua/Game/Core/i18n.lua
Loaded: MissionRuntime.lua
Loaded: MissionObjective.lua
Loaded: MissionDefinition.lua
Loaded: ../../../../../Media/Scripts/Lua/Game/Mission/MissionAuthoring.lua
Loaded: MissionState.lua
Loaded: MissionLibrary.lua
Loaded: MissionManager.lua
Loaded: MissionHUD.lua
Loaded: ../../../../../Media/Scripts/Lua/Game/Mission/MissionBootstrap.lua
Loaded: ../../../../../Media/Scripts/Lua/Game/Mission/MissionDefinition.lua
Loaded: MissionAuthoring.lua
Loaded: ../../../../../Media/Scripts/Lua/Game/Mission/MissionEditorWindow.lua
Loaded: ../../../../../Media/Scripts/Lua/Game/Mission/MissionHUD.lua
Loaded: ../../../../../Media/Scripts/Lua/Game/Mission/MissionLibrary.lua
Loaded: ../../../../../Media/Scripts/Lua/Game/Mission/MissionManager.lua
Loaded: ../../../../../Media/Scripts/Lua/Game/Mission/MissionObjective.lua
Loaded: ../../../../../Media/Scripts/Lua/Game/Mission/MissionObjectiveSceneMarker.lua
Loaded: ../../../../../Media/Scripts/Lua/Game/Mission/MissionRuntime.lua
Loaded: ../../../../../Media/Scripts/Lua/Game/Mission/MissionState.lua
Loaded: ../../../../../Media/Scripts/Lua/Game/Mission/MissionTrigger.lua
Loaded: MissionEditorWindow.lua
Loaded: MissionObjectiveSceneMarker.lua
Loaded: MissionTrigger.lua
Loaded: MissionBootstrap.lua
Loaded: ../../../../../Media/Scripts/Lua/Game/Mission/Missions.lua
Loaded: ../../../../../Media/Scripts/Lua/Game/Procedural/BackGarden.lua
Loaded: ../../../../../Media/Scripts/Lua/Game/Procedural/Bin.lua
Loaded: ../../../../../Media/Scripts/Lua/Game/Procedural/Block.lua
Loaded: ../../../../../Media/Scripts/Lua/Game/Procedural/BlockGenerator.lua
Loaded: ../../../../../Media/Scripts/Lua/Game/Procedural/BlockNode.lua
Loaded: ../../../../../Media/Scripts/Lua/Game/Procedural/Building.lua
Loaded: ../../../../../Media/Scripts/Lua/Game/Procedural/BuildingGenerator.lua
Loaded: ../../../../../Media/Scripts/Lua/Game/Procedural/CityCell.lua
Loaded: ../../../../../Media/Scripts/Lua/Game/Procedural/CityGenerator.lua
Loaded: ../../../../../Media/Scripts/Lua/Game/Procedural/FrontGarden.lua
Loaded: ../../../../../Media/Scripts/Lua/Game/Procedural/LampPost.lua
Loaded: ../../../../../Media/Scripts/Lua/Game/Procedural/LampPostGenerator.lua
Loaded: ProceduralObject.lua
Loaded: ../../../../../Media/Scripts/Lua/Game/Procedural/Lot.lua
Loaded: ../../../../../Media/Scripts/Lua/Game/Procedural/LotGenerator.lua
Loaded: ../../../../../Media/Scripts/Lua/Game/Procedural/LotNode.lua
Loaded: ../../../../../Media/Scripts/Lua/Game/Procedural/MainBuilding.lua
Loaded: ../../../../../Media/Scripts/Lua/Game/Procedural/ProceduralCity.lua
Loaded: ../../../../../Media/Scripts/Lua/Game/Procedural/ProceduralGenerator.lua
Loaded: ../../../../../Media/Scripts/Lua/Game/Procedural/ProceduralGroup.lua
Loaded: ../../../../../Media/Scripts/Lua/Game/Procedural/ProceduralNetwork.lua
Loaded: ../../../../../Media/Scripts/Lua/Game/Procedural/ProceduralNode.lua
Loaded: ../../../../../Media/Scripts/Lua/Game/Procedural/ProceduralObject.lua
Loaded: ../../../../../Media/Scripts/Lua/Game/Procedural/ProceduralPath.lua
Loaded: ../../../../../Media/Scripts/Lua/Game/Procedural/ProceduralRenderable.lua
Loaded: ../../../../../Media/Scripts/Lua/Game/Procedural/ProceduralRenderer.lua
Loaded: ../../../../../Media/Scripts/Lua/Game/Procedural/ProceduralScene.lua
Loaded: ../../../../../Media/Scripts/Lua/Game/Procedural/ProceduralTerrain.lua
Loaded: ../../../../../Media/Scripts/Lua/Game/Procedural/River.lua
Loaded: ../../../../../Media/Scripts/Lua/Game/Procedural/RiverGenerator.lua
Loaded: ../../../../../Media/Scripts/Lua/Game/Procedural/RiverNode.lua
Loaded: ../../../../../Media/Scripts/Lua/Game/Procedural/Road.lua
Loaded: ../../../../../Media/Scripts/Lua/Game/Procedural/RoadConnection.lua
Loaded: ../../../../../Media/Scripts/Lua/Game/Procedural/RoadElement.lua
Loaded: ../../../../../Media/Scripts/Lua/Game/Procedural/RoadGenerator.lua
Loaded: ../../../../../Media/Scripts/Lua/Game/Procedural/RoadGroup.lua
Loaded: ../../../../../Media/Scripts/Lua/Game/Procedural/RoadNetwork.lua
Loaded: ../../../../../Media/Scripts/Lua/Game/Procedural/RoadNode.lua
Loaded: ../../../../../Media/Scripts/Lua/Game/Procedural/RoadSection.lua
Loaded: ../../../../../Media/Scripts/Lua/Game/Procedural/Sidewalk.lua
Loaded: ../../../../../Media/Scripts/Lua/Game/Procedural/SidewalkGenerator.lua
Loaded: ../../../../../Media/Scripts/Lua/Game/Procedural/SidewalkGroup.lua
Loaded: ../../../../../Media/Scripts/Lua/Game/Procedural/SidewalkNetwork.lua
Loaded: ../../../../../Media/Scripts/Lua/Game/Procedural/SidewalkNode.lua
Loaded: ../../../../../Media/Scripts/Lua/Game/Procedural/TerrainGenerator.lua
Loaded: ../../../../../Media/Scripts/Lua/Game/Procedural/TrafficGenerator.lua
Loaded: ../../../../../Media/Scripts/Lua/Game/Procedural/TreeGenerator.lua
Loaded: ../../../../../Media/Scripts/Lua/Game/Racing/CheckPoint.lua
Loaded: ../../../../../Media/Scripts/Lua/Game/Racing/Laps.lua
Loaded: ../../../../../Media/Scripts/Lua/Game/Racing/Racing/DroneGate.lua
Loaded: ../../../../../Media/Scripts/Lua/Game/Racing/Racing/Misc/DataLoader.lua
Loaded: ../../../../../Media/Scripts/Lua/Game/Racing/Racing/Misc/FramerateCounter.lua
Loaded: ../../../../../Media/Scripts/Lua/Game/Racing/Racing/Misc/MenuManager.lua
Loaded: ../../../../../Media/Scripts/Lua/Game/Racing/Racing/Misc/MenuScript.lua
Loaded: ../../../../../Media/Scripts/Lua/Game/Racing/Racing/Misc/MobileControlManager.lua
Loaded: ../../../../../Media/Scripts/Lua/Game/Racing/Racing/Misc/PlayerData.lua
Loaded: ../../../../../Media/Scripts/Lua/Game/Racing/Racing/Misc/TextAlpha.lua
Loaded: ../../../../../Media/Scripts/Lua/Game/Racing/Racing/Misc/VehicleUpgrades.lua
Loaded: ../../../../../Media/Scripts/Lua/Game/Racing/Racing/Race/Helpers/CheckpointContainer.lua
Loaded: ../../../../../Media/Scripts/Lua/Game/Racing/Racing/Race/Helpers/PathCreator.lua
Loaded: ../../../../../Media/Scripts/Lua/Game/Racing/Racing/Race/Helpers/SpawnpointContainer.lua
Loaded: ../../../../../Media/Scripts/Lua/Game/Racing/Racing/Race/Others/Brakezone.lua
Loaded: ../../../../../Media/Scripts/Lua/Game/Racing/Racing/Race/Others/CameraSwitcher.lua
Loaded: ../../../../../Media/Scripts/Lua/Game/Racing/Racing/Race/Others/Checkpoint.lua
Loaded: ../../../../../Media/Scripts/Lua/Game/Racing/Racing/Race/Others/GhostVehicle.lua
Loaded: ../../../../../Media/Scripts/Lua/Game/Racing/Racing/Race/Others/MinimapFollowTarget.lua
Loaded: ../../../../../Media/Scripts/Lua/Game/Racing/Racing/Race/Others/PlayerCamera.lua
Loaded: ../../../../../Media/Scripts/Lua/Game/Racing/Racing/Race/Others/PlayerFPCamera.lua
Loaded: ../../../../../Media/Scripts/Lua/Game/Racing/Racing/Race/Others/RaceRewards.lua
Loaded: ../../../../../Media/Scripts/Lua/Game/Racing/Racing/Race/Others/RacerName.lua
Loaded: ../../../../../Media/Scripts/Lua/Game/Racing/Racing/Race/Others/RacerPointer.lua
Loaded: ../../../../../Media/Scripts/Lua/Game/Racing/Racing/Race/Others/ReplayCamera.lua
Loaded: ../../../../../Media/Scripts/Lua/Game/Racing/Racing/Race/Others/ReplayManager.lua
Loaded: ../../../../../Media/Scripts/Lua/Game/Racing/Racing/Race/Others/TimeTrialConfig.lua
Loaded: ../../../../../Media/Scripts/Lua/Game/Racing/Racing/Race/Others/UIButton.lua
Loaded: ../../../../../Media/Scripts/Lua/Game/Racing/Racing/Race/Others/WaypointArrow.lua
Loaded: ../../../../../Media/Scripts/Lua/Game/Racing/Racing/Race/System/ProgressTracker.lua
Loaded: ../../../../../Media/Scripts/Lua/Game/Racing/Racing/Race/System/RaceManager.lua
Loaded: ../../../../../Media/Scripts/Lua/Game/Racing/Racing/Race/System/RaceManagerView.lua
Loaded: ../../../../../Media/Scripts/Lua/Game/Racing/Racing/Race/System/RaceManagerViewPUN.lua
Loaded: ../../../../../Media/Scripts/Lua/Game/Racing/Racing/Race/System/RaceManagerViewSteam.lua
Loaded: ../../../../../Media/Scripts/Lua/Game/Racing/Racing/Race/System/RaceView.lua
Loaded: ../../../../../Media/Scripts/Lua/Game/Racing/Racing/Race/System/RaceViewPUN.lua
Loaded: ../../../../../Media/Scripts/Lua/Game/Racing/Racing/Race/System/RaceViewSteam.lua
Loaded: ../../../../../Media/Scripts/Lua/Game/Racing/Racing/Race/System/RankManager.lua
Loaded: ../../../../../Media/Scripts/Lua/Game/Racing/Racing/Race/System/SoundManager.lua
Loaded: ../../../../../Media/Scripts/Lua/Game/Racing/Racing/Race/System/Statistics.lua
Loaded: ../../../../../Media/Scripts/Lua/Game/Racing/Racing/Race/System/WaypointCircuit.lua
Loaded: ../../../../../Media/Scripts/Lua/Game/Racing/Racing/Race/UI/RaceCompletedUI.lua
Loaded: ../../../../../Media/Scripts/Lua/Game/Racing/Racing/Race/UI/RaceStandingsUI.lua
Loaded: ../../../../../Media/Scripts/Lua/Game/Racing/Racing/Race/UI/RaceUI.lua
Loaded: ../../../../../Media/Scripts/Lua/Game/Racing/Racing/Vehicle/Car_Controller.lua
Loaded: ../../../../../Media/Scripts/Lua/Game/Racing/Racing/Vehicle/Drone_Controller.lua
Loaded: ../../../../../Media/Scripts/Lua/Game/Racing/Racing/Vehicle/Input/OpponentControl.lua
Loaded: ../../../../../Media/Scripts/Lua/Game/Racing/Racing/Vehicle/Input/PlayerControl.lua
Loaded: ../../../../../Media/Scripts/Lua/Game/Racing/Racing/Vehicle/Motorbike_Controller.lua
Loaded: ../../../../../Media/Scripts/Lua/Game/Racing/Racing/Vehicle/Skidmark.lua
Loaded: ../../../../../Media/Scripts/Lua/Game/Racing/Racing/Vehicle/Wheels.lua
Loaded: Road.lua
Loaded: ../../../../../Media/Scripts/Lua/Game/UnitTests/lua_unit_tests.lua
Loaded: ../../../../../Media/Scripts/Lua/Game/Vehicle/Vehicle.lua
Loaded: UIDialog.lua
Loaded: FlightDialog.lua
Loaded: FlightWorkbench.lua
Loaded: ../../../../../Media/Scripts/Lua/UI/AirFoilPanel.lua
Loaded: FlightHUD.lua
Loaded: ../../../../../Media/Scripts/Lua/UI/CGModeInfo.lua
Loaded: Settings.lua
Loaded: FlightSetup.lua
Loaded: ../../../../../Media/Scripts/Lua/UI/CameraSettingsDialog.lua
Loaded: FlightOnline.lua
Loaded: ../../../../../Media/Scripts/Lua/UI/ChatDialog.lua
Loaded: ../../../../../Media/Scripts/Lua/UI/ColourPicker.lua
Loaded: ../../../../../Media/Scripts/Lua/UI/ComponentChange.lua
Loaded: ../../../../../Media/Scripts/Lua/UI/ComponentConfig.lua
Loaded: ../../../../../Media/Scripts/Lua/UI/ComponentSelector.lua
Loaded: ../../../../../Media/Scripts/Lua/UI/ConeModes.lua
Loaded: ../../../../../Media/Scripts/Lua/UI/DemoHud.lua
Loaded: ../../../../../Media/Scripts/Lua/UI/DevPanel.lua
Loaded: FlightMedia.lua
Loaded: ../../../../../Media/Scripts/Lua/UI/FileBrowserDialog.lua
Loaded: ../../../../../Media/Scripts/Lua/UI/FixedWingDialog.lua
Loaded: SceneSelect.lua
Loaded: VehicleSelect.lua
Loaded: ../../../../../Media/Scripts/Lua/UI/FlightAliases.lua
Loaded: ../../../../../Media/Scripts/Lua/UI/FlightDialog.lua
Loaded: ../../../../../Media/Scripts/Lua/UI/FlightHUD.lua
Loaded: ../../../../../Media/Scripts/Lua/UI/FlightMedia.lua
Loaded: ../../../../../Media/Scripts/Lua/UI/FlightOnline.lua
Loaded: ../../../../../Media/Scripts/Lua/UI/FlightRecorder.lua
Loaded: ../../../../../Media/Scripts/Lua/UI/FlightSetup.lua
Loaded: ../../../../../Media/Scripts/Lua/UI/FlightWorkbench.lua
Loaded: ../../../../../Media/Scripts/Lua/UI/Hud.lua
Loaded: ../../../../../Media/Scripts/Lua/UI/InformationText.lua
Loaded: ../../../../../Media/Scripts/Lua/UI/InputConfiguration.lua
Loaded: ../../../../../Media/Scripts/Lua/UI/MessageBoxConfirm.lua
Loaded: ../../../../../Media/Scripts/Lua/UI/ModelEditor.lua
Loaded: FlightAliases.lua
Loaded: ../../../../../Media/Scripts/Lua/UI/ModelHangerDialog.lua
Loaded: ../../../../../Media/Scripts/Lua/UI/ModelSettings.lua
Loaded: ../../../../../Media/Scripts/Lua/UI/Mp3PlayerDialog.lua
Loaded: ../../../../../Media/Scripts/Lua/UI/OnlineMenu.lua
Loaded: ../../../../../Media/Scripts/Lua/UI/RaceSettings.lua
Loaded: ../../../../../Media/Scripts/Lua/UI/SceneEditorManagerGUI.lua
Loaded: ../../../../../Media/Scripts/Lua/UI/SceneIcon.lua
Loaded: ../../../../../Media/Scripts/Lua/UI/SceneSelect.lua
Loaded: ../../../../../Media/Scripts/Lua/UI/ScenerySelector.lua
Loaded: ../../../../../Media/Scripts/Lua/UI/Settings.lua
Loaded: ../../../../../Media/Scripts/Lua/UI/SettingsAudio.lua
Loaded: ../../../../../Media/Scripts/Lua/UI/SettingsGeneral.lua
Loaded: ../../../../../Media/Scripts/Lua/UI/SettingsGraphics.lua
Loaded: ../../../../../Media/Scripts/Lua/UI/SettingsRegion.lua
Loaded: ../../../../../Media/Scripts/Lua/UI/SettingsSimulation.lua
Loaded: ../../../../../Media/Scripts/Lua/UI/SettingsUI.lua
Loaded: ../../../../../Media/Scripts/Lua/UI/SettingsUserData.lua
Loaded: ../../../../../Media/Scripts/Lua/UI/SetupWizardDialog.lua
Loaded: ../../../../../Media/Scripts/Lua/UI/Splash.lua
Loaded: ../../../../../Media/Scripts/Lua/UI/StartMenu.lua
Loaded: ../../../../../Media/Scripts/Lua/UI/StatsMenu.lua
Loaded: ../../../../../Media/Scripts/Lua/UI/SwitchIndicators.lua
Loaded: ../../../../../Media/Scripts/Lua/UI/SwitchIndicatorsPanel.lua
Loaded: ../../../../../Media/Scripts/Lua/UI/SystemSettings.lua
Loaded: ../../../../../Media/Scripts/Lua/UI/Tooltip.lua
Loaded: ../../../../../Media/Scripts/Lua/UI/TrainingHud.lua
Loaded: ../../../../../Media/Scripts/Lua/UI/TrainingMenu.lua
Loaded: ../../../../../Media/Scripts/Lua/UI/TransmitterSelect.lua
Loaded: ../../../../../Media/Scripts/Lua/UI/TransmittersPanel.lua
Loaded: ../../../../../Media/Scripts/Lua/UI/UIDialog.lua
Loaded: ../../../../../Media/Scripts/Lua/UI/UIManager.lua
Loaded: ../../../../../Media/Scripts/Lua/UI/UnityDialog.lua
Loaded: ../../../../../Media/Scripts/Lua/UI/VehicleEditor.lua
Loaded: ../../../../../Media/Scripts/Lua/UI/VehicleIcon.lua
Loaded: ../../../../../Media/Scripts/Lua/UI/VehicleSelect.lua
Loaded: ../../../../../Media/Scripts/Lua/UI/VehiclesPanel.lua
Loaded: ../../../../../Media/Scripts/Lua/UI/VirtualTransmitter.lua
Loaded: ../../../../../Media/Scripts/Lua/UI/VisualTransmitterDialog.lua
Component Loaded: workphone::scene::ProceduralRaceScene Actor: Procedural Grand Prix
Component Loaded: workphone::scene::CollisionBox Actor: Procedural Grand Prix
Component Loaded: workphone::scene::Rigidbody Actor: Procedural Grand Prix
Component Loaded: workphone::scene::CarController Actor: Procedural Grand Prix
Component Loaded: workphone::scene::CollisionBox Actor: Circuit collision plane
Component Loaded: workphone::scene::Rigidbody Actor: Circuit collision plane
Asset catalog requires an open parameterized database backend.
Asset catalog requires an open parameterized database backend.
Asset catalog requires an open parameterized database backend.
Asset catalog requires an open parameterized database backend.
Asset catalog requires an open parameterized database backend.
Asset catalog requires an open parameterized database backend.
Asset catalog requires an open parameterized database backend.
Asset catalog requires an open parameterized database backend.
Asset catalog requires an open parameterized database backend.
Asset catalog requires an open parameterized database backend.
Asset catalog requires an open parameterized database backend.
Asset catalog requires an open parameterized database backend.
Asset catalog requires an open parameterized database backend.
Asset catalog requires an open parameterized database backend.
Asset catalog requires an open parameterized database backend.
Asset catalog requires an open parameterized database backend.
Asset catalog requires an open parameterized database backend.
Asset catalog requires an open parameterized database backend.
Asset catalog requires an open parameterized database backend.
Asset catalog requires an open parameterized database backend.
Asset catalog requires an open parameterized database backend.
Asset catalog requires an open parameterized database backend.
Asset catalog requires an open parameterized database backend.
Asset catalog requires an open parameterized database backend.
Asset catalog requires an open parameterized database backend.
Asset catalog requires an open parameterized database backend.
Asset catalog requires an open parameterized database backend.
Asset catalog requires an open parameterized database backend.
Asset catalog requires an open parameterized database backend.
Asset catalog requires an open parameterized database backend.
Asset catalog requires an open parameterized database backend.
Asset catalog requires an open parameterized database backend.
Asset catalog requires an open parameterized database backend.
Asset catalog requires an open parameterized database backend.
Asset catalog requires an open parameterized database backend.
Asset catalog requires an open parameterized database backend.
Asset catalog requires an open parameterized database backend.
Asset catalog requires an open parameterized database backend.
Asset catalog requires an open parameterized database backend.
Asset catalog requires an open parameterized database backend.
Asset catalog requires an open parameterized database backend.
Asset catalog requires an open parameterized database backend.
Asset catalog requires an open parameterized database backend.
Asset catalog requires an open parameterized database backend.
Asset catalog requires an open parameterized database backend.
Asset catalog requires an open parameterized database backend.
Asset catalog requires an open parameterized database backend.
Asset catalog requires an open parameterized database backend.
Asset catalog requires an open parameterized database backend.
Asset catalog requires an open parameterized database backend.
Asset catalog requires an open parameterized database backend.
Asset catalog requires an open parameterized database backend.
Asset catalog requires an open parameterized database backend.
Asset catalog requires an open parameterized database backend.
Asset catalog requires an open parameterized database backend.
Asset catalog requires an open parameterized database backend.
Asset catalog requires an open parameterized database backend.
Asset catalog requires an open parameterized database backend.
Asset catalog requires an open parameterized database backend.
Asset catalog requires an open parameterized database backend.
Asset catalog requires an open parameterized database backend.
Asset catalog requires an open parameterized database backend.
Asset catalog requires an open parameterized database backend.
Asset catalog requires an open parameterized database backend.
Asset catalog requires an open parameterized database backend.
Asset catalog requires an open parameterized database backend.
Asset catalog requires an open parameterized database backend.
Asset catalog requires an open parameterized database backend.
Asset catalog requires an open parameterized database backend.
Asset catalog requires an open parameterized database backend.
Asset catalog requires an open parameterized database backend.
Asset catalog requires an open parameterized database backend.
Asset catalog requires an open parameterized database backend.
Asset catalog requires an open parameterized database backend.
Asset catalog requires an open parameterized database backend.
Asset catalog requires an open parameterized database backend.
Asset catalog requires an open parameterized database backend.
Asset catalog requires an open parameterized database backend.
Asset catalog requires an open parameterized database backend.
Asset catalog requires an open parameterized database backend.
Asset catalog requires an open parameterized database backend.
Asset catalog requires an open parameterized database backend.
Asset catalog requires an open parameterized database backend.
Asset catalog requires an open parameterized database backend.
Asset catalog requires an open parameterized database backend.
Asset catalog requires an open parameterized database backend.
Asset catalog requires an open parameterized database backend.
Asset catalog requires an open parameterized database backend.
Asset catalog requires an open parameterized database backend.
Asset catalog requires an open parameterized database backend.
Asset catalog requires an open parameterized database backend.
Asset catalog requires an open parameterized database backend.
Asset catalog requires an open parameterized database backend.
Asset catalog requires an open parameterized database backend.
Asset catalog requires an open parameterized database backend.
Asset catalog requires an open parameterized database backend.
Asset catalog requires an open parameterized database backend.
Asset catalog requires an open parameterized database backend.
Asset catalog requires an open parameterized database backend.
Asset catalog requires an open parameterized database backend.
Asset catalog requires an open parameterized database backend.
Asset catalog requires an open parameterized database backend.
Asset catalog requires an open parameterized database backend.
Asset catalog requires an open parameterized database backend.
Asset catalog requires an open parameterized database backend.
Asset catalog requires an open parameterized database backend.
Asset catalog requires an open parameterized database backend.
Asset catalog requires an open parameterized database backend.
Asset catalog requires an open parameterized database backend.
Asset catalog requires an open parameterized database backend.
Asset catalog requires an open parameterized database backend.
Asset catalog requires an open parameterized database backend.
Asset catalog requires an open parameterized database backend.
Asset catalog requires an open parameterized database backend.
Asset catalog requires an open parameterized database backend.
Asset catalog requires an open parameterized database backend.
Asset catalog requires an open parameterized database backend.
Asset catalog requires an open parameterized database backend.
Asset catalog requires an open parameterized database backend.
Asset catalog requires an open parameterized database backend.
Asset catalog requires an open parameterized database backend.
Asset catalog requires an open parameterized database backend.
Asset catalog requires an open parameterized database backend.
Asset catalog requires an open parameterized database backend.
Asset catalog requires an open parameterized database backend.
Asset catalog requires an open parameterized database backend.
Asset catalog requires an open parameterized database backend.
Asset catalog requires an open parameterized database backend.
Asset catalog requires an open parameterized database backend.
Asset catalog requires an open parameterized database backend.
Asset catalog requires an open parameterized database backend.
Asset catalog requires an open parameterized database backend.
Asset catalog requires an open parameterized database backend.
Asset catalog requires an open parameterized database backend.
Asset catalog requires an open parameterized database backend.
Asset catalog requires an open parameterized database backend.
Asset catalog requires an open parameterized database backend.
Asset catalog requires an open parameterized database backend.
Asset catalog requires an open parameterized database backend.
Asset catalog requires an open parameterized database backend.
Asset catalog requires an open parameterized database backend.
Asset catalog requires an open parameterized database backend.
Asset catalog requires an open parameterized database backend.
Asset catalog requires an open parameterized database backend.
Asset catalog requires an open parameterized database backend.
Asset catalog requires an open parameterized database backend.
Asset catalog requires an open parameterized database backend.
Asset catalog requires an open parameterized database backend.
Asset catalog requires an open parameterized database backend.
Asset catalog requires an open parameterized database backend.
Asset catalog requires an open parameterized database backend.
Asset catalog requires an open parameterized database backend.
Asset catalog requires an open parameterized database backend.
Asset catalog requires an open parameterized database backend.
Asset catalog requires an open parameterized database backend.
Asset catalog requires an open parameterized database backend.
Asset catalog requires an open parameterized database backend.
Asset catalog requires an open parameterized database backend.
Asset catalog requires an open parameterized database backend.
Asset catalog requires an open parameterized database backend.
Asset catalog requires an open parameterized database backend.
Asset catalog requires an open parameterized database backend.
Asset catalog requires an open parameterized database backend.
Asset catalog requires an open parameterized database backend.
Asset catalog requires an open parameterized database backend.
Asset catalog requires an open parameterized database backend.
Asset catalog requires an open parameterized database backend.
Asset catalog requires an open parameterized database backend.
Asset catalog requires an open parameterized database backend.
Asset catalog requires an open parameterized database backend.
Asset catalog requires an open parameterized database backend.
Asset catalog requires an open parameterized database backend.
Asset catalog requires an open parameterized database backend.
Asset catalog requires an open parameterized database backend.
Asset catalog requires an open parameterized database backend.
Asset catalog requires an open parameterized database backend.
Asset catalog requires an open parameterized database backend.
Asset catalog requires an open parameterized database backend.
Asset catalog requires an open parameterized database backend.
Asset catalog requires an open parameterized database backend.
Asset catalog requires an open parameterized database backend.
Asset catalog requires an open parameterized database backend.
Asset catalog requires an open parameterized database backend.
Asset catalog requires an open parameterized database backend.
Asset catalog requires an open parameterized database backend.
Asset catalog requires an open parameterized database backend.
Asset catalog requires an open parameterized database backend.
Asset catalog requires an open parameterized database backend.
Asset catalog requires an open parameterized database backend.
Asset catalog requires an open parameterized database backend.
Asset catalog requires an open parameterized database backend.
Asset catalog requires an open parameterized database backend.
Asset catalog requires an open parameterized database backend.
Asset catalog requires an open parameterized database backend.
Asset catalog requires an open parameterized database backend.
Asset catalog requires an open parameterized database backend.
Asset catalog requires an open parameterized database backend.
Asset catalog requires an open parameterized database backend.
Asset catalog requires an open parameterized database backend.
Asset catalog requires an open parameterized database backend.
Asset catalog requires an open parameterized database backend.
Asset catalog requires an open parameterized database backend.
Asset catalog requires an open parameterized database backend.
Asset catalog requires an open parameterized database backend.
Asset catalog requires an open parameterized database backend.
Asset catalog requires an open parameterized database backend.
Asset catalog requires an open parameterized database backend.
Asset catalog requires an open parameterized database backend.
Asset catalog requires an open parameterized database backend.
Asset catalog requires an open parameterized database backend.
Asset catalog requires an open parameterized database backend.
Asset catalog requires an open parameterized database backend.
Asset catalog requires an open parameterized database backend.
Asset catalog requires an open parameterized database backend.
Asset catalog requires an open parameterized database backend.
Asset catalog requires an open parameterized database backend.
Asset catalog requires an open parameterized database backend.
Asset catalog requires an open parameterized database backend.
Asset catalog requires an open parameterized database backend.
Asset catalog requires an open parameterized database backend.
Asset catalog requires an open parameterized database backend.
Asset catalog requires an open parameterized database backend.
Asset catalog requires an open parameterized database backend.
Asset catalog requires an open parameterized database backend.
Asset catalog requires an open parameterized database backend.
Asset catalog requires an open parameterized database backend.
Asset catalog requires an open parameterized database backend.
Asset catalog requires an open parameterized database backend.
Asset catalog requires an open parameterized database backend.
Asset catalog requires an open parameterized database backend.
Asset catalog requires an open parameterized database backend.
Asset catalog requires an open parameterized database backend.
Asset catalog requires an open parameterized database backend.
Asset catalog requires an open parameterized database backend.
Asset catalog requires an open parameterized database backend.
Asset catalog requires an open parameterized database backend.
Asset catalog requires an open parameterized database backend.
Asset catalog requires an open parameterized database backend.
Asset catalog requires an open parameterized database backend.
Asset catalog requires an open parameterized database backend.
Asset catalog requires an open parameterized database backend.
Asset catalog requires an open parameterized database backend.
Asset catalog requires an open parameterized database backend.
Asset catalog requires an open parameterized database backend.
Asset catalog requires an open parameterized database backend.
Asset catalog requires an open parameterized database backend.
Asset catalog requires an open parameterized database backend.
Asset catalog requires an open parameterized database backend.
Asset catalog requires an open parameterized database backend.
Asset catalog requires an open parameterized database backend.
Asset catalog requires an open parameterized database backend.
Asset catalog requires an open parameterized database backend.
Asset catalog requires an open parameterized database backend.
Asset catalog requires an open parameterized database backend.
Asset catalog requires an open parameterized database backend.
Asset catalog requires an open parameterized database backend.
Asset catalog requires an open parameterized database backend.
Asset catalog requires an open parameterized database backend.
Asset catalog requires an open parameterized database backend.
Asset catalog requires an open parameterized database backend.
Asset catalog requires an open parameterized database backend.
Asset catalog requires an open parameterized database backend.
Asset catalog requires an open parameterized database backend.
Asset catalog requires an open parameterized database backend.
Asset catalog requires an open parameterized database backend.
Asset catalog requires an open parameterized database backend.
Asset catalog requires an open parameterized database backend.
Asset catalog requires an open parameterized database backend.
Asset catalog requires an open parameterized database backend.
Asset catalog requires an open parameterized database backend.
Asset catalog requires an open parameterized database backend.
Asset catalog requires an open parameterized database backend.
Asset catalog requires an open parameterized database backend.
Asset catalog requires an open parameterized database backend.
Asset catalog requires an open parameterized database backend.
Asset catalog requires an open parameterized database backend.
Asset catalog requires an open parameterized database backend.
Asset catalog requires an open parameterized database backend.
Asset catalog requires an open parameterized database backend.
Asset catalog requires an open parameterized database backend.
Asset catalog requires an open parameterized database backend.
Asset catalog requires an open parameterized database backend.
Asset catalog requires an open parameterized database backend.
Asset catalog requires an open parameterized database backend.
Asset catalog requires an open parameterized database backend.
Asset catalog requires an open parameterized database backend.
Asset catalog requires an open parameterized database backend.
Asset catalog requires an open parameterized database backend.
Asset catalog requires an open parameterized database backend.
Asset catalog requires an open parameterized database backend.
Asset catalog requires an open parameterized database backend.
Asset catalog requires an open parameterized database backend.
Asset catalog requires an open parameterized database backend.
Asset catalog requires an open parameterized database backend.
Asset catalog requires an open parameterized database backend.
Asset catalog requires an open parameterized database backend.
Asset catalog requires an open parameterized database backend.
Asset catalog requires an open parameterized database backend.
Asset catalog requires an open parameterized database backend.
Asset catalog requires an open parameterized database backend.
Asset catalog requires an open parameterized database backend.
Asset catalog requires an open parameterized database backend.
Asset catalog requires an open parameterized database backend.
Asset catalog requires an open parameterized database backend.
Asset catalog requires an open parameterized database backend.
Asset catalog requires an open parameterized database backend.
Asset catalog requires an open parameterized database backend.
Asset catalog requires an open parameterized database backend.
Asset catalog requires an open parameterized database backend.
Asset catalog requires an open parameterized database backend.
Asset catalog requires an open parameterized database backend.
Asset catalog requires an open parameterized database backend.
Asset catalog requires an open parameterized database backend.
Asset catalog requires an open parameterized database backend.
Asset catalog requires an open parameterized database backend.
Asset catalog requires an open parameterized database backend.
Asset catalog requires an open parameterized database backend.
Asset catalog requires an open parameterized database backend.
Asset catalog requires an open parameterized database backend.
Asset catalog requires an open parameterized database backend.
Asset catalog requires an open parameterized database backend.
Asset catalog requires an open parameterized database backend.
Asset catalog requires an open parameterized database backend.
Asset catalog requires an open parameterized database backend.
Asset catalog requires an open parameterized database backend.
Asset catalog requires an open parameterized database backend.
Asset catalog requires an open parameterized database backend.
Asset catalog requires an open parameterized database backend.
Asset catalog requires an open parameterized database backend.
Asset catalog requires an open parameterized database backend.
Asset catalog requires an open parameterized database backend.
Asset catalog requires an open parameterized database backend.
Asset catalog requires an open parameterized database backend.
Asset catalog requires an open parameterized database backend.
Asset catalog requires an open parameterized database backend.
Asset catalog requires an open parameterized database backend.
Asset catalog requires an open parameterized database backend.
Asset catalog requires an open parameterized database backend.
Asset catalog requires an open parameterized database backend.
Asset catalog requires an open parameterized database backend.
Asset catalog requires an open parameterized database backend.
Asset catalog requires an open parameterized database backend.
Asset catalog requires an open parameterized database backend.
Asset catalog requires an open parameterized database backend.
Asset catalog requires an open parameterized database backend.
Asset catalog requires an open parameterized database backend.
Asset catalog requires an open parameterized database backend.
Asset catalog requires an open parameterized database backend.
Asset catalog requires an open parameterized database backend.
Asset catalog requires an open parameterized database backend.
Asset catalog requires an open parameterized database backend.
Asset catalog requires an open parameterized database backend.
Asset catalog requires an open parameterized database backend.
Asset catalog requires an open parameterized database backend.
Asset catalog requires an open parameterized database backend.
Asset catalog requires an open parameterized database backend.
Asset catalog requires an open parameterized database backend.
Asset catalog requires an open parameterized database backend.
Asset catalog requires an open parameterized database backend.
Asset catalog requires an open parameterized database backend.
Asset catalog requires an open parameterized database backend.
Asset catalog requires an open parameterized database backend.
Asset catalog requires an open parameterized database backend.
Asset catalog requires an open parameterized database backend.
Asset catalog requires an open parameterized database backend.
Asset catalog requires an open parameterized database backend.
Asset catalog requires an open parameterized database backend.
Asset catalog requires an open parameterized database backend.
Asset catalog requires an open parameterized database backend.
Asset catalog requires an open parameterized database backend.
Asset catalog requires an open parameterized database backend.
Asset catalog requires an open parameterized database backend.
Component Loaded: workphone::scene::WheelController Actor: Generated wheel 0
Component Loaded: workphone::scene::WheelController Actor: Generated wheel 1
Component Loaded: workphone::scene::WheelController Actor: Generated wheel 2
Component Loaded: workphone::scene::WheelController Actor: Generated wheel 3
Component Loaded: workphone::scene::Mesh Actor: body_paint
Component Loaded: workphone::scene::MeshRenderer Actor: body_paint
Component Loaded: workphone::scene::Material Actor: body_paint
Component Loaded: workphone::scene::Mesh Actor: aero_carbon_matte
Component Loaded: workphone::scene::MeshRenderer Actor: aero_carbon_matte
Component Loaded: workphone::scene::Material Actor: aero_carbon_matte
Component Loaded: workphone::scene::Mesh Actor: aero_carbon_gloss
Component Loaded: workphone::scene::MeshRenderer Actor: aero_carbon_gloss
Component Loaded: workphone::scene::Material Actor: aero_carbon_gloss
Component Loaded: workphone::scene::Mesh Actor: cockpit_glass
Component Loaded: workphone::scene::MeshRenderer Actor: cockpit_glass
Component Loaded: workphone::scene::Material Actor: cockpit_glass
Component Loaded: workphone::scene::Mesh Actor: rain_light
Component Loaded: workphone::scene::MeshRenderer Actor: rain_light
Component Loaded: workphone::scene::Material Actor: rain_light
Component Loaded: workphone::scene::Mesh Actor: front_marker_lights
Component Loaded: workphone::scene::MeshRenderer Actor: front_marker_lights
Component Loaded: workphone::scene::Material Actor: front_marker_lights
Component Loaded: workphone::scene::Mesh Actor: tyres
Component Loaded: workphone::scene::MeshRenderer Actor: tyres
Component Loaded: workphone::scene::Material Actor: tyres
Component Loaded: workphone::scene::Mesh Actor: tyres
Component Loaded: workphone::scene::MeshRenderer Actor: tyres
Component Loaded: workphone::scene::Material Actor: tyres
Component Loaded: workphone::scene::Mesh Actor: tyres
Component Loaded: workphone::scene::MeshRenderer Actor: tyres
Component Loaded: workphone::scene::Material Actor: tyres
Component Loaded: workphone::scene::Mesh Actor: tyres
Component Loaded: workphone::scene::MeshRenderer Actor: tyres
Component Loaded: workphone::scene::Material Actor: tyres
Component Loaded: workphone::scene::Mesh Actor: rims
Component Loaded: workphone::scene::MeshRenderer Actor: rims
Component Loaded: workphone::scene::Material Actor: rims
Component Loaded: workphone::scene::Mesh Actor: rims
Component Loaded: workphone::scene::MeshRenderer Actor: rims
Component Loaded: workphone::scene::Material Actor: rims
Component Loaded: workphone::scene::Mesh Actor: rims
Component Loaded: workphone::scene::MeshRenderer Actor: rims
Component Loaded: workphone::scene::Material Actor: rims
Component Loaded: workphone::scene::Mesh Actor: rims
Component Loaded: workphone::scene::MeshRenderer Actor: rims
Component Loaded: workphone::scene::Material Actor: rims
Component Loaded: workphone::scene::Mesh Actor: brakes
Component Loaded: workphone::scene::MeshRenderer Actor: brakes
Component Loaded: workphone::scene::Material Actor: brakes
Component Loaded: workphone::scene::Mesh Actor: brakes
Component Loaded: workphone::scene::MeshRenderer Actor: brakes
Component Loaded: workphone::scene::Material Actor: brakes
Component Loaded: workphone::scene::Mesh Actor: brakes
Component Loaded: workphone::scene::MeshRenderer Actor: brakes
Component Loaded: workphone::scene::Material Actor: brakes
Component Loaded: workphone::scene::Mesh Actor: brakes
Component Loaded: workphone::scene::MeshRenderer Actor: brakes
Component Loaded: workphone::scene::Material Actor: brakes
Component Loaded: workphone::scene::Mesh Actor: suspension
Component Loaded: workphone::scene::MeshRenderer Actor: suspension
Component Loaded: workphone::scene::Material Actor: suspension
Asset catalog requires an open parameterized database backend.
Asset catalog requires an open parameterized database backend.
Asset catalog requires an open parameterized database backend.
Asset catalog requires an open parameterized database backend.
Asset catalog requires an open parameterized database backend.
Asset catalog requires an open parameterized database backend.
Asset catalog requires an open parameterized database backend.
Asset catalog requires an open parameterized database backend.
Asset catalog requires an open parameterized database backend.
Asset catalog requires an open parameterized database backend.
Component Loaded: workphone::scene::Mesh Actor: Continuous circuit
Component Loaded: workphone::scene::MeshRenderer Actor: Continuous circuit
Component Loaded: workphone::scene::Material Actor: Continuous circuit
Component Loaded: workphone::scene::Mesh Actor: Red kerbs
Component Loaded: workphone::scene::MeshRenderer Actor: Red kerbs
Component Loaded: workphone::scene::Material Actor: Red kerbs
Component Loaded: workphone::scene::Mesh Actor: White kerbs
Component Loaded: workphone::scene::MeshRenderer Actor: White kerbs
Component Loaded: workphone::scene::Material Actor: White kerbs
Component Loaded: workphone::scene::Mesh Actor: Edge markings
Component Loaded: workphone::scene::MeshRenderer Actor: Edge markings
Component Loaded: workphone::scene::Material Actor: Edge markings
Component Loaded: workphone::scene::Mesh Actor: Gravel runoff
Component Loaded: workphone::scene::MeshRenderer Actor: Gravel runoff
Component Loaded: workphone::scene::Material Actor: Gravel runoff
Component Loaded: workphone::scene::Mesh Actor: Circuit guardrails
Component Loaded: workphone::scene::MeshRenderer Actor: Circuit guardrails
Component Loaded: workphone::scene::Material Actor: Circuit guardrails
Component Loaded: workphone::scene::Mesh Actor: Circuit meadow
Component Loaded: workphone::scene::MeshRenderer Actor: Circuit meadow
Component Loaded: workphone::scene::Material Actor: Circuit meadow
Component Loaded: workphone::scene::Mesh Actor: Start finish black
Component Loaded: workphone::scene::MeshRenderer Actor: Start finish black
Component Loaded: workphone::scene::Material Actor: Start finish black
Component Loaded: workphone::scene::Mesh Actor: Start finish white
Component Loaded: workphone::scene::MeshRenderer Actor: Start finish white
Component Loaded: workphone::scene::Material Actor: Start finish white
Component Loaded: workphone::scene::Mesh Actor: Start gantry
Component Loaded: workphone::scene::MeshRenderer Actor: Start gantry
Component Loaded: workphone::scene::Material Actor: Start gantry
Component Loaded: workphone::scene::Mesh Actor: Pit garages
Component Loaded: workphone::scene::MeshRenderer Actor: Pit garages
Component Loaded: workphone::scene::Material Actor: Pit garages
Component Loaded: workphone::scene::Mesh Actor: Pit doors
Component Loaded: workphone::scene::MeshRenderer Actor: Pit doors
Component Loaded: workphone::scene::Material Actor: Pit doors
Asset catalog requires an open parameterized database backend.
Asset catalog requires an open parameterized database backend.
Asset catalog requires an open parameterized database backend.
Asset catalog requires an open parameterized database backend.
Component Loaded: workphone::scene::Mesh Actor: LOD0 pine trunks
Component Loaded: workphone::scene::MeshRenderer Actor: LOD0 pine trunks
Component Loaded: workphone::scene::Material Actor: LOD0 pine trunks
Component Loaded: workphone::scene::Mesh Actor: LOD0 pine canopy
Component Loaded: workphone::scene::MeshRenderer Actor: LOD0 pine canopy
Component Loaded: workphone::scene::Material Actor: LOD0 pine canopy
Component Loaded: workphone::scene::Mesh Actor: LOD1 pine imposters
Component Loaded: workphone::scene::MeshRenderer Actor: LOD1 pine imposters
Component Loaded: workphone::scene::Material Actor: LOD1 pine imposters
Component Loaded: workphone::scene::LODGroup Actor: Tree LOD patch
Component Loaded: workphone::scene::Mesh Actor: LOD0 pine trunks
Component Loaded: workphone::scene::MeshRenderer Actor: LOD0 pine trunks
Component Loaded: workphone::scene::Material Actor: LOD0 pine trunks
Component Loaded: workphone::scene::Mesh Actor: LOD0 pine canopy
Component Loaded: workphone::scene::MeshRenderer Actor: LOD0 pine canopy
Component Loaded: workphone::scene::Material Actor: LOD0 pine canopy
Component Loaded: workphone::scene::Mesh Actor: LOD1 pine imposters
Component Loaded: workphone::scene::MeshRenderer Actor: LOD1 pine imposters
Component Loaded: workphone::scene::Material Actor: LOD1 pine imposters
Component Loaded: workphone::scene::LODGroup Actor: Tree LOD patch
Component Loaded: workphone::scene::Mesh Actor: LOD0 pine trunks
Component Loaded: workphone::scene::MeshRenderer Actor: LOD0 pine trunks
Component Loaded: workphone::scene::Material Actor: LOD0 pine trunks
Component Loaded: workphone::scene::Mesh Actor: LOD0 pine canopy
Component Loaded: workphone::scene::MeshRenderer Actor: LOD0 pine canopy
Component Loaded: workphone::scene::Material Actor: LOD0 pine canopy
Component Loaded: workphone::scene::Mesh Actor: LOD1 pine imposters
Component Loaded: workphone::scene::MeshRenderer Actor: LOD1 pine imposters
Component Loaded: workphone::scene::Material Actor: LOD1 pine imposters
Component Loaded: workphone::scene::LODGroup Actor: Tree LOD patch
Component Loaded: workphone::scene::Mesh Actor: LOD0 pine trunks
Component Loaded: workphone::scene::MeshRenderer Actor: LOD0 pine trunks
Component Loaded: workphone::scene::Material Actor: LOD0 pine trunks
Component Loaded: workphone::scene::Mesh Actor: LOD0 pine canopy
Component Loaded: workphone::scene::MeshRenderer Actor: LOD0 pine canopy
Component Loaded: workphone::scene::Material Actor: LOD0 pine canopy
Component Loaded: workphone::scene::Mesh Actor: LOD1 pine imposters
Component Loaded: workphone::scene::MeshRenderer Actor: LOD1 pine imposters
Component Loaded: workphone::scene::Material Actor: LOD1 pine imposters
Component Loaded: workphone::scene::LODGroup Actor: Tree LOD patch
Component Loaded: workphone::scene::Mesh Actor: LOD0 pine trunks
Component Loaded: workphone::scene::MeshRenderer Actor: LOD0 pine trunks
Component Loaded: workphone::scene::Material Actor: LOD0 pine trunks
Component Loaded: workphone::scene::Mesh Actor: LOD0 pine canopy
Component Loaded: workphone::scene::MeshRenderer Actor: LOD0 pine canopy
Component Loaded: workphone::scene::Material Actor: LOD0 pine canopy
Component Loaded: workphone::scene::Mesh Actor: LOD1 pine imposters
Component Loaded: workphone::scene::MeshRenderer Actor: LOD1 pine imposters
Component Loaded: workphone::scene::Material Actor: LOD1 pine imposters
Component Loaded: workphone::scene::LODGroup Actor: Tree LOD patch
Component Loaded: workphone::scene::Mesh Actor: LOD0 pine trunks
Component Loaded: workphone::scene::MeshRenderer Actor: LOD0 pine trunks
Component Loaded: workphone::scene::Material Actor: LOD0 pine trunks
Component Loaded: workphone::scene::Mesh Actor: LOD0 pine canopy
Component Loaded: workphone::scene::MeshRenderer Actor: LOD0 pine canopy
Component Loaded: workphone::scene::Material Actor: LOD0 pine canopy
Component Loaded: workphone::scene::Mesh Actor: LOD1 pine imposters
Component Loaded: workphone::scene::MeshRenderer Actor: LOD1 pine imposters
Component Loaded: workphone::scene::Material Actor: LOD1 pine imposters
Component Loaded: workphone::scene::LODGroup Actor: Tree LOD patch
Component Loaded: workphone::scene::Mesh Actor: LOD0 pine trunks
Component Loaded: workphone::scene::MeshRenderer Actor: LOD0 pine trunks
Component Loaded: workphone::scene::Material Actor: LOD0 pine trunks
Component Loaded: workphone::scene::Mesh Actor: LOD0 pine canopy
Component Loaded: workphone::scene::MeshRenderer Actor: LOD0 pine canopy
Component Loaded: workphone::scene::Material Actor: LOD0 pine canopy
Component Loaded: workphone::scene::Mesh Actor: LOD1 pine imposters
Component Loaded: workphone::scene::MeshRenderer Actor: LOD1 pine imposters
Component Loaded: workphone::scene::Material Actor: LOD1 pine imposters
Component Loaded: workphone::scene::LODGroup Actor: Tree LOD patch
Component Loaded: workphone::scene::Mesh Actor: LOD0 pine trunks
Component Loaded: workphone::scene::MeshRenderer Actor: LOD0 pine trunks
Component Loaded: workphone::scene::Material Actor: LOD0 pine trunks
Component Loaded: workphone::scene::Mesh Actor: LOD0 pine canopy
Component Loaded: workphone::scene::MeshRenderer Actor: LOD0 pine canopy
Component Loaded: workphone::scene::Material Actor: LOD0 pine canopy
Component Loaded: workphone::scene::Mesh Actor: LOD1 pine imposters
Component Loaded: workphone::scene::MeshRenderer Actor: LOD1 pine imposters
Component Loaded: workphone::scene::Material Actor: LOD1 pine imposters
Component Loaded: workphone::scene::LODGroup Actor: Tree LOD patch
Component Loaded: workphone::scene::Mesh Actor: LOD0 pine trunks
Component Loaded: workphone::scene::MeshRenderer Actor: LOD0 pine trunks
Component Loaded: workphone::scene::Material Actor: LOD0 pine trunks
Component Loaded: workphone::scene::Mesh Actor: LOD0 pine canopy
Component Loaded: workphone::scene::MeshRenderer Actor: LOD0 pine canopy
Component Loaded: workphone::scene::Material Actor: LOD0 pine canopy
Component Loaded: workphone::scene::Mesh Actor: LOD1 pine imposters
Component Loaded: workphone::scene::MeshRenderer Actor: LOD1 pine imposters
Component Loaded: workphone::scene::Material Actor: LOD1 pine imposters
Component Loaded: workphone::scene::LODGroup Actor: Tree LOD patch
Component Loaded: workphone::scene::Mesh Actor: LOD0 pine trunks
Component Loaded: workphone::scene::MeshRenderer Actor: LOD0 pine trunks
Component Loaded: workphone::scene::Material Actor: LOD0 pine trunks
Component Loaded: workphone::scene::Mesh Actor: LOD0 pine canopy
Component Loaded: workphone::scene::MeshRenderer Actor: LOD0 pine canopy
Component Loaded: workphone::scene::Material Actor: LOD0 pine canopy
Component Loaded: workphone::scene::Mesh Actor: LOD1 pine imposters
Component Loaded: workphone::scene::MeshRenderer Actor: LOD1 pine imposters
Component Loaded: workphone::scene::Material Actor: LOD1 pine imposters
Component Loaded: workphone::scene::LODGroup Actor: Tree LOD patch
Component Loaded: workphone::scene::Mesh Actor: LOD0 pine trunks
Component Loaded: workphone::scene::MeshRenderer Actor: LOD0 pine trunks
Component Loaded: workphone::scene::Material Actor: LOD0 pine trunks
Component Loaded: workphone::scene::Mesh Actor: LOD0 pine canopy
Component Loaded: workphone::scene::MeshRenderer Actor: LOD0 pine canopy
Component Loaded: workphone::scene::Material Actor: LOD0 pine canopy
Component Loaded: workphone::scene::Mesh Actor: LOD1 pine imposters
Component Loaded: workphone::scene::MeshRenderer Actor: LOD1 pine imposters
Component Loaded: workphone::scene::Material Actor: LOD1 pine imposters
Component Loaded: workphone::scene::LODGroup Actor: Tree LOD patch
Component Loaded: workphone::scene::Mesh Actor: LOD0 pine trunks
Component Loaded: workphone::scene::MeshRenderer Actor: LOD0 pine trunks
Component Loaded: workphone::scene::Material Actor: LOD0 pine trunks
Component Loaded: workphone::scene::Mesh Actor: LOD0 pine canopy
Component Loaded: workphone::scene::MeshRenderer Actor: LOD0 pine canopy
Component Loaded: workphone::scene::Material Actor: LOD0 pine canopy
Component Loaded: workphone::scene::Mesh Actor: LOD1 pine imposters
Component Loaded: workphone::scene::MeshRenderer Actor: LOD1 pine imposters
Component Loaded: workphone::scene::Material Actor: LOD1 pine imposters
Component Loaded: workphone::scene::LODGroup Actor: Tree LOD patch
Component Loaded: workphone::scene::Mesh Actor: LOD0 pine trunks
Component Loaded: workphone::scene::MeshRenderer Actor: LOD0 pine trunks
Component Loaded: workphone::scene::Material Actor: LOD0 pine trunks
Component Loaded: workphone::scene::Mesh Actor: LOD0 pine canopy
Component Loaded: workphone::scene::MeshRenderer Actor: LOD0 pine canopy
Component Loaded: workphone::scene::Material Actor: LOD0 pine canopy
Component Loaded: workphone::scene::Mesh Actor: LOD1 pine imposters
Component Loaded: workphone::scene::MeshRenderer Actor: LOD1 pine imposters
Component Loaded: workphone::scene::Material Actor: LOD1 pine imposters
Component Loaded: workphone::scene::LODGroup Actor: Tree LOD patch
Component Loaded: workphone::scene::Mesh Actor: LOD0 pine trunks
Component Loaded: workphone::scene::MeshRenderer Actor: LOD0 pine trunks
Component Loaded: workphone::scene::Material Actor: LOD0 pine trunks
Component Loaded: workphone::scene::Mesh Actor: LOD0 pine canopy
Component Loaded: workphone::scene::MeshRenderer Actor: LOD0 pine canopy
Component Loaded: workphone::scene::Material Actor: LOD0 pine canopy
Component Loaded: workphone::scene::Mesh Actor: LOD1 pine imposters
Component Loaded: workphone::scene::MeshRenderer Actor: LOD1 pine imposters
Component Loaded: workphone::scene::Material Actor: LOD1 pine imposters
Component Loaded: workphone::scene::LODGroup Actor: Tree LOD patch
Component Loaded: workphone::scene::Mesh Actor: LOD0 pine trunks
Component Loaded: workphone::scene::MeshRenderer Actor: LOD0 pine trunks
Component Loaded: workphone::scene::Material Actor: LOD0 pine trunks
Component Loaded: workphone::scene::Mesh Actor: LOD0 pine canopy
Component Loaded: workphone::scene::MeshRenderer Actor: LOD0 pine canopy
Component Loaded: workphone::scene::Material Actor: LOD0 pine canopy
Component Loaded: workphone::scene::Mesh Actor: LOD1 pine imposters
Component Loaded: workphone::scene::MeshRenderer Actor: LOD1 pine imposters
Component Loaded: workphone::scene::Material Actor: LOD1 pine imposters
Component Loaded: workphone::scene::LODGroup Actor: Tree LOD patch
Component Loaded: workphone::scene::Mesh Actor: LOD0 pine trunks
Component Loaded: workphone::scene::MeshRenderer Actor: LOD0 pine trunks
Component Loaded: workphone::scene::Material Actor: LOD0 pine trunks
Component Loaded: workphone::scene::Mesh Actor: LOD0 pine canopy
Component Loaded: workphone::scene::MeshRenderer Actor: LOD0 pine canopy
Component Loaded: workphone::scene::Material Actor: LOD0 pine canopy
Component Loaded: workphone::scene::Mesh Actor: LOD1 pine imposters
Component Loaded: workphone::scene::MeshRenderer Actor: LOD1 pine imposters
Component Loaded: workphone::scene::Material Actor: LOD1 pine imposters
Component Loaded: workphone::scene::LODGroup Actor: Tree LOD patch
Component Loaded: workphone::scene::Mesh Actor: LOD0 pine trunks
Component Loaded: workphone::scene::MeshRenderer Actor: LOD0 pine trunks
Component Loaded: workphone::scene::Material Actor: LOD0 pine trunks
Component Loaded: workphone::scene::Mesh Actor: LOD0 pine canopy
Component Loaded: workphone::scene::MeshRenderer Actor: LOD0 pine canopy
Component Loaded: workphone::scene::Material Actor: LOD0 pine canopy
Component Loaded: workphone::scene::Mesh Actor: LOD1 pine imposters
Component Loaded: workphone::scene::MeshRenderer Actor: LOD1 pine imposters
Component Loaded: workphone::scene::Material Actor: LOD1 pine imposters
Component Loaded: workphone::scene::LODGroup Actor: Tree LOD patch
Component Loaded: workphone::scene::Mesh Actor: LOD0 pine trunks
Component Loaded: workphone::scene::MeshRenderer Actor: LOD0 pine trunks
Component Loaded: workphone::scene::Material Actor: LOD0 pine trunks
Component Loaded: workphone::scene::Mesh Actor: LOD0 pine canopy
Component Loaded: workphone::scene::MeshRenderer Actor: LOD0 pine canopy
Component Loaded: workphone::scene::Material Actor: LOD0 pine canopy
Component Loaded: workphone::scene::Mesh Actor: LOD1 pine imposters
Component Loaded: workphone::scene::MeshRenderer Actor: LOD1 pine imposters
Component Loaded: workphone::scene::Material Actor: LOD1 pine imposters
Component Loaded: workphone::scene::LODGroup Actor: Tree LOD patch
Component Loaded: workphone::scene::Mesh Actor: LOD0 pine trunks
Component Loaded: workphone::scene::MeshRenderer Actor: LOD0 pine trunks
Component Loaded: workphone::scene::Material Actor: LOD0 pine trunks
Component Loaded: workphone::scene::Mesh Actor: LOD0 pine canopy
Component Loaded: workphone::scene::MeshRenderer Actor: LOD0 pine canopy
Component Loaded: workphone::scene::Material Actor: LOD0 pine canopy
Component Loaded: workphone::scene::Mesh Actor: LOD1 pine imposters
Component Loaded: workphone::scene::MeshRenderer Actor: LOD1 pine imposters
Component Loaded: workphone::scene::Material Actor: LOD1 pine imposters
Component Loaded: workphone::scene::LODGroup Actor: Tree LOD patch
Component Loaded: workphone::scene::Mesh Actor: LOD0 pine trunks
Component Loaded: workphone::scene::MeshRenderer Actor: LOD0 pine trunks
Component Loaded: workphone::scene::Material Actor: LOD0 pine trunks
Component Loaded: workphone::scene::Mesh Actor: LOD0 pine canopy
Component Loaded: workphone::scene::MeshRenderer Actor: LOD0 pine canopy
Component Loaded: workphone::scene::Material Actor: LOD0 pine canopy
Component Loaded: workphone::scene::Mesh Actor: LOD1 pine imposters
Component Loaded: workphone::scene::MeshRenderer Actor: LOD1 pine imposters
Component Loaded: workphone::scene::Material Actor: LOD1 pine imposters
Component Loaded: workphone::scene::LODGroup Actor: Tree LOD patch
Component Loaded: workphone::scene::Mesh Actor: LOD0 pine trunks
Component Loaded: workphone::scene::MeshRenderer Actor: LOD0 pine trunks
Component Loaded: workphone::scene::Material Actor: LOD0 pine trunks
Component Loaded: workphone::scene::Mesh Actor: LOD0 pine canopy
Component Loaded: workphone::scene::MeshRenderer Actor: LOD0 pine canopy
Component Loaded: workphone::scene::Material Actor: LOD0 pine canopy
Component Loaded: workphone::scene::Mesh Actor: LOD1 pine imposters
Component Loaded: workphone::scene::MeshRenderer Actor: LOD1 pine imposters
Component Loaded: workphone::scene::Material Actor: LOD1 pine imposters
Component Loaded: workphone::scene::LODGroup Actor: Tree LOD patch
Component Loaded: workphone::scene::Mesh Actor: LOD0 pine trunks
Component Loaded: workphone::scene::MeshRenderer Actor: LOD0 pine trunks
Component Loaded: workphone::scene::Material Actor: LOD0 pine trunks
Component Loaded: workphone::scene::Mesh Actor: LOD0 pine canopy
Component Loaded: workphone::scene::MeshRenderer Actor: LOD0 pine canopy
Component Loaded: workphone::scene::Material Actor: LOD0 pine canopy
Component Loaded: workphone::scene::Mesh Actor: LOD1 pine imposters
Component Loaded: workphone::scene::MeshRenderer Actor: LOD1 pine imposters
Component Loaded: workphone::scene::Material Actor: LOD1 pine imposters
Component Loaded: workphone::scene::LODGroup Actor: Tree LOD patch
Component Loaded: workphone::scene::Mesh Actor: LOD0 pine trunks
Component Loaded: workphone::scene::MeshRenderer Actor: LOD0 pine trunks
Component Loaded: workphone::scene::Material Actor: LOD0 pine trunks
Component Loaded: workphone::scene::Mesh Actor: LOD0 pine canopy
Component Loaded: workphone::scene::MeshRenderer Actor: LOD0 pine canopy
Component Loaded: workphone::scene::Material Actor: LOD0 pine canopy
Component Loaded: workphone::scene::Mesh Actor: LOD1 pine imposters
Component Loaded: workphone::scene::MeshRenderer Actor: LOD1 pine imposters
Component Loaded: workphone::scene::Material Actor: LOD1 pine imposters
Component Loaded: workphone::scene::LODGroup Actor: Tree LOD patch
Component Loaded: workphone::scene::Mesh Actor: LOD0 pine trunks
Component Loaded: workphone::scene::MeshRenderer Actor: LOD0 pine trunks
Component Loaded: workphone::scene::Material Actor: LOD0 pine trunks
Component Loaded: workphone::scene::Mesh Actor: LOD0 pine canopy
Component Loaded: workphone::scene::MeshRenderer Actor: LOD0 pine canopy
Component Loaded: workphone::scene::Material Actor: LOD0 pine canopy
Component Loaded: workphone::scene::Mesh Actor: LOD1 pine imposters
Component Loaded: workphone::scene::MeshRenderer Actor: LOD1 pine imposters
Component Loaded: workphone::scene::Material Actor: LOD1 pine imposters
Component Loaded: workphone::scene::LODGroup Actor: Tree LOD patch
Component Loaded: workphone::scene::Mesh Actor: LOD0 pine trunks
Component Loaded: workphone::scene::MeshRenderer Actor: LOD0 pine trunks
Component Loaded: workphone::scene::Material Actor: LOD0 pine trunks
Component Loaded: workphone::scene::Mesh Actor: LOD0 pine canopy
Component Loaded: workphone::scene::MeshRenderer Actor: LOD0 pine canopy
Component Loaded: workphone::scene::Material Actor: LOD0 pine canopy
Component Loaded: workphone::scene::Mesh Actor: LOD1 pine imposters
Component Loaded: workphone::scene::MeshRenderer Actor: LOD1 pine imposters
Component Loaded: workphone::scene::Material Actor: LOD1 pine imposters
Component Loaded: workphone::scene::LODGroup Actor: Tree LOD patch
Component Loaded: workphone::scene::Mesh Actor: LOD0 pine trunks
Component Loaded: workphone::scene::MeshRenderer Actor: LOD0 pine trunks
Component Loaded: workphone::scene::Material Actor: LOD0 pine trunks
Component Loaded: workphone::scene::Mesh Actor: LOD0 pine canopy
Component Loaded: workphone::scene::MeshRenderer Actor: LOD0 pine canopy
Component Loaded: workphone::scene::Material Actor: LOD0 pine canopy
Component Loaded: workphone::scene::Mesh Actor: LOD1 pine imposters
Component Loaded: workphone::scene::MeshRenderer Actor: LOD1 pine imposters
Component Loaded: workphone::scene::Material Actor: LOD1 pine imposters
Component Loaded: workphone::scene::LODGroup Actor: Tree LOD patch
Component Loaded: workphone::scene::Mesh Actor: LOD0 pine trunks
Component Loaded: workphone::scene::MeshRenderer Actor: LOD0 pine trunks
Component Loaded: workphone::scene::Material Actor: LOD0 pine trunks
Component Loaded: workphone::scene::Mesh Actor: LOD0 pine canopy
Component Loaded: workphone::scene::MeshRenderer Actor: LOD0 pine canopy
Component Loaded: workphone::scene::Material Actor: LOD0 pine canopy
Component Loaded: workphone::scene::Mesh Actor: LOD1 pine imposters
Component Loaded: workphone::scene::MeshRenderer Actor: LOD1 pine imposters
Component Loaded: workphone::scene::Material Actor: LOD1 pine imposters
Component Loaded: workphone::scene::LODGroup Actor: Tree LOD patch
Component Loaded: workphone::scene::Mesh Actor: LOD0 pine trunks
Component Loaded: workphone::scene::MeshRenderer Actor: LOD0 pine trunks
Component Loaded: workphone::scene::Material Actor: LOD0 pine trunks
Component Loaded: workphone::scene::Mesh Actor: LOD0 pine canopy
Component Loaded: workphone::scene::MeshRenderer Actor: LOD0 pine canopy
Component Loaded: workphone::scene::Material Actor: LOD0 pine canopy
Component Loaded: workphone::scene::Mesh Actor: LOD1 pine imposters
Component Loaded: workphone::scene::MeshRenderer Actor: LOD1 pine imposters
Component Loaded: workphone::scene::Material Actor: LOD1 pine imposters
Component Loaded: workphone::scene::LODGroup Actor: Tree LOD patch
Component Loaded: workphone::scene::Mesh Actor: Distant hills
Component Loaded: workphone::scene::MeshRenderer Actor: Distant hills
Component Loaded: workphone::scene::Material Actor: Distant hills
Component Loaded: workphone::scene::Cubemap Actor: Vehicle Reflection Cubemap
Asset catalog requires an open parameterized database backend.
Asset catalog requires an open parameterized database backend.
Asset catalog requires an open parameterized database backend.
Asset catalog requires an open parameterized database backend.
Asset catalog requires an open parameterized database backend.
Asset catalog requires an open parameterized database backend.
Asset catalog requires an open parameterized database backend.
Asset catalog requires an open parameterized database backend.
Asset catalog requires an open parameterized database backend.
Asset catalog requires an open parameterized database backend.
Asset catalog requires an open parameterized database backend.
Asset catalog requires an open parameterized database backend.
Asset catalog requires an open parameterized database backend.
Asset catalog requires an open parameterized database backend.
Asset catalog requires an open parameterized database backend.
Asset catalog requires an open parameterized database backend.
Asset catalog requires an open parameterized database backend.
Asset catalog requires an open parameterized database backend.
Asset catalog requires an open parameterized database backend.
Asset catalog requires an open parameterized database backend.
Asset catalog requires an open parameterized database backend.
Asset catalog requires an open parameterized database backend.
Asset catalog requires an open parameterized database backend.
Asset catalog requires an open parameterized database backend.
Asset catalog requires an open parameterized database backend.
Asset catalog requires an open parameterized database backend.
Asset catalog requires an open parameterized database backend.
Asset catalog requires an open parameterized database backend.
Asset catalog requires an open parameterized database backend.
Asset catalog requires an open parameterized database backend.
Asset catalog requires an open parameterized database backend.
Asset catalog requires an open parameterized database backend.
Asset catalog requires an open parameterized database backend.
Asset catalog requires an open parameterized database backend.
Asset catalog requires an open parameterized database backend.
Asset catalog requires an open parameterized database backend.
Asset catalog requires an open parameterized database backend.
Asset catalog requires an open parameterized database backend.
Component Loaded: workphone::scene::Material Actor: Vehicle Reflection Cubemap
VehicleAdvanced: custom cubemap actor created; reflection applied to all vehicle materials.
Asset catalog requires an open parameterized database backend.
Asset catalog requires an open parameterized database backend.
Component Loaded: workphone::scene::Mesh Actor: Vehicle contact shadow
Component Loaded: workphone::scene::MeshRenderer Actor: Vehicle contact shadow
Component Loaded: workphone::scene::Material Actor: Vehicle contact shadow
VehicleAdvanced generation milliseconds=7578.3451999999997
VehicleAdvanced generated: seed=7 hash=14479680043490062693 triangles=20896 texture bytes=8536032 circuit metres=851.278
Database::load: asset.db
Database::load: database exists at asset.db
WheelControllerBrush only supports the Brush tire model.
WheelControllerBrush only supports the Brush tire model.
WheelControllerBrush only supports the Brush tire model.
WheelControllerBrush only supports the Brush tire model.
Component Loaded: workphone::scene::VehicleCameraController Actor: Vehicle Follow Camera
WheelControllerBrush only supports the Brush tire model.
WheelControllerBrush only supports the Brush tire model.
WheelControllerBrush only supports the Brush tire model.
WheelControllerBrush only supports the Brush tire model.
ClawImguiManager::init: creating UI context and font atlas.
ClawImguiManager::init: context configured; viewport=1280x720, docking enabled, settings=.ini
GRAND PRIX | 0.0 km/h | Gear 1 | 0 rpm | Lap 1
Lap time 0.0 s | Last 0.0 s | Best 0.0 s
Circuit 851.3 m | Seed 7
Advanced physics: dt=0.56508180000000008 mass=798 inertia=1071.79 1118.46 91.2612 angular=0 0 0 controllerMass=798 root=0 0.42 0 mount=-0.81 0.0253547 -1.93793 rate=131077 damping=4176.83 travel=0.076
GRAND PRIX | 0.0 km/h | Gear 1 | 0 rpm | Lap 1
Lap time 2.0 s | Last 0.0 s | Best 0.0 s
Circuit 851.3 m | Seed 7
Advanced physics: dt=0.041566100000000272 mass=798 inertia=1071.79 1118.46 91.2612 angular=0 0 0 controllerMass=798 root=0 0.42 0 mount=-0.81 0.0253547 -1.93793 rate=131077 damping=4176.83 travel=0.076
WheelControllerBrush only supports the Brush tire model.
WheelControllerBrush only supports the Brush tire model.
WheelControllerBrush only supports the Brush tire model.
WheelControllerBrush only supports the Brush tire model.
GRAND PRIX | 1.6 km/h | Gear 1 | 4200 rpm | Lap 1
Lap time 4.1 s | Last 0.0 s | Best 0.0 s
Circuit 851.3 m | Seed 7
Advanced physics: dt=0.05201980000000006 mass=798 inertia=1071.79 1118.46 91.2612 angular=0.157278 -9.66086e-15 1.54691e-12 controllerMass=798 root=-3.97132e-14 0.361562 0.000699676 mount=-0.81 0.0253547 -1.93793 rate=131077 damping=4176.83 travel=0.076
GRAND PRIX | 0.4 km/h | Gear 1 | 4200 rpm | Lap 1
Lap time 6.2 s | Last 0.0 s | Best 0.0 s
Circuit 851.3 m | Seed 7
Advanced physics: dt=0.069436999999999749 mass=798 inertia=1071.79 1118.46 91.2612 angular=0.0520866 2.61126e-14 7.59694e-14 controllerMass=798 root=-5.61183e-14 0.334766 0.000789285 mount=-0.81 0.0253547 -1.93793 rate=131077 damping=4176.83 travel=0.076
Vehicle smoke phase 0: PASS position=-1.28122e-13 0.406897 0.000805818 speed=5.55283e-05 height range=0.0887163 peak vertical speed=0.35775
GRAND PRIX | 1.9 km/h | Gear 2 | 15344 rpm | Lap 1
Lap time 8.3 s | Last 0.0 s | Best 0.0 s
Circuit 851.3 m | Seed 7
Advanced physics: dt=0.051611100000000576 mass=798 inertia=1071.79 1118.46 91.2612 angular=-0.0049496 -3.37432e-12 -1.08942e-09 controllerMass=798 root=-1.31082e-13 0.392065 0.000788729 mount=-0.81 0.0253547 -1.93793 rate=131077 damping=4176.83 travel=0.076
Vehicle scene-node mismatch: tyres position error=0.0106088 orientation error=0.000115928
Vehicle smoke: rendered vehicle hierarchy does not match its pose.
TRACE ApplicationManager unload start
Conflicting catalog identity; insertion rejected.
Conflicting catalog identity; insertion rejected.
TRACE GameManager destructor body start
TRACE GameManager destructor body end
TRACE ApplicationManager game manager done
TRACE ApplicationManager physics manager done
TRACE ApplicationManager job queue done
TRACE ApplicationManager task manager done
TRACE ApplicationManager window done
TRACE ApplicationManager scene window done
TRACE ApplicationManager ui done
TRACE StateManager remove context begin 000002CD57C04600
TRACE StateManager context list size 46
TRACE StateManager context erase complete
TRACE StateContext unload start 000002CD57C04600 state 7
TRACE StateContext queues snapshotted 15
TRACE StateContext queue 0 000002CDC073C1C0 start
TRACE StateContext queue 0 messages 0
TRACE StateContext queue 0 messages clear start
TRACE StateContext queue 0 messages clear end
TRACE StateContext queue 0 complete
TRACE StateContext queue 1 000002CDC073C2E0 start
TRACE StateContext queue 1 messages 0
TRACE StateContext queue 1 messages clear start
TRACE StateContext queue 1 messages clear end
TRACE StateContext queue 1 complete
TRACE StateContext queue 2 000002CDC073C400 start
TRACE StateContext queue 2 messages 0
TRACE StateContext queue 2 messages clear start
TRACE StateContext queue 2 messages clear end
TRACE StateContext queue 2 complete
TRACE StateContext queue 3 000002CDC073C520 start
TRACE StateContext queue 3 messages 0
TRACE StateContext queue 3 messages clear start
TRACE StateContext queue 3 messages clear end
TRACE StateContext queue 3 complete
TRACE StateContext queue 4 000002CDC073C640 start
TRACE StateContext queue 4 messages 0
TRACE StateContext queue 4 messages clear start
TRACE StateContext queue 4 messages clear end
TRACE StateContext queue 4 complete
TRACE StateContext queue 5 000002CDC073C760 start
TRACE StateContext queue 5 messages 0
TRACE StateContext queue 5 messages clear start
TRACE StateContext queue 5 messages clear end
TRACE StateContext queue 5 complete
TRACE StateContext queue 6 000002CDC073C880 start
TRACE StateContext queue 6 messages 0
TRACE StateContext queue 6 messages clear start
TRACE StateContext queue 6 messages clear end
TRACE StateContext queue 6 complete
TRACE StateContext queue 7 000002CDC073C9A0 start
TRACE StateContext queue 7 messages 0
TRACE StateContext queue 7 messages clear start
TRACE StateContext queue 7 messages clear end
TRACE StateContext queue 7 complete
TRACE StateContext queue 8 000002CDC073CAC0 start
TRACE StateContext queue 8 messages 0
TRACE StateContext queue 8 messages clear start
TRACE StateContext queue 8 messages clear end
TRACE StateContext queue 8 complete
TRACE StateContext queue 9 000002CDC073CBE0 start
TRACE StateContext queue 9 messages 0
TRACE StateContext queue 9 messages clear start
TRACE StateContext queue 9 messages clear end
TRACE StateContext queue 9 complete
TRACE StateContext queue 10 000002CDC073CD10 start
TRACE StateContext queue 10 messages 0
TRACE StateContext queue 10 messages clear start
TRACE StateContext queue 10 messages clear end
TRACE StateContext queue 10 complete
TRACE StateContext queue 11 000002CDC073CE30 start
TRACE StateContext queue 11 messages 0
TRACE StateContext queue 11 messages clear start
TRACE StateContext queue 11 messages clear end
TRACE StateContext queue 11 complete
TRACE StateContext queue 12 000002CDC073CF50 start
TRACE StateContext queue 12 messages 0
TRACE StateContext queue 12 messages clear start
TRACE StateContext queue 12 messages clear end
TRACE StateContext queue 12 complete
TRACE StateContext queue 13 000002CDC073D070 start
TRACE StateContext queue 13 messages 0
TRACE StateContext queue 13 messages clear start
TRACE StateContext queue 13 messages clear end
TRACE StateContext queue 13 complete
TRACE StateContext queue 14 000002CDC073D190 start
TRACE StateContext queue 14 messages 0
TRACE StateContext queue 14 messages clear start
TRACE StateContext queue 14 messages clear end
TRACE StateContext queue 14 complete
TRACE StateContext all queues drained
TRACE StateContext states snapshotted 2
TRACE StateContext states cleared
TRACE StateContext queues cleared
TRACE StateContext shared listener cleared
TRACE StateContext unload end 000002CD57C04600
TRACE StateManager remove context begin 000002CD57C046D0
TRACE StateManager context list size 45
TRACE StateManager context erase complete
TRACE StateContext unload start 000002CD57C046D0 state 7
TRACE StateContext queues snapshotted 15
TRACE StateContext queue 0 000002CDC073D2B0 start
TRACE StateContext queue 0 messages 0
TRACE StateContext queue 0 messages clear start
TRACE StateContext queue 0 messages clear end
TRACE StateContext queue 0 complete
TRACE StateContext queue 1 000002CDC073D3D0 start
TRACE StateContext queue 1 messages 0
TRACE StateContext queue 1 messages clear start
TRACE StateContext queue 1 messages clear end
TRACE StateContext queue 1 complete
TRACE StateContext queue 2 000002CDC073D4F0 start
TRACE StateContext queue 2 messages 0
TRACE StateContext queue 2 messages clear start
TRACE StateContext queue 2 messages clear end
TRACE StateContext queue 2 complete
TRACE StateContext queue 3 000002CDC073D610 start
TRACE StateContext queue 3 messages 0
TRACE StateContext queue 3 messages clear start
TRACE StateContext queue 3 messages clear end
TRACE StateContext queue 3 complete
TRACE StateContext queue 4 000002CDC073D730 start
TRACE StateContext queue 4 messages 0
TRACE StateContext queue 4 messages clear start
TRACE StateContext queue 4 messages clear end
TRACE StateContext queue 4 complete
TRACE StateContext queue 5 000002CDC073D850 start
TRACE StateContext queue 5 messages 0
TRACE StateContext queue 5 messages clear start
TRACE StateContext queue 5 messages clear end
TRACE StateContext queue 5 complete
TRACE StateContext queue 6 000002CDC073D970 start
TRACE StateContext queue 6 messages 0
TRACE StateContext queue 6 messages clear start
TRACE StateContext queue 6 messages clear end
TRACE StateContext queue 6 complete
TRACE StateContext queue 7 000002CDC073DA90 start
TRACE StateContext queue 7 messages 0
TRACE StateContext queue 7 messages clear start
TRACE StateContext queue 7 messages clear end
TRACE StateContext queue 7 complete
TRACE StateContext queue 8 000002CDC073DBB0 start
TRACE StateContext queue 8 messages 0
TRACE StateContext queue 8 messages clear start
TRACE StateContext queue 8 messages clear end
TRACE StateContext queue 8 complete
TRACE StateContext queue 9 000002CDC073DCD0 start
TRACE StateContext queue 9 messages 0
TRACE StateContext queue 9 messages clear start
TRACE StateContext queue 9 messages clear end
TRACE StateContext queue 9 complete
TRACE StateContext queue 10 000002CDC073DDF0 start
TRACE StateContext queue 10 messages 0
TRACE StateContext queue 10 messages clear start
TRACE StateContext queue 10 messages clear end
TRACE StateContext queue 10 complete
TRACE StateContext queue 11 000002CDC073DF10 start
TRACE StateContext queue 11 messages 0
TRACE StateContext queue 11 messages clear start
TRACE StateContext queue 11 messages clear end
TRACE StateContext queue 11 complete
TRACE StateContext queue 12 000002CDC073E030 start
TRACE StateContext queue 12 messages 0
TRACE StateContext queue 12 messages clear start
TRACE StateContext queue 12 messages clear end
TRACE StateContext queue 12 complete
TRACE StateContext queue 13 000002CDC073E150 start
TRACE StateContext queue 13 messages 0
TRACE StateContext queue 13 messages clear start
TRACE StateContext queue 13 messages clear end
TRACE StateContext queue 13 complete
TRACE StateContext queue 14 000002CDC073E270 start
TRACE StateContext queue 14 messages 0
TRACE StateContext queue 14 messages clear start
TRACE StateContext queue 14 messages clear end
TRACE StateContext queue 14 complete
TRACE StateContext all queues drained
TRACE StateContext states snapshotted 2
TRACE StateContext states cleared
TRACE StateContext queues cleared
TRACE StateContext shared listener cleared
TRACE StateContext unload end 000002CD57C046D0
TRACE StateManager remove context begin 000002CD57C047A0
TRACE StateManager context list size 44
TRACE StateManager context erase complete
TRACE StateContext unload start 000002CD57C047A0 state 7
TRACE StateContext queues snapshotted 15
TRACE StateContext queue 0 000002CDC073E390 start
TRACE StateContext queue 0 messages 0
TRACE StateContext queue 0 messages clear start
TRACE StateContext queue 0 messages clear end
TRACE StateContext queue 0 complete
TRACE StateContext queue 1 000002CDC073E4B0 start
TRACE StateContext queue 1 messages 0
TRACE StateContext queue 1 messages clear start
TRACE StateContext queue 1 messages clear end
TRACE StateContext queue 1 complete
TRACE StateContext queue 2 000002CDC073E5D0 start
TRACE StateContext queue 2 messages 0
TRACE StateContext queue 2 messages clear start
TRACE StateContext queue 2 messages clear end
TRACE StateContext queue 2 complete
TRACE StateContext queue 3 000002CDC073E6F0 start
TRACE StateContext queue 3 messages 0
TRACE StateContext queue 3 messages clear start
TRACE StateContext queue 3 messages clear end
TRACE StateContext queue 3 complete
TRACE StateContext queue 4 000002CDC073E810 start
TRACE StateContext queue 4 messages 0
TRACE StateContext queue 4 messages clear start
TRACE StateContext queue 4 messages clear end
TRACE StateContext queue 4 complete
TRACE StateContext queue 5 000002CDC073E930 start
TRACE StateContext queue 5 messages 0
TRACE StateContext queue 5 messages clear start
TRACE StateContext queue 5 messages clear end
TRACE StateContext queue 5 complete
TRACE StateContext queue 6 000002CDC073EA50 start
TRACE StateContext queue 6 messages 0
TRACE StateContext queue 6 messages clear start
TRACE StateContext queue 6 messages clear end
TRACE StateContext queue 6 complete
TRACE StateContext queue 7 000002CDC073EB70 start
TRACE StateContext queue 7 messages 0
TRACE StateContext queue 7 messages clear start
TRACE StateContext queue 7 messages clear end
TRACE StateContext queue 7 complete
TRACE StateContext queue 8 000002CDC073EC90 start
TRACE StateContext queue 8 messages 0
TRACE StateContext queue 8 messages clear start
TRACE StateContext queue 8 messages clear end
TRACE StateContext queue 8 complete
TRACE StateContext queue 9 000002CDC073EDB0 start
TRACE StateContext queue 9 messages 0
TRACE StateContext queue 9 messages clear start
TRACE StateContext queue 9 messages clear end
TRACE StateContext queue 9 complete
TRACE StateContext queue 10 000002CDC073EED0 start
TRACE StateContext queue 10 messages 0
TRACE StateContext queue 10 messages clear start
TRACE StateContext queue 10 messages clear end
TRACE StateContext queue 10 complete
TRACE StateContext queue 11 000002CDC073EFF0 start
TRACE StateContext queue 11 messages 0
TRACE StateContext queue 11 messages clear start
TRACE StateContext queue 11 messages clear end
TRACE StateContext queue 11 complete
TRACE StateContext queue 12 000002CDC1DA7CA0 start
TRACE StateContext queue 12 messages 0
TRACE StateContext queue 12 messages clear start
TRACE StateContext queue 12 messages clear end
TRACE StateContext queue 12 complete
TRACE StateContext queue 13 000002CDC1DA7DC0 start
TRACE StateContext queue 13 messages 0
TRACE StateContext queue 13 messages clear start
TRACE StateContext queue 13 messages clear end
TRACE StateContext queue 13 complete
TRACE StateContext queue 14 000002CDC1DA7EE0 start
TRACE StateContext queue 14 messages 0
TRACE StateContext queue 14 messages clear start
TRACE StateContext queue 14 messages clear end
TRACE StateContext queue 14 complete
TRACE StateContext all queues drained
TRACE StateContext states snapshotted 2
TRACE StateContext states cleared
TRACE StateContext queues cleared
TRACE StateContext shared listener cleared
TRACE StateContext unload end 000002CD57C047A0
TRACE StateContext unload start 000002CD57C047A0 state 5
TRACE StateManager remove context begin 000002CD57C04870
TRACE StateManager context list size 43
TRACE StateManager context erase complete
TRACE StateContext unload start 000002CD57C04870 state 7
TRACE StateContext queues snapshotted 15
TRACE StateContext queue 0 000002CDC1DA8000 start
TRACE StateContext queue 0 messages 0
TRACE StateContext queue 0 messages clear start
TRACE StateContext queue 0 messages clear end
TRACE StateContext queue 0 complete
TRACE StateContext queue 1 000002CDC1DA8120 start
TRACE StateContext queue 1 messages 0
TRACE StateContext queue 1 messages clear start
TRACE StateContext queue 1 messages clear end
TRACE StateContext queue 1 complete
TRACE StateContext queue 2 000002CDC1DA8240 start
TRACE StateContext queue 2 messages 0
TRACE StateContext queue 2 messages clear start
TRACE StateContext queue 2 messages clear end
TRACE StateContext queue 2 complete
TRACE StateContext queue 3 000002CDC1DA8360 start
TRACE StateContext queue 3 messages 0
TRACE StateContext queue 3 messages clear start
TRACE StateContext queue 3 messages clear end
TRACE StateContext queue 3 complete
TRACE StateContext queue 4 000002CDC1DA8480 start
TRACE StateContext queue 4 messages 0
TRACE StateContext queue 4 messages clear start
TRACE StateContext queue 4 messages clear end
TRACE StateContext queue 4 complete
TRACE StateContext queue 5 000002CDC1DA85A0 start
TRACE StateContext queue 5 messages 0
TRACE StateContext queue 5 messages clear start
TRACE StateContext queue 5 messages clear end
TRACE StateContext queue 5 complete
TRACE StateContext queue 6 000002CDC1DA86C0 start
TRACE StateContext queue 6 messages 0
TRACE StateContext queue 6 messages clear start
TRACE StateContext queue 6 messages clear end
TRACE StateContext queue 6 complete
TRACE StateContext queue 7 000002CDC1DA87E0 start
TRACE StateContext queue 7 messages 0
TRACE StateContext queue 7 messages clear start
TRACE StateContext queue 7 messages clear end
TRACE StateContext queue 7 complete
TRACE StateContext queue 8 000002CDC1DA8900 start
TRACE StateContext queue 8 messages 0
TRACE StateContext queue 8 messages clear start
TRACE StateContext queue 8 messages clear end
TRACE StateContext queue 8 complete
TRACE StateContext queue 9 000002CDC1DA8A20 start
TRACE StateContext queue 9 messages 0
TRACE StateContext queue 9 messages clear start
TRACE StateContext queue 9 messages clear end
TRACE StateContext queue 9 complete
TRACE StateContext queue 10 000002CDC1DA8B40 start
TRACE StateContext queue 10 messages 0
TRACE StateContext queue 10 messages clear start
TRACE StateContext queue 10 messages clear end
TRACE StateContext queue 10 complete
TRACE StateContext queue 11 000002CDC1DA8C60 start
TRACE StateContext queue 11 messages 0
TRACE StateContext queue 11 messages clear start
TRACE StateContext queue 11 messages clear end
TRACE StateContext queue 11 complete
TRACE StateContext queue 12 000002CDC1DA8D80 start
TRACE StateContext queue 12 messages 0
TRACE StateContext queue 12 messages clear start
TRACE StateContext queue 12 messages clear end
TRACE StateContext queue 12 complete
TRACE StateContext queue 13 000002CDC1DA8EA0 start
TRACE StateContext queue 13 messages 0
TRACE StateContext queue 13 messages clear start
TRACE StateContext queue 13 messages clear end
TRACE StateContext queue 13 complete
TRACE StateContext queue 14 000002CDC1DA8FC0 start
TRACE StateContext queue 14 messages 0
TRACE StateContext queue 14 messages clear start
TRACE StateContext queue 14 messages clear end
TRACE StateContext queue 14 complete
TRACE StateContext all queues drained
TRACE StateContext states snapshotted 2
TRACE StateContext states cleared
TRACE StateContext queues cleared
TRACE StateContext shared listener cleared
TRACE StateContext unload end 000002CD57C04870
TRACE StateContext unload start 000002CD57C04870 state 5
TRACE StateManager remove context begin 000002CD57C04940
TRACE StateManager context list size 42
TRACE StateManager context erase complete
TRACE StateContext unload start 000002CD57C04940 state 7
TRACE StateContext queues snapshotted 15
TRACE StateContext queue 0 000002CDC1DA90E0 start
TRACE StateContext queue 0 messages 0
TRACE StateContext queue 0 messages clear start
TRACE StateContext queue 0 messages clear end
TRACE StateContext queue 0 complete
TRACE StateContext queue 1 000002CDC1DA9200 start
TRACE StateContext queue 1 messages 0
TRACE StateContext queue 1 messages clear start
TRACE StateContext queue 1 messages clear end
TRACE StateContext queue 1 complete
TRACE StateContext queue 2 000002CDC1DA9320 start
TRACE StateContext queue 2 messages 0
TRACE StateContext queue 2 messages clear start
TRACE StateContext queue 2 messages clear end
TRACE StateContext queue 2 complete
TRACE StateContext queue 3 000002CDC1DA9440 start
TRACE StateContext queue 3 messages 0
TRACE StateContext queue 3 messages clear start
TRACE StateContext queue 3 messages clear end
TRACE StateContext queue 3 complete
TRACE StateContext queue 4 000002CDC1DA9560 start
TRACE StateContext queue 4 messages 0
TRACE StateContext queue 4 messages clear start
TRACE StateContext queue 4 messages clear end
TRACE StateContext queue 4 complete
TRACE StateContext queue 5 000002CDC1DA9680 start
TRACE StateContext queue 5 messages 0
TRACE StateContext queue 5 messages clear start
TRACE StateContext queue 5 messages clear end
TRACE StateContext queue 5 complete
TRACE StateContext queue 6 000002CDC1DA97A0 start
TRACE StateContext queue 6 messages 0
TRACE StateContext queue 6 messages clear start
TRACE StateContext queue 6 messages clear end
TRACE StateContext queue 6 complete
TRACE StateContext queue 7 000002CDC1DA98C0 start
TRACE StateContext queue 7 messages 0
TRACE StateContext queue 7 messages clear start
TRACE StateContext queue 7 messages clear end
TRACE StateContext queue 7 complete
TRACE StateContext queue 8 000002CDC1DA99E0 start
TRACE StateContext queue 8 messages 0
TRACE StateContext queue 8 messages clear start
TRACE StateContext queue 8 messages clear end
TRACE StateContext queue 8 complete
TRACE StateContext queue 9 000002CDC1DA9B00 start
TRACE StateContext queue 9 messages 0
TRACE StateContext queue 9 messages clear start
TRACE StateContext queue 9 messages clear end
TRACE StateContext queue 9 complete
TRACE StateContext queue 10 000002CDC1DA9C20 start
TRACE StateContext queue 10 messages 0
TRACE StateContext queue 10 messages clear start
TRACE StateContext queue 10 messages clear end
TRACE StateContext queue 10 complete
TRACE StateContext queue 11 000002CDC1DA9D40 start
TRACE StateContext queue 11 messages 0
TRACE StateContext queue 11 messages clear start
TRACE StateContext queue 11 messages clear end
TRACE StateContext queue 11 complete
TRACE StateContext queue 12 000002CDC1DA9E60 start
TRACE StateContext queue 12 messages 0
TRACE StateContext queue 12 messages clear start
TRACE StateContext queue 12 messages clear end
TRACE StateContext queue 12 complete
TRACE StateContext queue 13 000002CDC1DA9F80 start
TRACE StateContext queue 13 messages 0
TRACE StateContext queue 13 messages clear start
TRACE StateContext queue 13 messages clear end
TRACE StateContext queue 13 complete
TRACE StateContext queue 14 000002CDC1DAA0B0 start
TRACE StateContext queue 14 messages 0
TRACE StateContext queue 14 messages clear start
TRACE StateContext queue 14 messages clear end
TRACE StateContext queue 14 complete
TRACE StateContext all queues drained
TRACE StateContext states snapshotted 2
TRACE StateContext states cleared
TRACE StateContext queues cleared
TRACE StateContext shared listener cleared
TRACE StateContext unload end 000002CD57C04940
TRACE StateContext unload start 000002CD57C04940 state 5
TRACE ApplicationManager render ui done
TRACE ApplicationManager package manager done
TRACE ApplicationManager network manager done
TRACE ApplicationManager camera manager done
TRACE ApplicationManager video manager done
TRACE ApplicationManager ai manager done
TRACE ApplicationManager mesh loader done
TRACE ApplicationManager input done
TRACE ApplicationManager input device manager done
TRACE ApplicationManager selection manager done
TRACE ApplicationManager database done
TRACE ApplicationManager procedural manager done
TRACE ApplicationManager command manager done
TRACE ApplicationManager resource database done
TRACE ApplicationManager resource manager done
TRACE ApplicationManager process manager done
TRACE ApplicationManager mesh manager done
TRACE ApplicationManager vehicle manager done
TRACE ApplicationManager physics2 manager done
TRACE ApplicationManager sound manager done
Unloading Debug
TRACE StateManager remove context begin 000002CD57AB3640
TRACE StateManager context list size 41
TRACE StateManager context erase complete
TRACE StateContext unload start 000002CD57AB3640 state 7
TRACE StateContext queues snapshotted 15
TRACE StateContext queue 0 000002CD57AA8B10 start
TRACE StateContext queue 0 messages 0
TRACE StateContext queue 0 messages clear start
TRACE StateContext queue 0 messages clear end
TRACE StateContext queue 0 complete
TRACE StateContext queue 1 000002CD57AA8C30 start
TRACE StateContext queue 1 messages 0
TRACE StateContext queue 1 messages clear start
TRACE StateContext queue 1 messages clear end
TRACE StateContext queue 1 complete
TRACE StateContext queue 2 000002CD57AA8D50 start
TRACE StateContext queue 2 messages 0
TRACE StateContext queue 2 messages clear start
TRACE StateContext queue 2 messages clear end
TRACE StateContext queue 2 complete
TRACE StateContext queue 3 000002CD57AA8E70 start
TRACE StateContext queue 3 messages 0
TRACE StateContext queue 3 messages clear start
TRACE StateContext queue 3 messages clear end
TRACE StateContext queue 3 complete
TRACE StateContext queue 4 000002CD57AA8F90 start
TRACE StateContext queue 4 messages 0
TRACE StateContext queue 4 messages clear start
TRACE StateContext queue 4 messages clear end
TRACE StateContext queue 4 complete
TRACE StateContext queue 5 000002CD57AA90B0 start
TRACE StateContext queue 5 messages 0
TRACE StateContext queue 5 messages clear start
TRACE StateContext queue 5 messages clear end
TRACE StateContext queue 5 complete
TRACE StateContext queue 6 000002CD57AA91D0 start
TRACE StateContext queue 6 messages 0
TRACE StateContext queue 6 messages clear start
TRACE StateContext queue 6 messages clear end
TRACE StateContext queue 6 complete
TRACE StateContext queue 7 000002CD57AA92F0 start
TRACE StateContext queue 7 messages 0
TRACE StateContext queue 7 messages clear start
TRACE StateContext queue 7 messages clear end
TRACE StateContext queue 7 complete
TRACE StateContext queue 8 000002CD57AA9410 start
TRACE StateContext queue 8 messages 0
TRACE StateContext queue 8 messages clear start
TRACE StateContext queue 8 messages clear end
TRACE StateContext queue 8 complete
TRACE StateContext queue 9 000002CD57AA9530 start
TRACE StateContext queue 9 messages 0
TRACE StateContext queue 9 messages clear start
TRACE StateContext queue 9 messages clear end
TRACE StateContext queue 9 complete
TRACE StateContext queue 10 000002CD57AA9650 start
TRACE StateContext queue 10 messages 0
TRACE StateContext queue 10 messages clear start
TRACE StateContext queue 10 messages clear end
TRACE StateContext queue 10 complete
TRACE StateContext queue 11 000002CD57AA9770 start
TRACE StateContext queue 11 messages 0
TRACE StateContext queue 11 messages clear start
TRACE StateContext queue 11 messages clear end
TRACE StateContext queue 11 complete
TRACE StateContext queue 12 000002CD57AA9890 start
TRACE StateContext queue 12 messages 0
TRACE StateContext queue 12 messages clear start
TRACE StateContext queue 12 messages clear end
TRACE StateContext queue 12 complete
TRACE StateContext queue 13 000002CD57AA99B0 start
TRACE StateContext queue 13 messages 0
TRACE StateContext queue 13 messages clear start
TRACE StateContext queue 13 messages clear end
TRACE StateContext queue 13 complete
TRACE StateContext queue 14 000002CD57AA9AD0 start
TRACE StateContext queue 14 messages 0
TRACE StateContext queue 14 messages clear start
TRACE StateContext queue 14 messages clear end
TRACE StateContext queue 14 complete
TRACE StateContext all queues drained
TRACE StateContext states snapshotted 0
TRACE StateContext states cleared
TRACE StateContext queues cleared
TRACE StateContext shared listener cleared
TRACE StateContext unload end 000002CD57AB3640
TRACE StateContext unload start 000002CD57AB3640 state 5
GraphicsPipeline: Shutdown complete
GraphicsPipeline: Destructor called
TRACE base GraphicsScene unload start 000002CD5B8E45B0
TRACE base GraphicsScene clear done
TRACE base GraphicsScene state cleanup start
TRACE base GraphicsScene node context 000002CD57AB3980
TRACE base GraphicsScene node listener removed
TRACE StateManager remove context begin 000002CD57AB3980
TRACE StateManager context list size 40
TRACE StateManager context erase complete
TRACE StateContext unload start 000002CD57AB3980 state 7
TRACE StateContext queues snapshotted 15
TRACE StateContext queue 0 000002CD5B8C6C30 start
TRACE StateContext queue 0 messages 0
TRACE StateContext queue 0 messages clear start
TRACE StateContext queue 0 messages clear end
TRACE StateContext queue 0 complete
TRACE StateContext queue 1 000002CD5B8C6D50 start
TRACE StateContext queue 1 messages 0
TRACE StateContext queue 1 messages clear start
TRACE StateContext queue 1 messages clear end
TRACE StateContext queue 1 complete
TRACE StateContext queue 2 000002CD5B8C6E70 start
TRACE StateContext queue 2 messages 0
TRACE StateContext queue 2 messages clear start
TRACE StateContext queue 2 messages clear end
TRACE StateContext queue 2 complete
TRACE StateContext queue 3 000002CD5B8C6F90 start
TRACE StateContext queue 3 messages 0
TRACE StateContext queue 3 messages clear start
TRACE StateContext queue 3 messages clear end
TRACE StateContext queue 3 complete
TRACE StateContext queue 4 000002CD5B8C70B0 start
TRACE StateContext queue 4 messages 0
TRACE StateContext queue 4 messages clear start
TRACE StateContext queue 4 messages clear end
TRACE StateContext queue 4 complete
TRACE StateContext queue 5 000002CD5B8C71D0 start
TRACE StateContext queue 5 messages 0
TRACE StateContext queue 5 messages clear start
TRACE StateContext queue 5 messages clear end
TRACE StateContext queue 5 complete
TRACE StateContext queue 6 000002CD5B8C72F0 start
TRACE StateContext queue 6 messages 0
TRACE StateContext queue 6 messages clear start
TRACE StateContext queue 6 messages clear end
TRACE StateContext queue 6 complete
TRACE StateContext queue 7 000002CD5B8C7410 start
TRACE StateContext queue 7 messages 0
TRACE StateContext queue 7 messages clear start
TRACE StateContext queue 7 messages clear end
TRACE StateContext queue 7 complete
TRACE StateContext queue 8 000002CD5B8C7530 start
TRACE StateContext queue 8 messages 0
TRACE StateContext queue 8 messages clear start
TRACE StateContext queue 8 messages clear end
TRACE StateContext queue 8 complete
TRACE StateContext queue 9 000002CD5B8C7650 start
TRACE StateContext queue 9 messages 0
TRACE StateContext queue 9 messages clear start
TRACE StateContext queue 9 messages clear end
TRACE StateContext queue 9 complete
TRACE StateContext queue 10 000002CD5B8C7770 start
TRACE StateContext queue 10 messages 0
TRACE StateContext queue 10 messages clear start
TRACE StateContext queue 10 messages clear end
TRACE StateContext queue 10 complete
TRACE StateContext queue 11 000002CD5B8C7890 start
TRACE StateContext queue 11 messages 0
TRACE StateContext queue 11 messages clear start
TRACE StateContext queue 11 messages clear end
TRACE StateContext queue 11 complete
TRACE StateContext queue 12 000002CD5B8C79B0 start
TRACE StateContext queue 12 messages 0
TRACE StateContext queue 12 messages clear start
TRACE StateContext queue 12 messages clear end
TRACE StateContext queue 12 complete
TRACE StateContext queue 13 000002CD5B8C7AD0 start
TRACE StateContext queue 13 messages 0
TRACE StateContext queue 13 messages clear start
TRACE StateContext queue 13 messages clear end
TRACE StateContext queue 13 complete
TRACE StateContext queue 14 000002CD5B8C7BF0 start
TRACE StateContext queue 14 messages 0
TRACE StateContext queue 14 messages clear start
TRACE StateContext queue 14 messages clear end
TRACE StateContext queue 14 complete
TRACE StateContext all queues drained
TRACE StateContext states snapshotted 0
TRACE StateContext states cleared
TRACE StateContext queues cleared
TRACE StateContext shared listener cleared
TRACE StateContext unload end 000002CD57AB3980
TRACE base GraphicsScene node context removed
TRACE base GraphicsScene node context owner cleared
TRACE base GraphicsScene scene-node context done
TRACE StateManager remove context begin 000002CD57AB3B20
TRACE StateManager context list size 39
TRACE StateManager context erase complete
TRACE StateContext unload start 000002CD57AB3B20 state 7
TRACE StateContext queues snapshotted 15
TRACE StateContext queue 0 000002CD5B8C8E00 start
TRACE StateContext queue 0 messages 0
TRACE StateContext queue 0 messages clear start
TRACE StateContext queue 0 messages clear end
TRACE StateContext queue 0 complete
TRACE StateContext queue 1 000002CD5B8C8F20 start
TRACE StateContext queue 1 messages 0
TRACE StateContext queue 1 messages clear start
TRACE StateContext queue 1 messages clear end
TRACE StateContext queue 1 complete
TRACE StateContext queue 2 000002CD5B8C9040 start
TRACE StateContext queue 2 messages 0
TRACE StateContext queue 2 messages clear start
TRACE StateContext queue 2 messages clear end
TRACE StateContext queue 2 complete
TRACE StateContext queue 3 000002CD5B8C9160 start
TRACE StateContext queue 3 messages 0
TRACE StateContext queue 3 messages clear start
TRACE StateContext queue 3 messages clear end
TRACE StateContext queue 3 complete
TRACE StateContext queue 4 000002CD5B8C9280 start
TRACE StateContext queue 4 messages 0
TRACE StateContext queue 4 messages clear start
TRACE StateContext queue 4 messages clear end
TRACE StateContext queue 4 complete
TRACE StateContext queue 5 000002CD5B8C93A0 start
TRACE StateContext queue 5 messages 0
TRACE StateContext queue 5 messages clear start
TRACE StateContext queue 5 messages clear end
TRACE StateContext queue 5 complete
TRACE StateContext queue 6 000002CD5B8C94C0 start
TRACE StateContext queue 6 messages 0
TRACE StateContext queue 6 messages clear start
TRACE StateContext queue 6 messages clear end
TRACE StateContext queue 6 complete
TRACE StateContext queue 7 000002CD5B8C95E0 start
TRACE StateContext queue 7 messages 0
TRACE StateContext queue 7 messages clear start
TRACE StateContext queue 7 messages clear end
TRACE StateContext queue 7 complete
TRACE StateContext queue 8 000002CD5B8C9700 start
TRACE StateContext queue 8 messages 0
TRACE StateContext queue 8 messages clear start
TRACE StateContext queue 8 messages clear end
TRACE StateContext queue 8 complete
TRACE StateContext queue 9 000002CD5B8C9820 start
TRACE StateContext queue 9 messages 0
TRACE StateContext queue 9 messages clear start
TRACE StateContext queue 9 messages clear end
TRACE StateContext queue 9 complete
TRACE StateContext queue 10 000002CD5B8C9940 start
TRACE StateContext queue 10 messages 0
TRACE StateContext queue 10 messages clear start
TRACE StateContext queue 10 messages clear end
TRACE StateContext queue 10 complete
TRACE StateContext queue 11 000002CD5B8C9A60 start
TRACE StateContext queue 11 messages 0
TRACE StateContext queue 11 messages clear start
TRACE StateContext queue 11 messages clear end
TRACE StateContext queue 11 complete
TRACE StateContext queue 12 000002CD5B8C9B80 start
TRACE StateContext queue 12 messages 0
TRACE StateContext queue 12 messages clear start
TRACE StateContext queue 12 messages clear end
TRACE StateContext queue 12 complete
TRACE StateContext queue 13 000002CD5B8C9CA0 start
TRACE StateContext queue 13 messages 0
TRACE StateContext queue 13 messages clear start
TRACE StateContext queue 13 messages clear end
TRACE StateContext queue 13 complete
TRACE StateContext queue 14 000002CD5B8C9DC0 start
TRACE StateContext queue 14 messages 0
TRACE StateContext queue 14 messages clear start
TRACE StateContext queue 14 messages clear end
TRACE StateContext queue 14 complete
TRACE StateContext all queues drained
TRACE StateContext states snapshotted 0
TRACE StateContext states cleared
TRACE StateContext queues cleared
TRACE StateContext shared listener cleared
TRACE StateContext unload end 000002CD57AB3B20
TRACE StateManager remove context begin 000002CD57AB3A50
TRACE StateManager context list size 38
TRACE StateManager context erase complete
TRACE StateContext unload start 000002CD57AB3A50 state 7
TRACE StateContext queues snapshotted 15
TRACE StateContext queue 0 000002CD5B8C7D10 start
TRACE StateContext queue 0 messages 0
TRACE StateContext queue 0 messages clear start
TRACE StateContext queue 0 messages clear end
TRACE StateContext queue 0 complete
TRACE StateContext queue 1 000002CD5B8C7E30 start
TRACE StateContext queue 1 messages 0
TRACE StateContext queue 1 messages clear start
TRACE StateContext queue 1 messages clear end
TRACE StateContext queue 1 complete
TRACE StateContext queue 2 000002CD5B8C7F50 start
TRACE StateContext queue 2 messages 0
TRACE StateContext queue 2 messages clear start
TRACE StateContext queue 2 messages clear end
TRACE StateContext queue 2 complete
TRACE StateContext queue 3 000002CD5B8C8070 start
TRACE StateContext queue 3 messages 0
TRACE StateContext queue 3 messages clear start
TRACE StateContext queue 3 messages clear end
TRACE StateContext queue 3 complete
TRACE StateContext queue 4 000002CD5B8C8190 start
TRACE StateContext queue 4 messages 0
TRACE StateContext queue 4 messages clear start
TRACE StateContext queue 4 messages clear end
TRACE StateContext queue 4 complete
TRACE StateContext queue 5 000002CD5B8C82B0 start
TRACE StateContext queue 5 messages 0
TRACE StateContext queue 5 messages clear start
TRACE StateContext queue 5 messages clear end
TRACE StateContext queue 5 complete
TRACE StateContext queue 6 000002CD5B8C83E0 start
TRACE StateContext queue 6 messages 0
TRACE StateContext queue 6 messages clear start
TRACE StateContext queue 6 messages clear end
TRACE StateContext queue 6 complete
TRACE StateContext queue 7 000002CD5B8C8500 start
TRACE StateContext queue 7 messages 0
TRACE StateContext queue 7 messages clear start
TRACE StateContext queue 7 messages clear end
TRACE StateContext queue 7 complete
TRACE StateContext queue 8 000002CD5B8C8620 start
TRACE StateContext queue 8 messages 0
TRACE StateContext queue 8 messages clear start
TRACE StateContext queue 8 messages clear end
TRACE StateContext queue 8 complete
TRACE StateContext queue 9 000002CD5B8C8740 start
TRACE StateContext queue 9 messages 0
TRACE StateContext queue 9 messages clear start
TRACE StateContext queue 9 messages clear end
TRACE StateContext queue 9 complete
TRACE StateContext queue 10 000002CD5B8C8860 start
TRACE StateContext queue 10 messages 0
TRACE StateContext queue 10 messages clear start
TRACE StateContext queue 10 messages clear end
TRACE StateContext queue 10 complete
TRACE StateContext queue 11 000002CD5B8C8980 start
TRACE StateContext queue 11 messages 0
TRACE StateContext queue 11 messages clear start
TRACE StateContext queue 11 messages clear end
TRACE StateContext queue 11 complete
TRACE StateContext queue 12 000002CD5B8C8AA0 start
TRACE StateContext queue 12 messages 0
TRACE StateContext queue 12 messages clear start
TRACE StateContext queue 12 messages clear end
TRACE StateContext queue 12 complete
TRACE StateContext queue 13 000002CD5B8C8BC0 start
TRACE StateContext queue 13 messages 0
TRACE StateContext queue 13 messages clear start
TRACE StateContext queue 13 messages clear end
TRACE StateContext queue 13 complete
TRACE StateContext queue 14 000002CD5B8C8CE0 start
TRACE StateContext queue 14 messages 0
TRACE StateContext queue 14 messages clear start
TRACE StateContext queue 14 messages clear end
TRACE StateContext queue 14 complete
TRACE StateContext all queues drained
TRACE StateContext states snapshotted 0
TRACE StateContext states cleared
TRACE StateContext queues cleared
TRACE StateContext shared listener cleared
TRACE StateContext unload end 000002CD57AB3A50
TRACE StateManager remove context begin 000002CD57AB3BF0
TRACE StateManager context list size 37
TRACE StateManager context erase complete
TRACE StateContext unload start 000002CD57AB3BF0 state 7
TRACE StateContext queues snapshotted 15
TRACE StateContext queue 0 000002CD5B8C9EE0 start
TRACE StateContext queue 0 messages 0
TRACE StateContext queue 0 messages clear start
TRACE StateContext queue 0 messages clear end
TRACE StateContext queue 0 complete
TRACE StateContext queue 1 000002CD5B8CA000 start
TRACE StateContext queue 1 messages 0
TRACE StateContext queue 1 messages clear start
TRACE StateContext queue 1 messages clear end
TRACE StateContext queue 1 complete
TRACE StateContext queue 2 000002CD5B8CA120 start
TRACE StateContext queue 2 messages 0
TRACE StateContext queue 2 messages clear start
TRACE StateContext queue 2 messages clear end
TRACE StateContext queue 2 complete
TRACE StateContext queue 3 000002CD5B8CA240 start
TRACE StateContext queue 3 messages 0
TRACE StateContext queue 3 messages clear start
TRACE StateContext queue 3 messages clear end
TRACE StateContext queue 3 complete
TRACE StateContext queue 4 000002CD5B8CA360 start
TRACE StateContext queue 4 messages 0
TRACE StateContext queue 4 messages clear start
TRACE StateContext queue 4 messages clear end
TRACE StateContext queue 4 complete
TRACE StateContext queue 5 000002CD5B8CA480 start
TRACE StateContext queue 5 messages 0
TRACE StateContext queue 5 messages clear start
TRACE StateContext queue 5 messages clear end
TRACE StateContext queue 5 complete
TRACE StateContext queue 6 000002CD5B8CA5A0 start
TRACE StateContext queue 6 messages 0
TRACE StateContext queue 6 messages clear start
TRACE StateContext queue 6 messages clear end
TRACE StateContext queue 6 complete
TRACE StateContext queue 7 000002CD5B8CA6C0 start
TRACE StateContext queue 7 messages 0
TRACE StateContext queue 7 messages clear start
TRACE StateContext queue 7 messages clear end
TRACE StateContext queue 7 complete
TRACE StateContext queue 8 000002CD5B8CA7F0 start
TRACE StateContext queue 8 messages 0
TRACE StateContext queue 8 messages clear start
TRACE StateContext queue 8 messages clear end
TRACE StateContext queue 8 complete
TRACE StateContext queue 9 000002CD5B8CA910 start
TRACE StateContext queue 9 messages 0
TRACE StateContext queue 9 messages clear start
TRACE StateContext queue 9 messages clear end
TRACE StateContext queue 9 complete
TRACE StateContext queue 10 000002CD5B8CAA30 start
TRACE StateContext queue 10 messages 0
TRACE StateContext queue 10 messages clear start
TRACE StateContext queue 10 messages clear end
TRACE StateContext queue 10 complete
TRACE StateContext queue 11 000002CD5B8CAB50 start
TRACE StateContext queue 11 messages 0
TRACE StateContext queue 11 messages clear start
TRACE StateContext queue 11 messages clear end
TRACE StateContext queue 11 complete
TRACE StateContext queue 12 000002CD5B8CAC70 start
TRACE StateContext queue 12 messages 0
TRACE StateContext queue 12 messages clear start
TRACE StateContext queue 12 messages clear end
TRACE StateContext queue 12 complete
TRACE StateContext queue 13 000002CD5B8CAD90 start
TRACE StateContext queue 13 messages 0
TRACE StateContext queue 13 messages clear start
TRACE StateContext queue 13 messages clear end
TRACE StateContext queue 13 complete
TRACE StateContext queue 14 000002CD5B8CAEB0 start
TRACE StateContext queue 14 messages 0
TRACE StateContext queue 14 messages clear start
TRACE StateContext queue 14 messages clear end
TRACE StateContext queue 14 complete
TRACE StateContext all queues drained
TRACE StateContext states snapshotted 0
TRACE StateContext states cleared
TRACE StateContext queues cleared
TRACE StateContext shared listener cleared
TRACE StateContext unload end 000002CD57AB3BF0
TRACE base GraphicsScene object contexts done
TRACE StateContext unload start 000002CD57AB3B20 state 5
TRACE StateContext unload start 000002CD57AB3A50 state 5
TRACE StateContext unload start 000002CD57AB3BF0 state 5
TRACE StateManager remove context begin 000002CD57AB38B0
TRACE StateManager context list size 36
TRACE StateManager context erase complete
TRACE StateContext unload start 000002CD57AB38B0 state 7
TRACE StateContext queues snapshotted 15
TRACE StateContext queue 0 000002CD59F104F0 start
TRACE StateContext queue 0 messages 0
TRACE StateContext queue 0 messages clear start
TRACE StateContext queue 0 messages clear end
TRACE StateContext queue 0 complete
TRACE StateContext queue 1 000002CD59F10610 start
TRACE StateContext queue 1 messages 0
TRACE StateContext queue 1 messages clear start
TRACE StateContext queue 1 messages clear end
TRACE StateContext queue 1 complete
TRACE StateContext queue 2 000002CD59F10730 start
TRACE StateContext queue 2 messages 0
TRACE StateContext queue 2 messages clear start
TRACE StateContext queue 2 messages clear end
TRACE StateContext queue 2 complete
TRACE StateContext queue 3 000002CD59F10850 start
TRACE StateContext queue 3 messages 0
TRACE StateContext queue 3 messages clear start
TRACE StateContext queue 3 messages clear end
TRACE StateContext queue 3 complete
TRACE StateContext queue 4 000002CD5B8C5FD0 start
TRACE StateContext queue 4 messages 0
TRACE StateContext queue 4 messages clear start
TRACE StateContext queue 4 messages clear end
TRACE StateContext queue 4 complete
TRACE StateContext queue 5 000002CD5B8C60F0 start
TRACE StateContext queue 5 messages 0
TRACE StateContext queue 5 messages clear start
TRACE StateContext queue 5 messages clear end
TRACE StateContext queue 5 complete
TRACE StateContext queue 6 000002CD5B8C6210 start
TRACE StateContext queue 6 messages 0
TRACE StateContext queue 6 messages clear start
TRACE StateContext queue 6 messages clear end
TRACE StateContext queue 6 complete
TRACE StateContext queue 7 000002CD5B8C6330 start
TRACE StateContext queue 7 messages 0
TRACE StateContext queue 7 messages clear start
TRACE StateContext queue 7 messages clear end
TRACE StateContext queue 7 complete
TRACE StateContext queue 8 000002CD5B8C6450 start
TRACE StateContext queue 8 messages 0
TRACE StateContext queue 8 messages clear start
TRACE StateContext queue 8 messages clear end
TRACE StateContext queue 8 complete
TRACE StateContext queue 9 000002CD5B8C6570 start
TRACE StateContext queue 9 messages 0
TRACE StateContext queue 9 messages clear start
TRACE StateContext queue 9 messages clear end
TRACE StateContext queue 9 complete
TRACE StateContext queue 10 000002CD5B8C6690 start
TRACE StateContext queue 10 messages 0
TRACE StateContext queue 10 messages clear start
TRACE StateContext queue 10 messages clear end
TRACE StateContext queue 10 complete
TRACE StateContext queue 11 000002CD5B8C67B0 start
TRACE StateContext queue 11 messages 0
TRACE StateContext queue 11 messages clear start
TRACE StateContext queue 11 messages clear end
TRACE StateContext queue 11 complete
TRACE StateContext queue 12 000002CD5B8C68D0 start
TRACE StateContext queue 12 messages 0
TRACE StateContext queue 12 messages clear start
TRACE StateContext queue 12 messages clear end
TRACE StateContext queue 12 complete
TRACE StateContext queue 13 000002CD5B8C69F0 start
TRACE StateContext queue 13 messages 0
TRACE StateContext queue 13 messages clear start
TRACE StateContext queue 13 messages clear end
TRACE StateContext queue 13 complete
TRACE StateContext queue 14 000002CD5B8C6B10 start
TRACE StateContext queue 14 messages 0
TRACE StateContext queue 14 messages clear start
TRACE StateContext queue 14 messages clear end
TRACE StateContext queue 14 complete
TRACE StateContext all queues drained
TRACE StateContext states snapshotted 2
TRACE StateContext states cleared
TRACE StateContext queues cleared
TRACE StateContext shared listener cleared
TRACE StateContext unload end 000002CD57AB38B0
TRACE base GraphicsScene unload end
TRACE StateManager remove context begin 000002CD57AB37E0
TRACE StateManager context list size 35
TRACE StateManager context erase complete
TRACE StateContext unload start 000002CD57AB37E0 state 7
TRACE StateContext queues snapshotted 15
TRACE StateContext queue 0 000002CD59F0F410 start
TRACE StateContext queue 0 messages 0
TRACE StateContext queue 0 messages clear start
TRACE StateContext queue 0 messages clear end
TRACE StateContext queue 0 complete
TRACE StateContext queue 1 000002CD59F0F530 start
TRACE StateContext queue 1 messages 0
TRACE StateContext queue 1 messages clear start
TRACE StateContext queue 1 messages clear end
TRACE StateContext queue 1 complete
TRACE StateContext queue 2 000002CD59F0F650 start
TRACE StateContext queue 2 messages 0
TRACE StateContext queue 2 messages clear start
TRACE StateContext queue 2 messages clear end
TRACE StateContext queue 2 complete
TRACE StateContext queue 3 000002CD59F0F770 start
TRACE StateContext queue 3 messages 0
TRACE StateContext queue 3 messages clear start
TRACE StateContext queue 3 messages clear end
TRACE StateContext queue 3 complete
TRACE StateContext queue 4 000002CD59F0F890 start
TRACE StateContext queue 4 messages 0
TRACE StateContext queue 4 messages clear start
TRACE StateContext queue 4 messages clear end
TRACE StateContext queue 4 complete
TRACE StateContext queue 5 000002CD59F0F9B0 start
TRACE StateContext queue 5 messages 0
TRACE StateContext queue 5 messages clear start
TRACE StateContext queue 5 messages clear end
TRACE StateContext queue 5 complete
TRACE StateContext queue 6 000002CD59F0FAD0 start
TRACE StateContext queue 6 messages 0
TRACE StateContext queue 6 messages clear start
TRACE StateContext queue 6 messages clear end
TRACE StateContext queue 6 complete
TRACE StateContext queue 7 000002CD59F0FBF0 start
TRACE StateContext queue 7 messages 0
TRACE StateContext queue 7 messages clear start
TRACE StateContext queue 7 messages clear end
TRACE StateContext queue 7 complete
TRACE StateContext queue 8 000002CD59F0FD10 start
TRACE StateContext queue 8 messages 0
TRACE StateContext queue 8 messages clear start
TRACE StateContext queue 8 messages clear end
TRACE StateContext queue 8 complete
TRACE StateContext queue 9 000002CD59F0FE30 start
TRACE StateContext queue 9 messages 0
TRACE StateContext queue 9 messages clear start
TRACE StateContext queue 9 messages clear end
TRACE StateContext queue 9 complete
TRACE StateContext queue 10 000002CD59F0FF50 start
TRACE StateContext queue 10 messages 0
TRACE StateContext queue 10 messages clear start
TRACE StateContext queue 10 messages clear end
TRACE StateContext queue 10 complete
TRACE StateContext queue 11 000002CD59F10070 start
TRACE StateContext queue 11 messages 0
TRACE StateContext queue 11 messages clear start
TRACE StateContext queue 11 messages clear end
TRACE StateContext queue 11 complete
TRACE StateContext queue 12 000002CD59F10190 start
TRACE StateContext queue 12 messages 0
TRACE StateContext queue 12 messages clear start
TRACE StateContext queue 12 messages clear end
TRACE StateContext queue 12 complete
TRACE StateContext queue 13 000002CD59F102B0 start
TRACE StateContext queue 13 messages 0
TRACE StateContext queue 13 messages clear start
TRACE StateContext queue 13 messages clear end
TRACE StateContext queue 13 complete
TRACE StateContext queue 14 000002CD59F103D0 start
TRACE StateContext queue 14 messages 0
TRACE StateContext queue 14 messages clear start
TRACE StateContext queue 14 messages clear end
TRACE StateContext queue 14 complete
TRACE StateContext all queues drained
TRACE StateContext states snapshotted 2
TRACE StateContext states cleared
TRACE StateContext queues cleared
TRACE StateContext shared listener cleared
TRACE StateContext unload end 000002CD57AB37E0
TRACE StateContext unload start 000002CD57AB37E0 state 5
TRACE StateManager remove context begin 000002CD57AB3710
TRACE StateManager context list size 34
TRACE StateManager context erase complete
TRACE StateContext unload start 000002CD57AB3710 state 7
TRACE StateContext queues snapshotted 15
TRACE StateContext queue 0 000002CD57AA9BF0 start
TRACE StateContext queue 0 messages 0
TRACE StateContext queue 0 messages clear start
TRACE StateContext queue 0 messages clear end
TRACE StateContext queue 0 complete
TRACE StateContext queue 1 000002CD57AA9D10 start
TRACE StateContext queue 1 messages 0
TRACE StateContext queue 1 messages clear start
TRACE StateContext queue 1 messages clear end
TRACE StateContext queue 1 complete
TRACE StateContext queue 2 000002CD59F0E570 start
TRACE StateContext queue 2 messages 0
TRACE StateContext queue 2 messages clear start
TRACE StateContext queue 2 messages clear end
TRACE StateContext queue 2 complete
TRACE StateContext queue 3 000002CD59F0E690 start
TRACE StateContext queue 3 messages 0
TRACE StateContext queue 3 messages clear start
TRACE StateContext queue 3 messages clear end
TRACE StateContext queue 3 complete
TRACE StateContext queue 4 000002CD59F0E7B0 start
TRACE StateContext queue 4 messages 0
TRACE StateContext queue 4 messages clear start
TRACE StateContext queue 4 messages clear end
TRACE StateContext queue 4 complete
TRACE StateContext queue 5 000002CD59F0E8D0 start
TRACE StateContext queue 5 messages 0
TRACE StateContext queue 5 messages clear start
TRACE StateContext queue 5 messages clear end
TRACE StateContext queue 5 complete
TRACE StateContext queue 6 000002CD59F0E9F0 start
TRACE StateContext queue 6 messages 0
TRACE StateContext queue 6 messages clear start
TRACE StateContext queue 6 messages clear end
TRACE StateContext queue 6 complete
TRACE StateContext queue 7 000002CD59F0EB10 start
TRACE StateContext queue 7 messages 0
TRACE StateContext queue 7 messages clear start
TRACE StateContext queue 7 messages clear end
TRACE StateContext queue 7 complete
TRACE StateContext queue 8 000002CD59F0EC30 start
TRACE StateContext queue 8 messages 0
TRACE StateContext queue 8 messages clear start
TRACE StateContext queue 8 messages clear end
TRACE StateContext queue 8 complete
TRACE StateContext queue 9 000002CD59F0ED50 start
TRACE StateContext queue 9 messages 0
TRACE StateContext queue 9 messages clear start
TRACE StateContext queue 9 messages clear end
TRACE StateContext queue 9 complete
TRACE StateContext queue 10 000002CD59F0EE70 start
TRACE StateContext queue 10 messages 0
TRACE StateContext queue 10 messages clear start
TRACE StateContext queue 10 messages clear end
TRACE StateContext queue 10 complete
TRACE StateContext queue 11 000002CD59F0EF90 start
TRACE StateContext queue 11 messages 0
TRACE StateContext queue 11 messages clear start
TRACE StateContext queue 11 messages clear end
TRACE StateContext queue 11 complete
TRACE StateContext queue 12 000002CD59F0F0B0 start
TRACE StateContext queue 12 messages 0
TRACE StateContext queue 12 messages clear start
TRACE StateContext queue 12 messages clear end
TRACE StateContext queue 12 complete
TRACE StateContext queue 13 000002CD59F0F1D0 start
TRACE StateContext queue 13 messages 0
TRACE StateContext queue 13 messages clear start
TRACE StateContext queue 13 messages clear end
TRACE StateContext queue 13 complete
TRACE StateContext queue 14 000002CD59F0F2F0 start
TRACE StateContext queue 14 messages 0
TRACE StateContext queue 14 messages clear start
TRACE StateContext queue 14 messages clear end
TRACE StateContext queue 14 complete
TRACE StateContext all queues drained
TRACE StateContext states snapshotted 0
TRACE StateContext states cleared
TRACE StateContext queues cleared
TRACE StateContext shared listener cleared
TRACE StateContext unload end 000002CD57AB3710
TRACE StateContext unload start 000002CD57AB3710 state 5
TRACE ApplicationManager graphics system done
TRACE StateContext unload start 000002CD57AB3CC0 state 7
TRACE StateContext queues snapshotted 15
TRACE StateContext queue 0 000002CD5B8CAFD0 start
TRACE StateContext queue 0 messages 0
TRACE StateContext queue 0 messages clear start
TRACE StateContext queue 0 messages clear end
TRACE StateContext queue 0 complete
TRACE StateContext queue 1 000002CD5B8CB0F0 start
TRACE StateContext queue 1 messages 0
TRACE StateContext queue 1 messages clear start
TRACE StateContext queue 1 messages clear end
TRACE StateContext queue 1 complete
TRACE StateContext queue 2 000002CD5B8CB210 start
TRACE StateContext queue 2 messages 0
TRACE StateContext queue 2 messages clear start
TRACE StateContext queue 2 messages clear end
TRACE StateContext queue 2 complete
TRACE StateContext queue 3 000002CD5B8CB330 start
TRACE StateContext queue 3 messages 0
TRACE StateContext queue 3 messages clear start
TRACE StateContext queue 3 messages clear end
TRACE StateContext queue 3 complete
TRACE StateContext queue 4 000002CD5B8CB450 start
TRACE StateContext queue 4 messages 0
TRACE StateContext queue 4 messages clear start
TRACE StateContext queue 4 messages clear end
TRACE StateContext queue 4 complete
TRACE StateContext queue 5 000002CD5B8CB570 start
TRACE StateContext queue 5 messages 0
TRACE StateContext queue 5 messages clear start
TRACE StateContext queue 5 messages clear end
TRACE StateContext queue 5 complete
TRACE StateContext queue 6 000002CD5B8CB690 start
TRACE StateContext queue 6 messages 0
TRACE StateContext queue 6 messages clear start
TRACE StateContext queue 6 messages clear end
TRACE StateContext queue 6 complete
TRACE StateContext queue 7 000002CD5B8CB7B0 start
TRACE StateContext queue 7 messages 0
TRACE StateContext queue 7 messages clear start
TRACE StateContext queue 7 messages clear end
TRACE StateContext queue 7 complete
TRACE StateContext queue 8 000002CD5B8CB8D0 start
TRACE StateContext queue 8 messages 0
TRACE StateContext queue 8 messages clear start
TRACE StateContext queue 8 messages clear end
TRACE StateContext queue 8 complete
TRACE StateContext queue 9 000002CD5B8CB9F0 start
TRACE StateContext queue 9 messages 0
TRACE StateContext queue 9 messages clear start
TRACE StateContext queue 9 messages clear end
TRACE StateContext queue 9 complete
TRACE StateContext queue 10 000002CD5B8CBB10 start
TRACE StateContext queue 10 messages 0
TRACE StateContext queue 10 messages clear start
TRACE StateContext queue 10 messages clear end
TRACE StateContext queue 10 complete
TRACE StateContext queue 11 000002CD5B8CBC30 start
TRACE StateContext queue 11 messages 0
TRACE StateContext queue 11 messages clear start
TRACE StateContext queue 11 messages clear end
TRACE StateContext queue 11 complete
TRACE StateContext queue 12 000002CD5B8CBD50 start
TRACE StateContext queue 12 messages 0
TRACE StateContext queue 12 messages clear start
TRACE StateContext queue 12 messages clear end
TRACE StateContext queue 12 complete
TRACE StateContext queue 13 000002CD5B8CBE70 start
TRACE StateContext queue 13 messages 0
TRACE StateContext queue 13 messages clear start
TRACE StateContext queue 13 messages clear end
TRACE StateContext queue 13 complete
TRACE StateContext queue 14 000002CD5B8CBF90 start
TRACE StateContext queue 14 messages 0
TRACE StateContext queue 14 messages clear start
TRACE StateContext queue 14 messages clear end
TRACE StateContext queue 14 complete
TRACE StateContext all queues drained
TRACE StateContext states snapshotted 1
TRACE StateContext states cleared
TRACE StateContext queues cleared
TRACE StateContext shared listener cleared
TRACE StateContext unload end 000002CD57AB3CC0
TRACE StateContext unload start 000002CD57AB3D90 state 7
TRACE StateContext queues snapshotted 15
TRACE StateContext queue 0 000002CD5B8CC0B0 start
TRACE StateContext queue 0 messages 0
TRACE StateContext queue 0 messages clear start
TRACE StateContext queue 0 messages clear end
TRACE StateContext queue 0 complete
TRACE StateContext queue 1 000002CD5B8CC1D0 start
TRACE StateContext queue 1 messages 0
TRACE StateContext queue 1 messages clear start
TRACE StateContext queue 1 messages clear end
TRACE StateContext queue 1 complete
TRACE StateContext queue 2 000002CD5B8CC2F0 start
TRACE StateContext queue 2 messages 0
TRACE StateContext queue 2 messages clear start
TRACE StateContext queue 2 messages clear end
TRACE StateContext queue 2 complete
TRACE StateContext queue 3 000002CD5B8CC410 start
TRACE StateContext queue 3 messages 0
TRACE StateContext queue 3 messages clear start
TRACE StateContext queue 3 messages clear end
TRACE StateContext queue 3 complete
TRACE StateContext queue 4 000002CD5B8CC530 start
TRACE StateContext queue 4 messages 0
TRACE StateContext queue 4 messages clear start
TRACE StateContext queue 4 messages clear end
TRACE StateContext queue 4 complete
TRACE StateContext queue 5 000002CD5B8CC650 start
TRACE StateContext queue 5 messages 0
TRACE StateContext queue 5 messages clear start
TRACE StateContext queue 5 messages clear end
TRACE StateContext queue 5 complete
TRACE StateContext queue 6 000002CD5B8CC770 start
TRACE StateContext queue 6 messages 0
TRACE StateContext queue 6 messages clear start
TRACE StateContext queue 6 messages clear end
TRACE StateContext queue 6 complete
TRACE StateContext queue 7 000002CD5B8CC890 start
TRACE StateContext queue 7 messages 0
TRACE StateContext queue 7 messages clear start
TRACE StateContext queue 7 messages clear end
TRACE StateContext queue 7 complete
TRACE StateContext queue 8 000002CD5B8CC9B0 start
TRACE StateContext queue 8 messages 0
TRACE StateContext queue 8 messages clear start
TRACE StateContext queue 8 messages clear end
TRACE StateContext queue 8 complete
TRACE StateContext queue 9 000002CD5B8CCAD0 start
TRACE StateContext queue 9 messages 0
TRACE StateContext queue 9 messages clear start
TRACE StateContext queue 9 messages clear end
TRACE StateContext queue 9 complete
TRACE StateContext queue 10 000002CD5BDC56C0 start
TRACE StateContext queue 10 messages 0
TRACE StateContext queue 10 messages clear start
TRACE StateContext queue 10 messages clear end
TRACE StateContext queue 10 complete
TRACE StateContext queue 11 000002CD5BDC57E0 start
TRACE StateContext queue 11 messages 0
TRACE StateContext queue 11 messages clear start
TRACE StateContext queue 11 messages clear end
TRACE StateContext queue 11 complete
TRACE StateContext queue 12 000002CD5BDC5900 start
TRACE StateContext queue 12 messages 0
TRACE StateContext queue 12 messages clear start
TRACE StateContext queue 12 messages clear end
TRACE StateContext queue 12 complete
TRACE StateContext queue 13 000002CD5BDC5A20 start
TRACE StateContext queue 13 messages 0
TRACE StateContext queue 13 messages clear start
TRACE StateContext queue 13 messages clear end
TRACE StateContext queue 13 complete
TRACE StateContext queue 14 000002CD5BDC5B40 start
TRACE StateContext queue 14 messages 0
TRACE StateContext queue 14 messages clear start
TRACE StateContext queue 14 messages clear end
TRACE StateContext queue 14 complete
TRACE StateContext all queues drained
TRACE StateContext states snapshotted 1
TRACE StateContext states cleared
TRACE StateContext queues cleared
TRACE StateContext shared listener cleared
TRACE StateContext unload end 000002CD57AB3D90
TRACE StateContext unload start 000002CD57AB3E60 state 7
TRACE StateContext queues snapshotted 15
TRACE StateContext queue 0 000002CD5BDC5C60 start
TRACE StateContext queue 0 messages 0
TRACE StateContext queue 0 messages clear start
TRACE StateContext queue 0 messages clear end
TRACE StateContext queue 0 complete
TRACE StateContext queue 1 000002CD5BDC5D80 start
TRACE StateContext queue 1 messages 0
TRACE StateContext queue 1 messages clear start
TRACE StateContext queue 1 messages clear end
TRACE StateContext queue 1 complete
TRACE StateContext queue 2 000002CD5BDC5EA0 start
TRACE StateContext queue 2 messages 0
TRACE StateContext queue 2 messages clear start
TRACE StateContext queue 2 messages clear end
TRACE StateContext queue 2 complete
TRACE StateContext queue 3 000002CD5BDC5FC0 start
TRACE StateContext queue 3 messages 0
TRACE StateContext queue 3 messages clear start
TRACE StateContext queue 3 messages clear end
TRACE StateContext queue 3 complete
TRACE StateContext queue 4 000002CD5BDC60E0 start
TRACE StateContext queue 4 messages 0
TRACE StateContext queue 4 messages clear start
TRACE StateContext queue 4 messages clear end
TRACE StateContext queue 4 complete
TRACE StateContext queue 5 000002CD5BDC6200 start
TRACE StateContext queue 5 messages 0
TRACE StateContext queue 5 messages clear start
TRACE StateContext queue 5 messages clear end
TRACE StateContext queue 5 complete
TRACE StateContext queue 6 000002CD5BDC6320 start
TRACE StateContext queue 6 messages 0
TRACE StateContext queue 6 messages clear start
TRACE StateContext queue 6 messages clear end
TRACE StateContext queue 6 complete
TRACE StateContext queue 7 000002CD5BDC6440 start
TRACE StateContext queue 7 messages 0
TRACE StateContext queue 7 messages clear start
TRACE StateContext queue 7 messages clear end
TRACE StateContext queue 7 complete
TRACE StateContext queue 8 000002CD5BDC6560 start
TRACE StateContext queue 8 messages 0
TRACE StateContext queue 8 messages clear start
TRACE StateContext queue 8 messages clear end
TRACE StateContext queue 8 complete
TRACE StateContext queue 9 000002CD5BDC6680 start
TRACE StateContext queue 9 messages 0
TRACE StateContext queue 9 messages clear start
TRACE StateContext queue 9 messages clear end
TRACE StateContext queue 9 complete
TRACE StateContext queue 10 000002CD5BDC67A0 start
TRACE StateContext queue 10 messages 0
TRACE StateContext queue 10 messages clear start
TRACE StateContext queue 10 messages clear end
TRACE StateContext queue 10 complete
TRACE StateContext queue 11 000002CD5BDC68C0 start
TRACE StateContext queue 11 messages 0
TRACE StateContext queue 11 messages clear start
TRACE StateContext queue 11 messages clear end
TRACE StateContext queue 11 complete
TRACE StateContext queue 12 000002CD5BDC69E0 start
TRACE StateContext queue 12 messages 0
TRACE StateContext queue 12 messages clear start
TRACE StateContext queue 12 messages clear end
TRACE StateContext queue 12 complete
TRACE StateContext queue 13 000002CD5BDC6B00 start
TRACE StateContext queue 13 messages 0
TRACE StateContext queue 13 messages clear start
TRACE StateContext queue 13 messages clear end
TRACE StateContext queue 13 complete
TRACE StateContext queue 14 000002CD5BDC6C20 start
TRACE StateContext queue 14 messages 0
TRACE StateContext queue 14 messages clear start
TRACE StateContext queue 14 messages clear end
TRACE StateContext queue 14 complete
TRACE StateContext all queues drained
TRACE StateContext states snapshotted 1
TRACE StateContext states cleared
TRACE StateContext queues cleared
TRACE StateContext shared listener cleared
TRACE StateContext unload end 000002CD57AB3E60
TRACE StateContext unload start 000002CD57AB3F30 state 7
TRACE StateContext queues snapshotted 15
TRACE StateContext queue 0 000002CD5BDC6D40 start
TRACE StateContext queue 0 messages 0
TRACE StateContext queue 0 messages clear start
TRACE StateContext queue 0 messages clear end
TRACE StateContext queue 0 complete
TRACE StateContext queue 1 000002CD5BDC6E60 start
TRACE StateContext queue 1 messages 0
TRACE StateContext queue 1 messages clear start
TRACE StateContext queue 1 messages clear end
TRACE StateContext queue 1 complete
TRACE StateContext queue 2 000002CD5BDC6F80 start
TRACE StateContext queue 2 messages 0
TRACE StateContext queue 2 messages clear start
TRACE StateContext queue 2 messages clear end
TRACE StateContext queue 2 complete
TRACE StateContext queue 3 000002CD5BDC70A0 start
TRACE StateContext queue 3 messages 0
TRACE StateContext queue 3 messages clear start
TRACE StateContext queue 3 messages clear end
TRACE StateContext queue 3 complete
TRACE StateContext queue 4 000002CD5BDC71C0 start
TRACE StateContext queue 4 messages 0
TRACE StateContext queue 4 messages clear start
TRACE StateContext queue 4 messages clear end
TRACE StateContext queue 4 complete
TRACE StateContext queue 5 000002CD5BDC72E0 start
TRACE StateContext queue 5 messages 0
TRACE StateContext queue 5 messages clear start
TRACE StateContext queue 5 messages clear end
TRACE StateContext queue 5 complete
TRACE StateContext queue 6 000002CD5BDC7400 start
TRACE StateContext queue 6 messages 0
TRACE StateContext queue 6 messages clear start
TRACE StateContext queue 6 messages clear end
TRACE StateContext queue 6 complete
TRACE StateContext queue 7 000002CD5BDC7520 start
TRACE StateContext queue 7 messages 0
TRACE StateContext queue 7 messages clear start
TRACE StateContext queue 7 messages clear end
TRACE StateContext queue 7 complete
TRACE StateContext queue 8 000002CD5BDC7640 start
TRACE StateContext queue 8 messages 0
TRACE StateContext queue 8 messages clear start
TRACE StateContext queue 8 messages clear end
TRACE StateContext queue 8 complete
TRACE StateContext queue 9 000002CD5BDC7760 start
TRACE StateContext queue 9 messages 0
TRACE StateContext queue 9 messages clear start
TRACE StateContext queue 9 messages clear end
TRACE StateContext queue 9 complete
TRACE StateContext queue 10 000002CD5BDC7880 start
TRACE StateContext queue 10 messages 0
TRACE StateContext queue 10 messages clear start
TRACE StateContext queue 10 messages clear end
TRACE StateContext queue 10 complete
TRACE StateContext queue 11 000002CD5BDC79A0 start
TRACE StateContext queue 11 messages 0
TRACE StateContext queue 11 messages clear start
TRACE StateContext queue 11 messages clear end
TRACE StateContext queue 11 complete
TRACE StateContext queue 12 000002CDC03D1A70 start
TRACE StateContext queue 12 messages 0
TRACE StateContext queue 12 messages clear start
TRACE StateContext queue 12 messages clear end
TRACE StateContext queue 12 complete
TRACE StateContext queue 13 000002CDC03D1B90 start
TRACE StateContext queue 13 messages 0
TRACE StateContext queue 13 messages clear start
TRACE StateContext queue 13 messages clear end
TRACE StateContext queue 13 complete
TRACE StateContext queue 14 000002CDC03D1CB0 start
TRACE StateContext queue 14 messages 0
TRACE StateContext queue 14 messages clear start
TRACE StateContext queue 14 messages clear end
TRACE StateContext queue 14 complete
TRACE StateContext all queues drained
TRACE StateContext states snapshotted 1
TRACE StateContext states cleared
TRACE StateContext queues cleared
TRACE StateContext shared listener cleared
TRACE StateContext unload end 000002CD57AB3F30
TRACE StateContext unload start 000002CD57AB4000 state 7
TRACE StateContext queues snapshotted 15
TRACE StateContext queue 0 000002CDC03D1DD0 start
TRACE StateContext queue 0 messages 0
TRACE StateContext queue 0 messages clear start
TRACE StateContext queue 0 messages clear end
TRACE StateContext queue 0 complete
TRACE StateContext queue 1 000002CDC03D1EF0 start
TRACE StateContext queue 1 messages 0
TRACE StateContext queue 1 messages clear start
TRACE StateContext queue 1 messages clear end
TRACE StateContext queue 1 complete
TRACE StateContext queue 2 000002CDC03D2010 start
TRACE StateContext queue 2 messages 0
TRACE StateContext queue 2 messages clear start
TRACE StateContext queue 2 messages clear end
TRACE StateContext queue 2 complete
TRACE StateContext queue 3 000002CDC03D2130 start
TRACE StateContext queue 3 messages 0
TRACE StateContext queue 3 messages clear start
TRACE StateContext queue 3 messages clear end
TRACE StateContext queue 3 complete
TRACE StateContext queue 4 000002CDC03D2250 start
TRACE StateContext queue 4 messages 0
TRACE StateContext queue 4 messages clear start
TRACE StateContext queue 4 messages clear end
TRACE StateContext queue 4 complete
TRACE StateContext queue 5 000002CDC03D2370 start
TRACE StateContext queue 5 messages 0
TRACE StateContext queue 5 messages clear start
TRACE StateContext queue 5 messages clear end
TRACE StateContext queue 5 complete
TRACE StateContext queue 6 000002CDC03D2490 start
TRACE StateContext queue 6 messages 0
TRACE StateContext queue 6 messages clear start
TRACE StateContext queue 6 messages clear end
TRACE StateContext queue 6 complete
TRACE StateContext queue 7 000002CDC03D25B0 start
TRACE StateContext queue 7 messages 0
TRACE StateContext queue 7 messages clear start
TRACE StateContext queue 7 messages clear end
TRACE StateContext queue 7 complete
TRACE StateContext queue 8 000002CDC03D26D0 start
TRACE StateContext queue 8 messages 0
TRACE StateContext queue 8 messages clear start
TRACE StateContext queue 8 messages clear end
TRACE StateContext queue 8 complete
TRACE StateContext queue 9 000002CDC03D27F0 start
TRACE StateContext queue 9 messages 0
TRACE StateContext queue 9 messages clear start
TRACE StateContext queue 9 messages clear end
TRACE StateContext queue 9 complete
TRACE StateContext queue 10 000002CDC03D2910 start
TRACE StateContext queue 10 messages 0
TRACE StateContext queue 10 messages clear start
TRACE StateContext queue 10 messages clear end
TRACE StateContext queue 10 complete
TRACE StateContext queue 11 000002CDC03D2A30 start
TRACE StateContext queue 11 messages 0
TRACE StateContext queue 11 messages clear start
TRACE StateContext queue 11 messages clear end
TRACE StateContext queue 11 complete
TRACE StateContext queue 12 000002CDC03D2B50 start
TRACE StateContext queue 12 messages 0
TRACE StateContext queue 12 messages clear start
TRACE StateContext queue 12 messages clear end
TRACE StateContext queue 12 complete
TRACE StateContext queue 13 000002CDC03D2C70 start
TRACE StateContext queue 13 messages 0
TRACE StateContext queue 13 messages clear start
TRACE StateContext queue 13 messages clear end
TRACE StateContext queue 13 complete
TRACE StateContext queue 14 000002CDC03D2D90 start
TRACE StateContext queue 14 messages 0
TRACE StateContext queue 14 messages clear start
TRACE StateContext queue 14 messages clear end
TRACE StateContext queue 14 complete
TRACE StateContext all queues drained
TRACE StateContext states snapshotted 1
TRACE StateContext states cleared
TRACE StateContext queues cleared
TRACE StateContext shared listener cleared
TRACE StateContext unload end 000002CD57AB4000
TRACE StateContext unload start 000002CD57AB40D0 state 7
TRACE StateContext queues snapshotted 15
TRACE StateContext queue 0 000002CDC03D2EB0 start
TRACE StateContext queue 0 messages 0
TRACE StateContext queue 0 messages clear start
TRACE StateContext queue 0 messages clear end
TRACE StateContext queue 0 complete
TRACE StateContext queue 1 000002CDC03D2FD0 start
TRACE StateContext queue 1 messages 0
TRACE StateContext queue 1 messages clear start
TRACE StateContext queue 1 messages clear end
TRACE StateContext queue 1 complete
TRACE StateContext queue 2 000002CDC03D30F0 start
TRACE StateContext queue 2 messages 0
TRACE StateContext queue 2 messages clear start
TRACE StateContext queue 2 messages clear end
TRACE StateContext queue 2 complete
TRACE StateContext queue 3 000002CDC03D3210 start
TRACE StateContext queue 3 messages 0
TRACE StateContext queue 3 messages clear start
TRACE StateContext queue 3 messages clear end
TRACE StateContext queue 3 complete
TRACE StateContext queue 4 000002CDC03D3330 start
TRACE StateContext queue 4 messages 0
TRACE StateContext queue 4 messages clear start
TRACE StateContext queue 4 messages clear end
TRACE StateContext queue 4 complete
TRACE StateContext queue 5 000002CDC03D3450 start
TRACE StateContext queue 5 messages 0
TRACE StateContext queue 5 messages clear start
TRACE StateContext queue 5 messages clear end
TRACE StateContext queue 5 complete
TRACE StateContext queue 6 000002CDC03D3570 start
TRACE StateContext queue 6 messages 0
TRACE StateContext queue 6 messages clear start
TRACE StateContext queue 6 messages clear end
TRACE StateContext queue 6 complete
TRACE StateContext queue 7 000002CDC03D3690 start
TRACE StateContext queue 7 messages 0
TRACE StateContext queue 7 messages clear start
TRACE StateContext queue 7 messages clear end
TRACE StateContext queue 7 complete
TRACE StateContext queue 8 000002CDC03D37B0 start
TRACE StateContext queue 8 messages 0
TRACE StateContext queue 8 messages clear start
TRACE StateContext queue 8 messages clear end
TRACE StateContext queue 8 complete
TRACE StateContext queue 9 000002CDC03D38D0 start
TRACE StateContext queue 9 messages 0
TRACE StateContext queue 9 messages clear start
TRACE StateContext queue 9 messages clear end
TRACE StateContext queue 9 complete
TRACE StateContext queue 10 000002CDC03D39F0 start
TRACE StateContext queue 10 messages 0
TRACE StateContext queue 10 messages clear start
TRACE StateContext queue 10 messages clear end
TRACE StateContext queue 10 complete
TRACE StateContext queue 11 000002CDC03D3B10 start
TRACE StateContext queue 11 messages 0
TRACE StateContext queue 11 messages clear start
TRACE StateContext queue 11 messages clear end
TRACE StateContext queue 11 complete
TRACE StateContext queue 12 000002CDC03D3C30 start
TRACE StateContext queue 12 messages 0
TRACE StateContext queue 12 messages clear start
TRACE StateContext queue 12 messages clear end
TRACE StateContext queue 12 complete
TRACE StateContext queue 13 000002CDC03D3D50 start
TRACE StateContext queue 13 messages 0
TRACE StateContext queue 13 messages clear start
TRACE StateContext queue 13 messages clear end
TRACE StateContext queue 13 complete
TRACE StateContext queue 14 000002CDC03DE730 start
TRACE StateContext queue 14 messages 0
TRACE StateContext queue 14 messages clear start
TRACE StateContext queue 14 messages clear end
TRACE StateContext queue 14 complete
TRACE StateContext all queues drained
TRACE StateContext states snapshotted 1
TRACE StateContext states cleared
TRACE StateContext queues cleared
TRACE StateContext shared listener cleared
TRACE StateContext unload end 000002CD57AB40D0
TRACE StateContext unload start 000002CD57AB41A0 state 7
TRACE StateContext queues snapshotted 15
TRACE StateContext queue 0 000002CDC03DE850 start
TRACE StateContext queue 0 messages 0
TRACE StateContext queue 0 messages clear start
TRACE StateContext queue 0 messages clear end
TRACE StateContext queue 0 complete
TRACE StateContext queue 1 000002CDC03DE970 start
TRACE StateContext queue 1 messages 0
TRACE StateContext queue 1 messages clear start
TRACE StateContext queue 1 messages clear end
TRACE StateContext queue 1 complete
TRACE StateContext queue 2 000002CDC03DEA90 start
TRACE StateContext queue 2 messages 0
TRACE StateContext queue 2 messages clear start
TRACE StateContext queue 2 messages clear end
TRACE StateContext queue 2 complete
TRACE StateContext queue 3 000002CDC03DEBB0 start
TRACE StateContext queue 3 messages 0
TRACE StateContext queue 3 messages clear start
TRACE StateContext queue 3 messages clear end
TRACE StateContext queue 3 complete
TRACE StateContext queue 4 000002CDC03DECD0 start
TRACE StateContext queue 4 messages 0
TRACE StateContext queue 4 messages clear start
TRACE StateContext queue 4 messages clear end
TRACE StateContext queue 4 complete
TRACE StateContext queue 5 000002CDC03DEDF0 start
TRACE StateContext queue 5 messages 0
TRACE StateContext queue 5 messages clear start
TRACE StateContext queue 5 messages clear end
TRACE StateContext queue 5 complete
TRACE StateContext queue 6 000002CDC03DEF10 start
TRACE StateContext queue 6 messages 0
TRACE StateContext queue 6 messages clear start
TRACE StateContext queue 6 messages clear end
TRACE StateContext queue 6 complete
TRACE StateContext queue 7 000002CDC03DF030 start
TRACE StateContext queue 7 messages 0
TRACE StateContext queue 7 messages clear start
TRACE StateContext queue 7 messages clear end
TRACE StateContext queue 7 complete
TRACE StateContext queue 8 000002CDC03DF150 start
TRACE StateContext queue 8 messages 0
TRACE StateContext queue 8 messages clear start
TRACE StateContext queue 8 messages clear end
TRACE StateContext queue 8 complete
TRACE StateContext queue 9 000002CDC03DF270 start
TRACE StateContext queue 9 messages 0
TRACE StateContext queue 9 messages clear start
TRACE StateContext queue 9 messages clear end
TRACE StateContext queue 9 complete
TRACE StateContext queue 10 000002CDC03DF390 start
TRACE StateContext queue 10 messages 0
TRACE StateContext queue 10 messages clear start
TRACE StateContext queue 10 messages clear end
TRACE StateContext queue 10 complete
TRACE StateContext queue 11 000002CDC03DF4B0 start
TRACE StateContext queue 11 messages 0
TRACE StateContext queue 11 messages clear start
TRACE StateContext queue 11 messages clear end
TRACE StateContext queue 11 complete
TRACE StateContext queue 12 000002CDC03DF5D0 start
TRACE StateContext queue 12 messages 0
TRACE StateContext queue 12 messages clear start
TRACE StateContext queue 12 messages clear end
TRACE StateContext queue 12 complete
TRACE StateContext queue 13 000002CDC03DF6F0 start
TRACE StateContext queue 13 messages 0
TRACE StateContext queue 13 messages clear start
TRACE StateContext queue 13 messages clear end
TRACE StateContext queue 13 complete
TRACE StateContext queue 14 000002CDC03DF810 start
TRACE StateContext queue 14 messages 0
TRACE StateContext queue 14 messages clear start
TRACE StateContext queue 14 messages clear end
TRACE StateContext queue 14 complete
TRACE StateContext all queues drained
TRACE StateContext states snapshotted 1
TRACE StateContext states cleared
TRACE StateContext queues cleared
TRACE StateContext shared listener cleared
TRACE StateContext unload end 000002CD57AB41A0
TRACE StateContext unload start 000002CD57AB4270 state 7
TRACE StateContext queues snapshotted 15
TRACE StateContext queue 0 000002CDC03DF930 start
TRACE StateContext queue 0 messages 0
TRACE StateContext queue 0 messages clear start
TRACE StateContext queue 0 messages clear end
TRACE StateContext queue 0 complete
TRACE StateContext queue 1 000002CDC03DFA50 start
TRACE StateContext queue 1 messages 0
TRACE StateContext queue 1 messages clear start
TRACE StateContext queue 1 messages clear end
TRACE StateContext queue 1 complete
TRACE StateContext queue 2 000002CDC03DFB70 start
TRACE StateContext queue 2 messages 0
TRACE StateContext queue 2 messages clear start
TRACE StateContext queue 2 messages clear end
TRACE StateContext queue 2 complete
TRACE StateContext queue 3 000002CDC03DFC90 start
TRACE StateContext queue 3 messages 0
TRACE StateContext queue 3 messages clear start
TRACE StateContext queue 3 messages clear end
TRACE StateContext queue 3 complete
TRACE StateContext queue 4 000002CDC03DFDB0 start
TRACE StateContext queue 4 messages 0
TRACE StateContext queue 4 messages clear start
TRACE StateContext queue 4 messages clear end
TRACE StateContext queue 4 complete
TRACE StateContext queue 5 000002CDC03DFED0 start
TRACE StateContext queue 5 messages 0
TRACE StateContext queue 5 messages clear start
TRACE StateContext queue 5 messages clear end
TRACE StateContext queue 5 complete
TRACE StateContext queue 6 000002CDC03DFFF0 start
TRACE StateContext queue 6 messages 0
TRACE StateContext queue 6 messages clear start
TRACE StateContext queue 6 messages clear end
TRACE StateContext queue 6 complete
TRACE StateContext queue 7 000002CDC03E0110 start
TRACE StateContext queue 7 messages 0
TRACE StateContext queue 7 messages clear start
TRACE StateContext queue 7 messages clear end
TRACE StateContext queue 7 complete
TRACE StateContext queue 8 000002CDC03E0230 start
TRACE StateContext queue 8 messages 0
TRACE StateContext queue 8 messages clear start
TRACE StateContext queue 8 messages clear end
TRACE StateContext queue 8 complete
TRACE StateContext queue 9 000002CDC03E0350 start
TRACE StateContext queue 9 messages 0
TRACE StateContext queue 9 messages clear start
TRACE StateContext queue 9 messages clear end
TRACE StateContext queue 9 complete
TRACE StateContext queue 10 000002CDC03E0470 start
TRACE StateContext queue 10 messages 0
TRACE StateContext queue 10 messages clear start
TRACE StateContext queue 10 messages clear end
TRACE StateContext queue 10 complete
TRACE StateContext queue 11 000002CDC03E0590 start
TRACE StateContext queue 11 messages 0
TRACE StateContext queue 11 messages clear start
TRACE StateContext queue 11 messages clear end
TRACE StateContext queue 11 complete
TRACE StateContext queue 12 000002CDC03E06B0 start
TRACE StateContext queue 12 messages 0
TRACE StateContext queue 12 messages clear start
TRACE StateContext queue 12 messages clear end
TRACE StateContext queue 12 complete
TRACE StateContext queue 13 000002CDC03E07D0 start
TRACE StateContext queue 13 messages 0
TRACE StateContext queue 13 messages clear start
TRACE StateContext queue 13 messages clear end
TRACE StateContext queue 13 complete
TRACE StateContext queue 14 000002CDC03E08F0 start
TRACE StateContext queue 14 messages 0
TRACE StateContext queue 14 messages clear start
TRACE StateContext queue 14 messages clear end
TRACE StateContext queue 14 complete
TRACE StateContext all queues drained
TRACE StateContext states snapshotted 1
TRACE StateContext states cleared
TRACE StateContext queues cleared
TRACE StateContext shared listener cleared
TRACE StateContext unload end 000002CD57AB4270
TRACE StateContext unload start 000002CD57AB4340 state 7
TRACE StateContext queues snapshotted 15
TRACE StateContext queue 0 000002CDC03E0A10 start
TRACE StateContext queue 0 messages 0
TRACE StateContext queue 0 messages clear start
TRACE StateContext queue 0 messages clear end
TRACE StateContext queue 0 complete
TRACE StateContext queue 1 000002CDC03C5510 start
TRACE StateContext queue 1 messages 0
TRACE StateContext queue 1 messages clear start
TRACE StateContext queue 1 messages clear end
TRACE StateContext queue 1 complete
TRACE StateContext queue 2 000002CDC03C5630 start
TRACE StateContext queue 2 messages 0
TRACE StateContext queue 2 messages clear start
TRACE StateContext queue 2 messages clear end
TRACE StateContext queue 2 complete
TRACE StateContext queue 3 000002CDC03C5750 start
TRACE StateContext queue 3 messages 0
TRACE StateContext queue 3 messages clear start
TRACE StateContext queue 3 messages clear end
TRACE StateContext queue 3 complete
TRACE StateContext queue 4 000002CDC03C5870 start
TRACE StateContext queue 4 messages 0
TRACE StateContext queue 4 messages clear start
TRACE StateContext queue 4 messages clear end
TRACE StateContext queue 4 complete
TRACE StateContext queue 5 000002CDC03C5990 start
TRACE StateContext queue 5 messages 0
TRACE StateContext queue 5 messages clear start
TRACE StateContext queue 5 messages clear end
TRACE StateContext queue 5 complete
TRACE StateContext queue 6 000002CDC03C5AB0 start
TRACE StateContext queue 6 messages 0
TRACE StateContext queue 6 messages clear start
TRACE StateContext queue 6 messages clear end
TRACE StateContext queue 6 complete
TRACE StateContext queue 7 000002CDC03C5BD0 start
TRACE StateContext queue 7 messages 0
TRACE StateContext queue 7 messages clear start
TRACE StateContext queue 7 messages clear end
TRACE StateContext queue 7 complete
TRACE StateContext queue 8 000002CDC03C5CF0 start
TRACE StateContext queue 8 messages 0
TRACE StateContext queue 8 messages clear start
TRACE StateContext queue 8 messages clear end
TRACE StateContext queue 8 complete
TRACE StateContext queue 9 000002CDC03C5E10 start
TRACE StateContext queue 9 messages 0
TRACE StateContext queue 9 messages clear start
TRACE StateContext queue 9 messages clear end
TRACE StateContext queue 9 complete
TRACE StateContext queue 10 000002CDC03C5F30 start
TRACE StateContext queue 10 messages 0
TRACE StateContext queue 10 messages clear start
TRACE StateContext queue 10 messages clear end
TRACE StateContext queue 10 complete
TRACE StateContext queue 11 000002CDC03C6050 start
TRACE StateContext queue 11 messages 0
TRACE StateContext queue 11 messages clear start
TRACE StateContext queue 11 messages clear end
TRACE StateContext queue 11 complete
TRACE StateContext queue 12 000002CDC03C6170 start
TRACE StateContext queue 12 messages 0
TRACE StateContext queue 12 messages clear start
TRACE StateContext queue 12 messages clear end
TRACE StateContext queue 12 complete
TRACE StateContext queue 13 000002CDC03C6290 start
TRACE StateContext queue 13 messages 0
TRACE StateContext queue 13 messages clear start
TRACE StateContext queue 13 messages clear end
TRACE StateContext queue 13 complete
TRACE StateContext queue 14 000002CDC03C63B0 start
TRACE StateContext queue 14 messages 0
TRACE StateContext queue 14 messages clear start
TRACE StateContext queue 14 messages clear end
TRACE StateContext queue 14 complete
TRACE StateContext all queues drained
TRACE StateContext states snapshotted 1
TRACE StateContext states cleared
TRACE StateContext queues cleared
TRACE StateContext shared listener cleared
TRACE StateContext unload end 000002CD57AB4340
TRACE StateContext unload start 000002CD57AB4410 state 7
TRACE StateContext queues snapshotted 15
TRACE StateContext queue 0 000002CDC03C64D0 start
TRACE StateContext queue 0 messages 0
TRACE StateContext queue 0 messages clear start
TRACE StateContext queue 0 messages clear end
TRACE StateContext queue 0 complete
TRACE StateContext queue 1 000002CDC03C65F0 start
TRACE StateContext queue 1 messages 0
TRACE StateContext queue 1 messages clear start
TRACE StateContext queue 1 messages clear end
TRACE StateContext queue 1 complete
TRACE StateContext queue 2 000002CDC03C6710 start
TRACE StateContext queue 2 messages 0
TRACE StateContext queue 2 messages clear start
TRACE StateContext queue 2 messages clear end
TRACE StateContext queue 2 complete
TRACE StateContext queue 3 000002CDC03C6830 start
TRACE StateContext queue 3 messages 0
TRACE StateContext queue 3 messages clear start
TRACE StateContext queue 3 messages clear end
TRACE StateContext queue 3 complete
TRACE StateContext queue 4 000002CDC03C6950 start
TRACE StateContext queue 4 messages 0
TRACE StateContext queue 4 messages clear start
TRACE StateContext queue 4 messages clear end
TRACE StateContext queue 4 complete
TRACE StateContext queue 5 000002CDC03C6A70 start
TRACE StateContext queue 5 messages 0
TRACE StateContext queue 5 messages clear start
TRACE StateContext queue 5 messages clear end
TRACE StateContext queue 5 complete
TRACE StateContext queue 6 000002CDC03C6B90 start
TRACE StateContext queue 6 messages 0
TRACE StateContext queue 6 messages clear start
TRACE StateContext queue 6 messages clear end
TRACE StateContext queue 6 complete
TRACE StateContext queue 7 000002CDC03C6CB0 start
TRACE StateContext queue 7 messages 0
TRACE StateContext queue 7 messages clear start
TRACE StateContext queue 7 messages clear end
TRACE StateContext queue 7 complete
TRACE StateContext queue 8 000002CDC03C6DD0 start
TRACE StateContext queue 8 messages 0
TRACE StateContext queue 8 messages clear start
TRACE StateContext queue 8 messages clear end
TRACE StateContext queue 8 complete
TRACE StateContext queue 9 000002CDC03C6EF0 start
TRACE StateContext queue 9 messages 0
TRACE StateContext queue 9 messages clear start
TRACE StateContext queue 9 messages clear end
TRACE StateContext queue 9 complete
TRACE StateContext queue 10 000002CDC03C7010 start
TRACE StateContext queue 10 messages 0
TRACE StateContext queue 10 messages clear start
TRACE StateContext queue 10 messages clear end
TRACE StateContext queue 10 complete
TRACE StateContext queue 11 000002CDC03C7130 start
TRACE StateContext queue 11 messages 0
TRACE StateContext queue 11 messages clear start
TRACE StateContext queue 11 messages clear end
TRACE StateContext queue 11 complete
TRACE StateContext queue 12 000002CDC03C7250 start
TRACE StateContext queue 12 messages 0
TRACE StateContext queue 12 messages clear start
TRACE StateContext queue 12 messages clear end
TRACE StateContext queue 12 complete
TRACE StateContext queue 13 000002CDC03C7370 start
TRACE StateContext queue 13 messages 0
TRACE StateContext queue 13 messages clear start
TRACE StateContext queue 13 messages clear end
TRACE StateContext queue 13 complete
TRACE StateContext queue 14 000002CDC03C7490 start
TRACE StateContext queue 14 messages 0
TRACE StateContext queue 14 messages clear start
TRACE StateContext queue 14 messages clear end
TRACE StateContext queue 14 complete
TRACE StateContext all queues drained
TRACE StateContext states snapshotted 1
TRACE StateContext states cleared
TRACE StateContext queues cleared
TRACE StateContext shared listener cleared
TRACE StateContext unload end 000002CD57AB4410
TRACE StateContext unload start 000002CD57AB44E0 state 7
TRACE StateContext queues snapshotted 15
TRACE StateContext queue 0 000002CDC03C75B0 start
TRACE StateContext queue 0 messages 0
TRACE StateContext queue 0 messages clear start
TRACE StateContext queue 0 messages clear end
TRACE StateContext queue 0 complete
TRACE StateContext queue 1 000002CDC03C76D0 start
TRACE StateContext queue 1 messages 0
TRACE StateContext queue 1 messages clear start
TRACE StateContext queue 1 messages clear end
TRACE StateContext queue 1 complete
TRACE StateContext queue 2 000002CDC03C77F0 start
TRACE StateContext queue 2 messages 0
TRACE StateContext queue 2 messages clear start
TRACE StateContext queue 2 messages clear end
TRACE StateContext queue 2 complete
TRACE StateContext queue 3 000002CDC066F250 start
TRACE StateContext queue 3 messages 0
TRACE StateContext queue 3 messages clear start
TRACE StateContext queue 3 messages clear end
TRACE StateContext queue 3 complete
TRACE StateContext queue 4 000002CDC066F370 start
TRACE StateContext queue 4 messages 0
TRACE StateContext queue 4 messages clear start
TRACE StateContext queue 4 messages clear end
TRACE StateContext queue 4 complete
TRACE StateContext queue 5 000002CDC066F490 start
TRACE StateContext queue 5 messages 0
TRACE StateContext queue 5 messages clear start
TRACE StateContext queue 5 messages clear end
TRACE StateContext queue 5 complete
TRACE StateContext queue 6 000002CDC066F5B0 start
TRACE StateContext queue 6 messages 0
TRACE StateContext queue 6 messages clear start
TRACE StateContext queue 6 messages clear end
TRACE StateContext queue 6 complete
TRACE StateContext queue 7 000002CDC066F6D0 start
TRACE StateContext queue 7 messages 0
TRACE StateContext queue 7 messages clear start
TRACE StateContext queue 7 messages clear end
TRACE StateContext queue 7 complete
TRACE StateContext queue 8 000002CDC066F7F0 start
TRACE StateContext queue 8 messages 0
TRACE StateContext queue 8 messages clear start
TRACE StateContext queue 8 messages clear end
TRACE StateContext queue 8 complete
TRACE StateContext queue 9 000002CDC066F910 start
TRACE StateContext queue 9 messages 0
TRACE StateContext queue 9 messages clear start
TRACE StateContext queue 9 messages clear end
TRACE StateContext queue 9 complete
TRACE StateContext queue 10 000002CDC066FA30 start
TRACE StateContext queue 10 messages 0
TRACE StateContext queue 10 messages clear start
TRACE StateContext queue 10 messages clear end
TRACE StateContext queue 10 complete
TRACE StateContext queue 11 000002CDC066FB50 start
TRACE StateContext queue 11 messages 0
TRACE StateContext queue 11 messages clear start
TRACE StateContext queue 11 messages clear end
TRACE StateContext queue 11 complete
TRACE StateContext queue 12 000002CDC066FC70 start
TRACE StateContext queue 12 messages 0
TRACE StateContext queue 12 messages clear start
TRACE StateContext queue 12 messages clear end
TRACE StateContext queue 12 complete
TRACE StateContext queue 13 000002CDC066FD90 start
TRACE StateContext queue 13 messages 0
TRACE StateContext queue 13 messages clear start
TRACE StateContext queue 13 messages clear end
TRACE StateContext queue 13 complete
TRACE StateContext queue 14 000002CDC066FEB0 start
TRACE StateContext queue 14 messages 0
TRACE StateContext queue 14 messages clear start
TRACE StateContext queue 14 messages clear end
TRACE StateContext queue 14 complete
TRACE StateContext all queues drained
TRACE StateContext states snapshotted 1
TRACE StateContext states cleared
TRACE StateContext queues cleared
TRACE StateContext shared listener cleared
TRACE StateContext unload end 000002CD57AB44E0
TRACE StateContext unload start 000002CD57AB45B0 state 7
TRACE StateContext queues snapshotted 15
TRACE StateContext queue 0 000002CDC066FFD0 start
TRACE StateContext queue 0 messages 0
TRACE StateContext queue 0 messages clear start
TRACE StateContext queue 0 messages clear end
TRACE StateContext queue 0 complete
TRACE StateContext queue 1 000002CDC06700F0 start
TRACE StateContext queue 1 messages 0
TRACE StateContext queue 1 messages clear start
TRACE StateContext queue 1 messages clear end
TRACE StateContext queue 1 complete
TRACE StateContext queue 2 000002CDC0670210 start
TRACE StateContext queue 2 messages 0
TRACE StateContext queue 2 messages clear start
TRACE StateContext queue 2 messages clear end
TRACE StateContext queue 2 complete
TRACE StateContext queue 3 000002CDC0670330 start
TRACE StateContext queue 3 messages 0
TRACE StateContext queue 3 messages clear start
TRACE StateContext queue 3 messages clear end
TRACE StateContext queue 3 complete
TRACE StateContext queue 4 000002CDC0670450 start
TRACE StateContext queue 4 messages 0
TRACE StateContext queue 4 messages clear start
TRACE StateContext queue 4 messages clear end
TRACE StateContext queue 4 complete
TRACE StateContext queue 5 000002CDC0670570 start
TRACE StateContext queue 5 messages 0
TRACE StateContext queue 5 messages clear start
TRACE StateContext queue 5 messages clear end
TRACE StateContext queue 5 complete
TRACE StateContext queue 6 000002CDC0670690 start
TRACE StateContext queue 6 messages 0
TRACE StateContext queue 6 messages clear start
TRACE StateContext queue 6 messages clear end
TRACE StateContext queue 6 complete
TRACE StateContext queue 7 000002CDC06707B0 start
TRACE StateContext queue 7 messages 0
TRACE StateContext queue 7 messages clear start
TRACE StateContext queue 7 messages clear end
TRACE StateContext queue 7 complete
TRACE StateContext queue 8 000002CDC06708D0 start
TRACE StateContext queue 8 messages 0
TRACE StateContext queue 8 messages clear start
TRACE StateContext queue 8 messages clear end
TRACE StateContext queue 8 complete
TRACE StateContext queue 9 000002CDC06709F0 start
TRACE StateContext queue 9 messages 0
TRACE StateContext queue 9 messages clear start
TRACE StateContext queue 9 messages clear end
TRACE StateContext queue 9 complete
TRACE StateContext queue 10 000002CDC0670B10 start
TRACE StateContext queue 10 messages 0
TRACE StateContext queue 10 messages clear start
TRACE StateContext queue 10 messages clear end
TRACE StateContext queue 10 complete
TRACE StateContext queue 11 000002CDC0670C30 start
TRACE StateContext queue 11 messages 0
TRACE StateContext queue 11 messages clear start
TRACE StateContext queue 11 messages clear end
TRACE StateContext queue 11 complete
TRACE StateContext queue 12 000002CDC0670D50 start
TRACE StateContext queue 12 messages 0
TRACE StateContext queue 12 messages clear start
TRACE StateContext queue 12 messages clear end
TRACE StateContext queue 12 complete
TRACE StateContext queue 13 000002CDC0670E70 start
TRACE StateContext queue 13 messages 0
TRACE StateContext queue 13 messages clear start
TRACE StateContext queue 13 messages clear end
TRACE StateContext queue 13 complete
TRACE StateContext queue 14 000002CDC0670F90 start
TRACE StateContext queue 14 messages 0
TRACE StateContext queue 14 messages clear start
TRACE StateContext queue 14 messages clear end
TRACE StateContext queue 14 complete
TRACE StateContext all queues drained
TRACE StateContext states snapshotted 1
TRACE StateContext states cleared
TRACE StateContext queues cleared
TRACE StateContext shared listener cleared
TRACE StateContext unload end 000002CD57AB45B0
TRACE StateContext unload start 000002CD57AB4680 state 7
TRACE StateContext queues snapshotted 15
TRACE StateContext queue 0 000002CDC06710B0 start
TRACE StateContext queue 0 messages 0
TRACE StateContext queue 0 messages clear start
TRACE StateContext queue 0 messages clear end
TRACE StateContext queue 0 complete
TRACE StateContext queue 1 000002CDC06711D0 start
TRACE StateContext queue 1 messages 0
TRACE StateContext queue 1 messages clear start
TRACE StateContext queue 1 messages clear end
TRACE StateContext queue 1 complete
TRACE StateContext queue 2 000002CDC06712F0 start
TRACE StateContext queue 2 messages 0
TRACE StateContext queue 2 messages clear start
TRACE StateContext queue 2 messages clear end
TRACE StateContext queue 2 complete
TRACE StateContext queue 3 000002CDC0671410 start
TRACE StateContext queue 3 messages 0
TRACE StateContext queue 3 messages clear start
TRACE StateContext queue 3 messages clear end
TRACE StateContext queue 3 complete
TRACE StateContext queue 4 000002CDC0671530 start
TRACE StateContext queue 4 messages 0
TRACE StateContext queue 4 messages clear start
TRACE StateContext queue 4 messages clear end
TRACE StateContext queue 4 complete
TRACE StateContext queue 5 000002CDC0672550 start
TRACE StateContext queue 5 messages 0
TRACE StateContext queue 5 messages clear start
TRACE StateContext queue 5 messages clear end
TRACE StateContext queue 5 complete
TRACE StateContext queue 6 000002CDC0672670 start
TRACE StateContext queue 6 messages 0
TRACE StateContext queue 6 messages clear start
TRACE StateContext queue 6 messages clear end
TRACE StateContext queue 6 complete
TRACE StateContext queue 7 000002CDC0672790 start
TRACE StateContext queue 7 messages 0
TRACE StateContext queue 7 messages clear start
TRACE StateContext queue 7 messages clear end
TRACE StateContext queue 7 complete
TRACE StateContext queue 8 000002CDC06728B0 start
TRACE StateContext queue 8 messages 0
TRACE StateContext queue 8 messages clear start
TRACE StateContext queue 8 messages clear end
TRACE StateContext queue 8 complete
TRACE StateContext queue 9 000002CDC06729D0 start
TRACE StateContext queue 9 messages 0
TRACE StateContext queue 9 messages clear start
TRACE StateContext queue 9 messages clear end
TRACE StateContext queue 9 complete
TRACE StateContext queue 10 000002CDC0672AF0 start
TRACE StateContext queue 10 messages 0
TRACE StateContext queue 10 messages clear start
TRACE StateContext queue 10 messages clear end
TRACE StateContext queue 10 complete
TRACE StateContext queue 11 000002CDC0672C10 start
TRACE StateContext queue 11 messages 0
TRACE StateContext queue 11 messages clear start
TRACE StateContext queue 11 messages clear end
TRACE StateContext queue 11 complete
TRACE StateContext queue 12 000002CDC0672D30 start
TRACE StateContext queue 12 messages 0
TRACE StateContext queue 12 messages clear start
TRACE StateContext queue 12 messages clear end
TRACE StateContext queue 12 complete
TRACE StateContext queue 13 000002CDC0672E50 start
TRACE StateContext queue 13 messages 0
TRACE StateContext queue 13 messages clear start
TRACE StateContext queue 13 messages clear end
TRACE StateContext queue 13 complete
TRACE StateContext queue 14 000002CDC0672F70 start
TRACE StateContext queue 14 messages 0
TRACE StateContext queue 14 messages clear start
TRACE StateContext queue 14 messages clear end
TRACE StateContext queue 14 complete
TRACE StateContext all queues drained
TRACE StateContext states snapshotted 1
TRACE StateContext states cleared
TRACE StateContext queues cleared
TRACE StateContext shared listener cleared
TRACE StateContext unload end 000002CD57AB4680
TRACE StateContext unload start 000002CD57AB4750 state 7
TRACE StateContext queues snapshotted 15
TRACE StateContext queue 0 000002CDC0673090 start
TRACE StateContext queue 0 messages 0
TRACE StateContext queue 0 messages clear start
TRACE StateContext queue 0 messages clear end
TRACE StateContext queue 0 complete
TRACE StateContext queue 1 000002CDC06731B0 start
TRACE StateContext queue 1 messages 0
TRACE StateContext queue 1 messages clear start
TRACE StateContext queue 1 messages clear end
TRACE StateContext queue 1 complete
TRACE StateContext queue 2 000002CDC06732D0 start
TRACE StateContext queue 2 messages 0
TRACE StateContext queue 2 messages clear start
TRACE StateContext queue 2 messages clear end
TRACE StateContext queue 2 complete
TRACE StateContext queue 3 000002CDC06733F0 start
TRACE StateContext queue 3 messages 0
TRACE StateContext queue 3 messages clear start
TRACE StateContext queue 3 messages clear end
TRACE StateContext queue 3 complete
TRACE StateContext queue 4 000002CDC0673510 start
TRACE StateContext queue 4 messages 0
TRACE StateContext queue 4 messages clear start
TRACE StateContext queue 4 messages clear end
TRACE StateContext queue 4 complete
TRACE StateContext queue 5 000002CDC0673630 start
TRACE StateContext queue 5 messages 0
TRACE StateContext queue 5 messages clear start
TRACE StateContext queue 5 messages clear end
TRACE StateContext queue 5 complete
TRACE StateContext queue 6 000002CDC0673750 start
TRACE StateContext queue 6 messages 0
TRACE StateContext queue 6 messages clear start
TRACE StateContext queue 6 messages clear end
TRACE StateContext queue 6 complete
TRACE StateContext queue 7 000002CDC0673870 start
TRACE StateContext queue 7 messages 0
TRACE StateContext queue 7 messages clear start
TRACE StateContext queue 7 messages clear end
TRACE StateContext queue 7 complete
TRACE StateContext queue 8 000002CDC0673990 start
TRACE StateContext queue 8 messages 0
TRACE StateContext queue 8 messages clear start
TRACE StateContext queue 8 messages clear end
TRACE StateContext queue 8 complete
TRACE StateContext queue 9 000002CDC0673AB0 start
TRACE StateContext queue 9 messages 0
TRACE StateContext queue 9 messages clear start
TRACE StateContext queue 9 messages clear end
TRACE StateContext queue 9 complete
TRACE StateContext queue 10 000002CDC0673BD0 start
TRACE StateContext queue 10 messages 0
TRACE StateContext queue 10 messages clear start
TRACE StateContext queue 10 messages clear end
TRACE StateContext queue 10 complete
TRACE StateContext queue 11 000002CDC0673CF0 start
TRACE StateContext queue 11 messages 0
TRACE StateContext queue 11 messages clear start
TRACE StateContext queue 11 messages clear end
TRACE StateContext queue 11 complete
TRACE StateContext queue 12 000002CDC0673E10 start
TRACE StateContext queue 12 messages 0
TRACE StateContext queue 12 messages clear start
TRACE StateContext queue 12 messages clear end
TRACE StateContext queue 12 complete
TRACE StateContext queue 13 000002CDC0673F30 start
TRACE StateContext queue 13 messages 0
TRACE StateContext queue 13 messages clear start
TRACE StateContext queue 13 messages clear end
TRACE StateContext queue 13 complete
TRACE StateContext queue 14 000002CDC0674050 start
TRACE StateContext queue 14 messages 0
TRACE StateContext queue 14 messages clear start
TRACE StateContext queue 14 messages clear end
TRACE StateContext queue 14 complete
TRACE StateContext all queues drained
TRACE StateContext states snapshotted 1
TRACE StateContext states cleared
TRACE StateContext queues cleared
TRACE StateContext shared listener cleared
TRACE StateContext unload end 000002CD57AB4750
TRACE StateContext unload start 000002CD57AB4820 state 7
TRACE StateContext queues snapshotted 15
TRACE StateContext queue 0 000002CDC0674170 start
TRACE StateContext queue 0 messages 0
TRACE StateContext queue 0 messages clear start
TRACE StateContext queue 0 messages clear end
TRACE StateContext queue 0 complete
TRACE StateContext queue 1 000002CDC0674290 start
TRACE StateContext queue 1 messages 0
TRACE StateContext queue 1 messages clear start
TRACE StateContext queue 1 messages clear end
TRACE StateContext queue 1 complete
TRACE StateContext queue 2 000002CDC06743B0 start
TRACE StateContext queue 2 messages 0
TRACE StateContext queue 2 messages clear start
TRACE StateContext queue 2 messages clear end
TRACE StateContext queue 2 complete
TRACE StateContext queue 3 000002CDC06744D0 start
TRACE StateContext queue 3 messages 0
TRACE StateContext queue 3 messages clear start
TRACE StateContext queue 3 messages clear end
TRACE StateContext queue 3 complete
TRACE StateContext queue 4 000002CDC06745F0 start
TRACE StateContext queue 4 messages 0
TRACE StateContext queue 4 messages clear start
TRACE StateContext queue 4 messages clear end
TRACE StateContext queue 4 complete
TRACE StateContext queue 5 000002CDC0674710 start
TRACE StateContext queue 5 messages 0
TRACE StateContext queue 5 messages clear start
TRACE StateContext queue 5 messages clear end
TRACE StateContext queue 5 complete
TRACE StateContext queue 6 000002CDC0674830 start
TRACE StateContext queue 6 messages 0
TRACE StateContext queue 6 messages clear start
TRACE StateContext queue 6 messages clear end
TRACE StateContext queue 6 complete
TRACE StateContext queue 7 000002CDC06B8A50 start
TRACE StateContext queue 7 messages 0
TRACE StateContext queue 7 messages clear start
TRACE StateContext queue 7 messages clear end
TRACE StateContext queue 7 complete
TRACE StateContext queue 8 000002CDC06B8B70 start
TRACE StateContext queue 8 messages 0
TRACE StateContext queue 8 messages clear start
TRACE StateContext queue 8 messages clear end
TRACE StateContext queue 8 complete
TRACE StateContext queue 9 000002CDC06B8C90 start
TRACE StateContext queue 9 messages 0
TRACE StateContext queue 9 messages clear start
TRACE StateContext queue 9 messages clear end
TRACE StateContext queue 9 complete
TRACE StateContext queue 10 000002CDC06B8DB0 start
TRACE StateContext queue 10 messages 0
TRACE StateContext queue 10 messages clear start
TRACE StateContext queue 10 messages clear end
TRACE StateContext queue 10 complete
TRACE StateContext queue 11 000002CDC06B8ED0 start
TRACE StateContext queue 11 messages 0
TRACE StateContext queue 11 messages clear start
TRACE StateContext queue 11 messages clear end
TRACE StateContext queue 11 complete
TRACE StateContext queue 12 000002CDC06B8FF0 start
TRACE StateContext queue 12 messages 0
TRACE StateContext queue 12 messages clear start
TRACE StateContext queue 12 messages clear end
TRACE StateContext queue 12 complete
TRACE StateContext queue 13 000002CDC06B9110 start
TRACE StateContext queue 13 messages 0
TRACE StateContext queue 13 messages clear start
TRACE StateContext queue 13 messages clear end
TRACE StateContext queue 13 complete
TRACE StateContext queue 14 000002CDC06B9230 start
TRACE StateContext queue 14 messages 0
TRACE StateContext queue 14 messages clear start
TRACE StateContext queue 14 messages clear end
TRACE StateContext queue 14 complete
TRACE StateContext all queues drained
TRACE StateContext states snapshotted 1
TRACE StateContext states cleared
TRACE StateContext queues cleared
TRACE StateContext shared listener cleared
TRACE StateContext unload end 000002CD57AB4820
TRACE StateContext unload start 000002CD57AB48F0 state 7
TRACE StateContext queues snapshotted 15
TRACE StateContext queue 0 000002CDC06B9350 start
TRACE StateContext queue 0 messages 0
TRACE StateContext queue 0 messages clear start
TRACE StateContext queue 0 messages clear end
TRACE StateContext queue 0 complete
TRACE StateContext queue 1 000002CDC06B9470 start
TRACE StateContext queue 1 messages 0
TRACE StateContext queue 1 messages clear start
TRACE StateContext queue 1 messages clear end
TRACE StateContext queue 1 complete
TRACE StateContext queue 2 000002CDC06B9590 start
TRACE StateContext queue 2 messages 0
TRACE StateContext queue 2 messages clear start
TRACE StateContext queue 2 messages clear end
TRACE StateContext queue 2 complete
TRACE StateContext queue 3 000002CDC06B96B0 start
TRACE StateContext queue 3 messages 0
TRACE StateContext queue 3 messages clear start
TRACE StateContext queue 3 messages clear end
TRACE StateContext queue 3 complete
TRACE StateContext queue 4 000002CDC06B97D0 start
TRACE StateContext queue 4 messages 0
TRACE StateContext queue 4 messages clear start
TRACE StateContext queue 4 messages clear end
TRACE StateContext queue 4 complete
TRACE StateContext queue 5 000002CDC06B98F0 start
TRACE StateContext queue 5 messages 0
TRACE StateContext queue 5 messages clear start
TRACE StateContext queue 5 messages clear end
TRACE StateContext queue 5 complete
TRACE StateContext queue 6 000002CDC06B9A10 start
TRACE StateContext queue 6 messages 0
TRACE StateContext queue 6 messages clear start
TRACE StateContext queue 6 messages clear end
TRACE StateContext queue 6 complete
TRACE StateContext queue 7 000002CDC06B9B30 start
TRACE StateContext queue 7 messages 0
TRACE StateContext queue 7 messages clear start
TRACE StateContext queue 7 messages clear end
TRACE StateContext queue 7 complete
TRACE StateContext queue 8 000002CDC06B9C50 start
TRACE StateContext queue 8 messages 0
TRACE StateContext queue 8 messages clear start
TRACE StateContext queue 8 messages clear end
TRACE StateContext queue 8 complete
TRACE StateContext queue 9 000002CDC06B9D70 start
TRACE StateContext queue 9 messages 0
TRACE StateContext queue 9 messages clear start
TRACE StateContext queue 9 messages clear end
TRACE StateContext queue 9 complete
TRACE StateContext queue 10 000002CDC06B9E90 start
TRACE StateContext queue 10 messages 0
TRACE StateContext queue 10 messages clear start
TRACE StateContext queue 10 messages clear end
TRACE StateContext queue 10 complete
TRACE StateContext queue 11 000002CDC06B9FB0 start
TRACE StateContext queue 11 messages 0
TRACE StateContext queue 11 messages clear start
TRACE StateContext queue 11 messages clear end
TRACE StateContext queue 11 complete
TRACE StateContext queue 12 000002CDC06BA0D0 start
TRACE StateContext queue 12 messages 0
TRACE StateContext queue 12 messages clear start
TRACE StateContext queue 12 messages clear end
TRACE StateContext queue 12 complete
TRACE StateContext queue 13 000002CDC06BA1F0 start
TRACE StateContext queue 13 messages 0
TRACE StateContext queue 13 messages clear start
TRACE StateContext queue 13 messages clear end
TRACE StateContext queue 13 complete
TRACE StateContext queue 14 000002CDC06BA310 start
TRACE StateContext queue 14 messages 0
TRACE StateContext queue 14 messages clear start
TRACE StateContext queue 14 messages clear end
TRACE StateContext queue 14 complete
TRACE StateContext all queues drained
TRACE StateContext states snapshotted 1
TRACE StateContext states cleared
TRACE StateContext queues cleared
TRACE StateContext shared listener cleared
TRACE StateContext unload end 000002CD57AB48F0
TRACE StateContext unload start 000002CD57AB49C0 state 7
TRACE StateContext queues snapshotted 15
TRACE StateContext queue 0 000002CDC06BA430 start
TRACE StateContext queue 0 messages 0
TRACE StateContext queue 0 messages clear start
TRACE StateContext queue 0 messages clear end
TRACE StateContext queue 0 complete
TRACE StateContext queue 1 000002CDC06BA550 start
TRACE StateContext queue 1 messages 0
TRACE StateContext queue 1 messages clear start
TRACE StateContext queue 1 messages clear end
TRACE StateContext queue 1 complete
TRACE StateContext queue 2 000002CDC06BA670 start
TRACE StateContext queue 2 messages 0
TRACE StateContext queue 2 messages clear start
TRACE StateContext queue 2 messages clear end
TRACE StateContext queue 2 complete
TRACE StateContext queue 3 000002CDC06BA790 start
TRACE StateContext queue 3 messages 0
TRACE StateContext queue 3 messages clear start
TRACE StateContext queue 3 messages clear end
TRACE StateContext queue 3 complete
TRACE StateContext queue 4 000002CDC06BA8B0 start
TRACE StateContext queue 4 messages 0
TRACE StateContext queue 4 messages clear start
TRACE StateContext queue 4 messages clear end
TRACE StateContext queue 4 complete
TRACE StateContext queue 5 000002CDC06BA9D0 start
TRACE StateContext queue 5 messages 0
TRACE StateContext queue 5 messages clear start
TRACE StateContext queue 5 messages clear end
TRACE StateContext queue 5 complete
TRACE StateContext queue 6 000002CDC06BAAF0 start
TRACE StateContext queue 6 messages 0
TRACE StateContext queue 6 messages clear start
TRACE StateContext queue 6 messages clear end
TRACE StateContext queue 6 complete
TRACE StateContext queue 7 000002CDC06BAC10 start
TRACE StateContext queue 7 messages 0
TRACE StateContext queue 7 messages clear start
TRACE StateContext queue 7 messages clear end
TRACE StateContext queue 7 complete
TRACE StateContext queue 8 000002CDC06BAD30 start
TRACE StateContext queue 8 messages 0
TRACE StateContext queue 8 messages clear start
TRACE StateContext queue 8 messages clear end
TRACE StateContext queue 8 complete
TRACE StateContext queue 9 000002CDC06BF490 start
TRACE StateContext queue 9 messages 0
TRACE StateContext queue 9 messages clear start
TRACE StateContext queue 9 messages clear end
TRACE StateContext queue 9 complete
TRACE StateContext queue 10 000002CDC06BF5B0 start
TRACE StateContext queue 10 messages 0
TRACE StateContext queue 10 messages clear start
TRACE StateContext queue 10 messages clear end
TRACE StateContext queue 10 complete
TRACE StateContext queue 11 000002CDC06BF6D0 start
TRACE StateContext queue 11 messages 0
TRACE StateContext queue 11 messages clear start
TRACE StateContext queue 11 messages clear end
TRACE StateContext queue 11 complete
TRACE StateContext queue 12 000002CDC06BF7F0 start
TRACE StateContext queue 12 messages 0
TRACE StateContext queue 12 messages clear start
TRACE StateContext queue 12 messages clear end
TRACE StateContext queue 12 complete
TRACE StateContext queue 13 000002CDC06BF910 start
TRACE StateContext queue 13 messages 0
TRACE StateContext queue 13 messages clear start
TRACE StateContext queue 13 messages clear end
TRACE StateContext queue 13 complete
TRACE StateContext queue 14 000002CDC06BFA30 start
TRACE StateContext queue 14 messages 0
TRACE StateContext queue 14 messages clear start
TRACE StateContext queue 14 messages clear end
TRACE StateContext queue 14 complete
TRACE StateContext all queues drained
TRACE StateContext states snapshotted 1
TRACE StateContext states cleared
TRACE StateContext queues cleared
TRACE StateContext shared listener cleared
TRACE StateContext unload end 000002CD57AB49C0
TRACE StateContext unload start 000002CD57AB4A90 state 7
TRACE StateContext queues snapshotted 15
TRACE StateContext queue 0 000002CDC06BFB50 start
TRACE StateContext queue 0 messages 0
TRACE StateContext queue 0 messages clear start
TRACE StateContext queue 0 messages clear end
TRACE StateContext queue 0 complete
TRACE StateContext queue 1 000002CDC06BFC70 start
TRACE StateContext queue 1 messages 0
TRACE StateContext queue 1 messages clear start
TRACE StateContext queue 1 messages clear end
TRACE StateContext queue 1 complete
TRACE StateContext queue 2 000002CDC06BFD90 start
TRACE StateContext queue 2 messages 0
TRACE StateContext queue 2 messages clear start
TRACE StateContext queue 2 messages clear end
TRACE StateContext queue 2 complete
TRACE StateContext queue 3 000002CDC06BFEB0 start
TRACE StateContext queue 3 messages 0
TRACE StateContext queue 3 messages clear start
TRACE StateContext queue 3 messages clear end
TRACE StateContext queue 3 complete
TRACE StateContext queue 4 000002CDC06BFFD0 start
TRACE StateContext queue 4 messages 0
TRACE StateContext queue 4 messages clear start
TRACE StateContext queue 4 messages clear end
TRACE StateContext queue 4 complete
TRACE StateContext queue 5 000002CDC06C00F0 start
TRACE StateContext queue 5 messages 0
TRACE StateContext queue 5 messages clear start
TRACE StateContext queue 5 messages clear end
TRACE StateContext queue 5 complete
TRACE StateContext queue 6 000002CDC06C0210 start
TRACE StateContext queue 6 messages 0
TRACE StateContext queue 6 messages clear start
TRACE StateContext queue 6 messages clear end
TRACE StateContext queue 6 complete
TRACE StateContext queue 7 000002CDC06C0330 start
TRACE StateContext queue 7 messages 0
TRACE StateContext queue 7 messages clear start
TRACE StateContext queue 7 messages clear end
TRACE StateContext queue 7 complete
TRACE StateContext queue 8 000002CDC06C0450 start
TRACE StateContext queue 8 messages 0
TRACE StateContext queue 8 messages clear start
TRACE StateContext queue 8 messages clear end
TRACE StateContext queue 8 complete
TRACE StateContext queue 9 000002CDC06C0570 start
TRACE StateContext queue 9 messages 0
TRACE StateContext queue 9 messages clear start
TRACE StateContext queue 9 messages clear end
TRACE StateContext queue 9 complete
TRACE StateContext queue 10 000002CDC06C0690 start
TRACE StateContext queue 10 messages 0
TRACE StateContext queue 10 messages clear start
TRACE StateContext queue 10 messages clear end
TRACE StateContext queue 10 complete
TRACE StateContext queue 11 000002CDC06C07B0 start
TRACE StateContext queue 11 messages 0
TRACE StateContext queue 11 messages clear start
TRACE StateContext queue 11 messages clear end
TRACE StateContext queue 11 complete
TRACE StateContext queue 12 000002CDC06C08D0 start
TRACE StateContext queue 12 messages 0
TRACE StateContext queue 12 messages clear start
TRACE StateContext queue 12 messages clear end
TRACE StateContext queue 12 complete
TRACE StateContext queue 13 000002CDC06C09F0 start
TRACE StateContext queue 13 messages 0
TRACE StateContext queue 13 messages clear start
TRACE StateContext queue 13 messages clear end
TRACE StateContext queue 13 complete
TRACE StateContext queue 14 000002CDC06C0B10 start
TRACE StateContext queue 14 messages 0
TRACE StateContext queue 14 messages clear start
TRACE StateContext queue 14 messages clear end
TRACE StateContext queue 14 complete
TRACE StateContext all queues drained
TRACE StateContext states snapshotted 1
TRACE StateContext states cleared
TRACE StateContext queues cleared
TRACE StateContext shared listener cleared
TRACE StateContext unload end 000002CD57AB4A90
TRACE StateContext unload start 000002CD57AB4B60 state 7
TRACE StateContext queues snapshotted 15
TRACE StateContext queue 0 000002CDC06C0C30 start
TRACE StateContext queue 0 messages 0
TRACE StateContext queue 0 messages clear start
TRACE StateContext queue 0 messages clear end
TRACE StateContext queue 0 complete
TRACE StateContext queue 1 000002CDC06C0D50 start
TRACE StateContext queue 1 messages 0
TRACE StateContext queue 1 messages clear start
TRACE StateContext queue 1 messages clear end
TRACE StateContext queue 1 complete
TRACE StateContext queue 2 000002CDC06C0E70 start
TRACE StateContext queue 2 messages 0
TRACE StateContext queue 2 messages clear start
TRACE StateContext queue 2 messages clear end
TRACE StateContext queue 2 complete
TRACE StateContext queue 3 000002CDC06C0F90 start
TRACE StateContext queue 3 messages 0
TRACE StateContext queue 3 messages clear start
TRACE StateContext queue 3 messages clear end
TRACE StateContext queue 3 complete
TRACE StateContext queue 4 000002CDC06C10B0 start
TRACE StateContext queue 4 messages 0
TRACE StateContext queue 4 messages clear start
TRACE StateContext queue 4 messages clear end
TRACE StateContext queue 4 complete
TRACE StateContext queue 5 000002CDC06C11D0 start
TRACE StateContext queue 5 messages 0
TRACE StateContext queue 5 messages clear start
TRACE StateContext queue 5 messages clear end
TRACE StateContext queue 5 complete
TRACE StateContext queue 6 000002CDC06C12F0 start
TRACE StateContext queue 6 messages 0
TRACE StateContext queue 6 messages clear start
TRACE StateContext queue 6 messages clear end
TRACE StateContext queue 6 complete
TRACE StateContext queue 7 000002CDC06C1410 start
TRACE StateContext queue 7 messages 0
TRACE StateContext queue 7 messages clear start
TRACE StateContext queue 7 messages clear end
TRACE StateContext queue 7 complete
TRACE StateContext queue 8 000002CDC06C1530 start
TRACE StateContext queue 8 messages 0
TRACE StateContext queue 8 messages clear start
TRACE StateContext queue 8 messages clear end
TRACE StateContext queue 8 complete
TRACE StateContext queue 9 000002CDC06C1650 start
TRACE StateContext queue 9 messages 0
TRACE StateContext queue 9 messages clear start
TRACE StateContext queue 9 messages clear end
TRACE StateContext queue 9 complete
TRACE StateContext queue 10 000002CDC06C1770 start
TRACE StateContext queue 10 messages 0
TRACE StateContext queue 10 messages clear start
TRACE StateContext queue 10 messages clear end
TRACE StateContext queue 10 complete
TRACE StateContext queue 11 000002CDC06C48D0 start
TRACE StateContext queue 11 messages 0
TRACE StateContext queue 11 messages clear start
TRACE StateContext queue 11 messages clear end
TRACE StateContext queue 11 complete
TRACE StateContext queue 12 000002CDC06C49F0 start
TRACE StateContext queue 12 messages 0
TRACE StateContext queue 12 messages clear start
TRACE StateContext queue 12 messages clear end
TRACE StateContext queue 12 complete
TRACE StateContext queue 13 000002CDC06C4B10 start
TRACE StateContext queue 13 messages 0
TRACE StateContext queue 13 messages clear start
TRACE StateContext queue 13 messages clear end
TRACE StateContext queue 13 complete
TRACE StateContext queue 14 000002CDC06C4C30 start
TRACE StateContext queue 14 messages 0
TRACE StateContext queue 14 messages clear start
TRACE StateContext queue 14 messages clear end
TRACE StateContext queue 14 complete
TRACE StateContext all queues drained
TRACE StateContext states snapshotted 1
TRACE StateContext states cleared
TRACE StateContext queues cleared
TRACE StateContext shared listener cleared
TRACE StateContext unload end 000002CD57AB4B60
TRACE StateContext unload start 000002CD57AB4C30 state 7
TRACE StateContext queues snapshotted 15
TRACE StateContext queue 0 000002CDC06C4D50 start
TRACE StateContext queue 0 messages 0
TRACE StateContext queue 0 messages clear start
TRACE StateContext queue 0 messages clear end
TRACE StateContext queue 0 complete
TRACE StateContext queue 1 000002CDC06C4E70 start
TRACE StateContext queue 1 messages 0
TRACE StateContext queue 1 messages clear start
TRACE StateContext queue 1 messages clear end
TRACE StateContext queue 1 complete
TRACE StateContext queue 2 000002CDC06C4F90 start
TRACE StateContext queue 2 messages 0
TRACE StateContext queue 2 messages clear start
TRACE StateContext queue 2 messages clear end
TRACE StateContext queue 2 complete
TRACE StateContext queue 3 000002CDC06C50B0 start
TRACE StateContext queue 3 messages 0
TRACE StateContext queue 3 messages clear start
TRACE StateContext queue 3 messages clear end
TRACE StateContext queue 3 complete
TRACE StateContext queue 4 000002CDC06C51D0 start
TRACE StateContext queue 4 messages 0
TRACE StateContext queue 4 messages clear start
TRACE StateContext queue 4 messages clear end
TRACE StateContext queue 4 complete
TRACE StateContext queue 5 000002CDC06C52F0 start
TRACE StateContext queue 5 messages 0
TRACE StateContext queue 5 messages clear start
TRACE StateContext queue 5 messages clear end
TRACE StateContext queue 5 complete
TRACE StateContext queue 6 000002CDC06C5410 start
TRACE StateContext queue 6 messages 0
TRACE StateContext queue 6 messages clear start
TRACE StateContext queue 6 messages clear end
TRACE StateContext queue 6 complete
TRACE StateContext queue 7 000002CDC06C5530 start
TRACE StateContext queue 7 messages 0
TRACE StateContext queue 7 messages clear start
TRACE StateContext queue 7 messages clear end
TRACE StateContext queue 7 complete
TRACE StateContext queue 8 000002CDC06C5650 start
TRACE StateContext queue 8 messages 0
TRACE StateContext queue 8 messages clear start
TRACE StateContext queue 8 messages clear end
TRACE StateContext queue 8 complete
TRACE StateContext queue 9 000002CDC06C5770 start
TRACE StateContext queue 9 messages 0
TRACE StateContext queue 9 messages clear start
TRACE StateContext queue 9 messages clear end
TRACE StateContext queue 9 complete
TRACE StateContext queue 10 000002CDC06C5890 start
TRACE StateContext queue 10 messages 0
TRACE StateContext queue 10 messages clear start
TRACE StateContext queue 10 messages clear end
TRACE StateContext queue 10 complete
TRACE StateContext queue 11 000002CDC06C59B0 start
TRACE StateContext queue 11 messages 0
TRACE StateContext queue 11 messages clear start
TRACE StateContext queue 11 messages clear end
TRACE StateContext queue 11 complete
TRACE StateContext queue 12 000002CDC06C5AD0 start
TRACE StateContext queue 12 messages 0
TRACE StateContext queue 12 messages clear start
TRACE StateContext queue 12 messages clear end
TRACE StateContext queue 12 complete
TRACE StateContext queue 13 000002CDC06C5BF0 start
TRACE StateContext queue 13 messages 0
TRACE StateContext queue 13 messages clear start
TRACE StateContext queue 13 messages clear end
TRACE StateContext queue 13 complete
TRACE StateContext queue 14 000002CDC06C5D10 start
TRACE StateContext queue 14 messages 0
TRACE StateContext queue 14 messages clear start
TRACE StateContext queue 14 messages clear end
TRACE StateContext queue 14 complete
TRACE StateContext all queues drained
TRACE StateContext states snapshotted 1
TRACE StateContext states cleared
TRACE StateContext queues cleared
TRACE StateContext shared listener cleared
TRACE StateContext unload end 000002CD57AB4C30
TRACE StateContext unload start 000002CD57AB4D00 state 7
TRACE StateContext queues snapshotted 15
TRACE StateContext queue 0 000002CDC06C5E30 start
TRACE StateContext queue 0 messages 0
TRACE StateContext queue 0 messages clear start
TRACE StateContext queue 0 messages clear end
TRACE StateContext queue 0 complete
TRACE StateContext queue 1 000002CDC06C5F50 start
TRACE StateContext queue 1 messages 0
TRACE StateContext queue 1 messages clear start
TRACE StateContext queue 1 messages clear end
TRACE StateContext queue 1 complete
TRACE StateContext queue 2 000002CDC06C6070 start
TRACE StateContext queue 2 messages 0
TRACE StateContext queue 2 messages clear start
TRACE StateContext queue 2 messages clear end
TRACE StateContext queue 2 complete
TRACE StateContext queue 3 000002CDC06C6190 start
TRACE StateContext queue 3 messages 0
TRACE StateContext queue 3 messages clear start
TRACE StateContext queue 3 messages clear end
TRACE StateContext queue 3 complete
TRACE StateContext queue 4 000002CDC06C62B0 start
TRACE StateContext queue 4 messages 0
TRACE StateContext queue 4 messages clear start
TRACE StateContext queue 4 messages clear end
TRACE StateContext queue 4 complete
TRACE StateContext queue 5 000002CDC06C63D0 start
TRACE StateContext queue 5 messages 0
TRACE StateContext queue 5 messages clear start
TRACE StateContext queue 5 messages clear end
TRACE StateContext queue 5 complete
TRACE StateContext queue 6 000002CDC06C64F0 start
TRACE StateContext queue 6 messages 0
TRACE StateContext queue 6 messages clear start
TRACE StateContext queue 6 messages clear end
TRACE StateContext queue 6 complete
TRACE StateContext queue 7 000002CDC06C6610 start
TRACE StateContext queue 7 messages 0
TRACE StateContext queue 7 messages clear start
TRACE StateContext queue 7 messages clear end
TRACE StateContext queue 7 complete
TRACE StateContext queue 8 000002CDC06C6730 start
TRACE StateContext queue 8 messages 0
TRACE StateContext queue 8 messages clear start
TRACE StateContext queue 8 messages clear end
TRACE StateContext queue 8 complete
TRACE StateContext queue 9 000002CDC06C6850 start
TRACE StateContext queue 9 messages 0
TRACE StateContext queue 9 messages clear start
TRACE StateContext queue 9 messages clear end
TRACE StateContext queue 9 complete
TRACE StateContext queue 10 000002CDC06C6970 start
TRACE StateContext queue 10 messages 0
TRACE StateContext queue 10 messages clear start
TRACE StateContext queue 10 messages clear end
TRACE StateContext queue 10 complete
TRACE StateContext queue 11 000002CDC06C6A90 start
TRACE StateContext queue 11 messages 0
TRACE StateContext queue 11 messages clear start
TRACE StateContext queue 11 messages clear end
TRACE StateContext queue 11 complete
TRACE StateContext queue 12 000002CDC06C6BB0 start
TRACE StateContext queue 12 messages 0
TRACE StateContext queue 12 messages clear start
TRACE StateContext queue 12 messages clear end
TRACE StateContext queue 12 complete
TRACE StateContext queue 13 000002CDC0728880 start
TRACE StateContext queue 13 messages 0
TRACE StateContext queue 13 messages clear start
TRACE StateContext queue 13 messages clear end
TRACE StateContext queue 13 complete
TRACE StateContext queue 14 000002CDC07289A0 start
TRACE StateContext queue 14 messages 0
TRACE StateContext queue 14 messages clear start
TRACE StateContext queue 14 messages clear end
TRACE StateContext queue 14 complete
TRACE StateContext all queues drained
TRACE StateContext states snapshotted 1
TRACE StateContext states cleared
TRACE StateContext queues cleared
TRACE StateContext shared listener cleared
TRACE StateContext unload end 000002CD57AB4D00
TRACE StateContext unload start 000002CD57AB4DD0 state 7
TRACE StateContext queues snapshotted 15
TRACE StateContext queue 0 000002CDC0728AC0 start
TRACE StateContext queue 0 messages 0
TRACE StateContext queue 0 messages clear start
TRACE StateContext queue 0 messages clear end
TRACE StateContext queue 0 complete
TRACE StateContext queue 1 000002CDC0728BE0 start
TRACE StateContext queue 1 messages 0
TRACE StateContext queue 1 messages clear start
TRACE StateContext queue 1 messages clear end
TRACE StateContext queue 1 complete
TRACE StateContext queue 2 000002CDC0728D00 start
TRACE StateContext queue 2 messages 0
TRACE StateContext queue 2 messages clear start
TRACE StateContext queue 2 messages clear end
TRACE StateContext queue 2 complete
TRACE StateContext queue 3 000002CDC0728E20 start
TRACE StateContext queue 3 messages 0
TRACE StateContext queue 3 messages clear start
TRACE StateContext queue 3 messages clear end
TRACE StateContext queue 3 complete
TRACE StateContext queue 4 000002CDC0728F40 start
TRACE StateContext queue 4 messages 0
TRACE StateContext queue 4 messages clear start
TRACE StateContext queue 4 messages clear end
TRACE StateContext queue 4 complete
TRACE StateContext queue 5 000002CDC0729060 start
TRACE StateContext queue 5 messages 0
TRACE StateContext queue 5 messages clear start
TRACE StateContext queue 5 messages clear end
TRACE StateContext queue 5 complete
TRACE StateContext queue 6 000002CDC0729180 start
TRACE StateContext queue 6 messages 0
TRACE StateContext queue 6 messages clear start
TRACE StateContext queue 6 messages clear end
TRACE StateContext queue 6 complete
TRACE StateContext queue 7 000002CDC07292A0 start
TRACE StateContext queue 7 messages 0
TRACE StateContext queue 7 messages clear start
TRACE StateContext queue 7 messages clear end
TRACE StateContext queue 7 complete
TRACE StateContext queue 8 000002CDC07293C0 start
TRACE StateContext queue 8 messages 0
TRACE StateContext queue 8 messages clear start
TRACE StateContext queue 8 messages clear end
TRACE StateContext queue 8 complete
TRACE StateContext queue 9 000002CDC07294E0 start
TRACE StateContext queue 9 messages 0
TRACE StateContext queue 9 messages clear start
TRACE StateContext queue 9 messages clear end
TRACE StateContext queue 9 complete
TRACE StateContext queue 10 000002CDC0729600 start
TRACE StateContext queue 10 messages 0
TRACE StateContext queue 10 messages clear start
TRACE StateContext queue 10 messages clear end
TRACE StateContext queue 10 complete
TRACE StateContext queue 11 000002CDC0729720 start
TRACE StateContext queue 11 messages 0
TRACE StateContext queue 11 messages clear start
TRACE StateContext queue 11 messages clear end
TRACE StateContext queue 11 complete
TRACE StateContext queue 12 000002CDC0729840 start
TRACE StateContext queue 12 messages 0
TRACE StateContext queue 12 messages clear start
TRACE StateContext queue 12 messages clear end
TRACE StateContext queue 12 complete
TRACE StateContext queue 13 000002CDC0729960 start
TRACE StateContext queue 13 messages 0
TRACE StateContext queue 13 messages clear start
TRACE StateContext queue 13 messages clear end
TRACE StateContext queue 13 complete
TRACE StateContext queue 14 000002CDC0729A80 start
TRACE StateContext queue 14 messages 0
TRACE StateContext queue 14 messages clear start
TRACE StateContext queue 14 messages clear end
TRACE StateContext queue 14 complete
TRACE StateContext all queues drained
TRACE StateContext states snapshotted 1
TRACE StateContext states cleared
TRACE StateContext queues cleared
TRACE StateContext shared listener cleared
TRACE StateContext unload end 000002CD57AB4DD0
TRACE StateContext unload start 000002CD57AB4EA0 state 7
TRACE StateContext queues snapshotted 15
TRACE StateContext queue 0 000002CDC0729BA0 start
TRACE StateContext queue 0 messages 0
TRACE StateContext queue 0 messages clear start
TRACE StateContext queue 0 messages clear end
TRACE StateContext queue 0 complete
TRACE StateContext queue 1 000002CDC0729CC0 start
TRACE StateContext queue 1 messages 0
TRACE StateContext queue 1 messages clear start
TRACE StateContext queue 1 messages clear end
TRACE StateContext queue 1 complete
TRACE StateContext queue 2 000002CDC0729DE0 start
TRACE StateContext queue 2 messages 0
TRACE StateContext queue 2 messages clear start
TRACE StateContext queue 2 messages clear end
TRACE StateContext queue 2 complete
TRACE StateContext queue 3 000002CDC0729F00 start
TRACE StateContext queue 3 messages 0
TRACE StateContext queue 3 messages clear start
TRACE StateContext queue 3 messages clear end
TRACE StateContext queue 3 complete
TRACE StateContext queue 4 000002CDC072A020 start
TRACE StateContext queue 4 messages 0
TRACE StateContext queue 4 messages clear start
TRACE StateContext queue 4 messages clear end
TRACE StateContext queue 4 complete
TRACE StateContext queue 5 000002CDC072A140 start
TRACE StateContext queue 5 messages 0
TRACE StateContext queue 5 messages clear start
TRACE StateContext queue 5 messages clear end
TRACE StateContext queue 5 complete
TRACE StateContext queue 6 000002CDC072A260 start
TRACE StateContext queue 6 messages 0
TRACE StateContext queue 6 messages clear start
TRACE StateContext queue 6 messages clear end
TRACE StateContext queue 6 complete
TRACE StateContext queue 7 000002CDC072A380 start
TRACE StateContext queue 7 messages 0
TRACE StateContext queue 7 messages clear start
TRACE StateContext queue 7 messages clear end
TRACE StateContext queue 7 complete
TRACE StateContext queue 8 000002CDC072A4A0 start
TRACE StateContext queue 8 messages 0
TRACE StateContext queue 8 messages clear start
TRACE StateContext queue 8 messages clear end
TRACE StateContext queue 8 complete
TRACE StateContext queue 9 000002CDC072A5C0 start
TRACE StateContext queue 9 messages 0
TRACE StateContext queue 9 messages clear start
TRACE StateContext queue 9 messages clear end
TRACE StateContext queue 9 complete
TRACE StateContext queue 10 000002CDC072A6E0 start
TRACE StateContext queue 10 messages 0
TRACE StateContext queue 10 messages clear start
TRACE StateContext queue 10 messages clear end
TRACE StateContext queue 10 complete
TRACE StateContext queue 11 000002CDC072A800 start
TRACE StateContext queue 11 messages 0
TRACE StateContext queue 11 messages clear start
TRACE StateContext queue 11 messages clear end
TRACE StateContext queue 11 complete
TRACE StateContext queue 12 000002CDC072A920 start
TRACE StateContext queue 12 messages 0
TRACE StateContext queue 12 messages clear start
TRACE StateContext queue 12 messages clear end
TRACE StateContext queue 12 complete
TRACE StateContext queue 13 000002CDC072AA40 start
TRACE StateContext queue 13 messages 0
TRACE StateContext queue 13 messages clear start
TRACE StateContext queue 13 messages clear end
TRACE StateContext queue 13 complete
TRACE StateContext queue 14 000002CDC072AB60 start
TRACE StateContext queue 14 messages 0
TRACE StateContext queue 14 messages clear start
TRACE StateContext queue 14 messages clear end
TRACE StateContext queue 14 complete
TRACE StateContext all queues drained
TRACE StateContext states snapshotted 1
TRACE StateContext states cleared
TRACE StateContext queues cleared
TRACE StateContext shared listener cleared
TRACE StateContext unload end 000002CD57AB4EA0
TRACE StateContext unload start 000002CD57AB4F70 state 7
TRACE StateContext queues snapshotted 15
TRACE StateContext queue 0 000002CDC0724060 start
TRACE StateContext queue 0 messages 0
TRACE StateContext queue 0 messages clear start
TRACE StateContext queue 0 messages clear end
TRACE StateContext queue 0 complete
TRACE StateContext queue 1 000002CDC0724180 start
TRACE StateContext queue 1 messages 0
TRACE StateContext queue 1 messages clear start
TRACE StateContext queue 1 messages clear end
TRACE StateContext queue 1 complete
TRACE StateContext queue 2 000002CDC07242A0 start
TRACE StateContext queue 2 messages 0
TRACE StateContext queue 2 messages clear start
TRACE StateContext queue 2 messages clear end
TRACE StateContext queue 2 complete
TRACE StateContext queue 3 000002CDC07243C0 start
TRACE StateContext queue 3 messages 0
TRACE StateContext queue 3 messages clear start
TRACE StateContext queue 3 messages clear end
TRACE StateContext queue 3 complete
TRACE StateContext queue 4 000002CDC07244E0 start
TRACE StateContext queue 4 messages 0
TRACE StateContext queue 4 messages clear start
TRACE StateContext queue 4 messages clear end
TRACE StateContext queue 4 complete
TRACE StateContext queue 5 000002CDC0724600 start
TRACE StateContext queue 5 messages 0
TRACE StateContext queue 5 messages clear start
TRACE StateContext queue 5 messages clear end
TRACE StateContext queue 5 complete
TRACE StateContext queue 6 000002CDC0724720 start
TRACE StateContext queue 6 messages 0
TRACE StateContext queue 6 messages clear start
TRACE StateContext queue 6 messages clear end
TRACE StateContext queue 6 complete
TRACE StateContext queue 7 000002CDC0724840 start
TRACE StateContext queue 7 messages 0
TRACE StateContext queue 7 messages clear start
TRACE StateContext queue 7 messages clear end
TRACE StateContext queue 7 complete
TRACE StateContext queue 8 000002CDC0724960 start
TRACE StateContext queue 8 messages 0
TRACE StateContext queue 8 messages clear start
TRACE StateContext queue 8 messages clear end
TRACE StateContext queue 8 complete
TRACE StateContext queue 9 000002CDC0724A80 start
TRACE StateContext queue 9 messages 0
TRACE StateContext queue 9 messages clear start
TRACE StateContext queue 9 messages clear end
TRACE StateContext queue 9 complete
TRACE StateContext queue 10 000002CDC0724BA0 start
TRACE StateContext queue 10 messages 0
TRACE StateContext queue 10 messages clear start
TRACE StateContext queue 10 messages clear end
TRACE StateContext queue 10 complete
TRACE StateContext queue 11 000002CDC0724CC0 start
TRACE StateContext queue 11 messages 0
TRACE StateContext queue 11 messages clear start
TRACE StateContext queue 11 messages clear end
TRACE StateContext queue 11 complete
TRACE StateContext queue 12 000002CDC0724DE0 start
TRACE StateContext queue 12 messages 0
TRACE StateContext queue 12 messages clear start
TRACE StateContext queue 12 messages clear end
TRACE StateContext queue 12 complete
TRACE StateContext queue 13 000002CDC0724F00 start
TRACE StateContext queue 13 messages 0
TRACE StateContext queue 13 messages clear start
TRACE StateContext queue 13 messages clear end
TRACE StateContext queue 13 complete
TRACE StateContext queue 14 000002CDC0725020 start
TRACE StateContext queue 14 messages 0
TRACE StateContext queue 14 messages clear start
TRACE StateContext queue 14 messages clear end
TRACE StateContext queue 14 complete
TRACE StateContext all queues drained
TRACE StateContext states snapshotted 1
TRACE StateContext states cleared
TRACE StateContext queues cleared
TRACE StateContext shared listener cleared
TRACE StateContext unload end 000002CD57AB4F70
TRACE StateContext unload start 000002CD57C03EB0 state 7
TRACE StateContext queues snapshotted 15
TRACE StateContext queue 0 000002CDC0725140 start
TRACE StateContext queue 0 messages 0
TRACE StateContext queue 0 messages clear start
TRACE StateContext queue 0 messages clear end
TRACE StateContext queue 0 complete
TRACE StateContext queue 1 000002CDC0725260 start
TRACE StateContext queue 1 messages 0
TRACE StateContext queue 1 messages clear start
TRACE StateContext queue 1 messages clear end
TRACE StateContext queue 1 complete
TRACE StateContext queue 2 000002CDC0725380 start
TRACE StateContext queue 2 messages 0
TRACE StateContext queue 2 messages clear start
TRACE StateContext queue 2 messages clear end
TRACE StateContext queue 2 complete
TRACE StateContext queue 3 000002CDC07254A0 start
TRACE StateContext queue 3 messages 0
TRACE StateContext queue 3 messages clear start
TRACE StateContext queue 3 messages clear end
TRACE StateContext queue 3 complete
TRACE StateContext queue 4 000002CDC07255C0 start
TRACE StateContext queue 4 messages 0
TRACE StateContext queue 4 messages clear start
TRACE StateContext queue 4 messages clear end
TRACE StateContext queue 4 complete
TRACE StateContext queue 5 000002CDC07256E0 start
TRACE StateContext queue 5 messages 0
TRACE StateContext queue 5 messages clear start
TRACE StateContext queue 5 messages clear end
TRACE StateContext queue 5 complete
TRACE StateContext queue 6 000002CDC0725800 start
TRACE StateContext queue 6 messages 0
TRACE StateContext queue 6 messages clear start
TRACE StateContext queue 6 messages clear end
TRACE StateContext queue 6 complete
TRACE StateContext queue 7 000002CDC0725920 start
TRACE StateContext queue 7 messages 0
TRACE StateContext queue 7 messages clear start
TRACE StateContext queue 7 messages clear end
TRACE StateContext queue 7 complete
TRACE StateContext queue 8 000002CDC0725A40 start
TRACE StateContext queue 8 messages 0
TRACE StateContext queue 8 messages clear start
TRACE StateContext queue 8 messages clear end
TRACE StateContext queue 8 complete
TRACE StateContext queue 9 000002CDC0725B60 start
TRACE StateContext queue 9 messages 0
TRACE StateContext queue 9 messages clear start
TRACE StateContext queue 9 messages clear end
TRACE StateContext queue 9 complete
TRACE StateContext queue 10 000002CDC0725C80 start
TRACE StateContext queue 10 messages 0
TRACE StateContext queue 10 messages clear start
TRACE StateContext queue 10 messages clear end
TRACE StateContext queue 10 complete
TRACE StateContext queue 11 000002CDC0725DA0 start
TRACE StateContext queue 11 messages 0
TRACE StateContext queue 11 messages clear start
TRACE StateContext queue 11 messages clear end
TRACE StateContext queue 11 complete
TRACE StateContext queue 12 000002CDC0725EC0 start
TRACE StateContext queue 12 messages 0
TRACE StateContext queue 12 messages clear start
TRACE StateContext queue 12 messages clear end
TRACE StateContext queue 12 complete
TRACE StateContext queue 13 000002CDC0725FE0 start
TRACE StateContext queue 13 messages 0
TRACE StateContext queue 13 messages clear start
TRACE StateContext queue 13 messages clear end
TRACE StateContext queue 13 complete
TRACE StateContext queue 14 000002CDC0726100 start
TRACE StateContext queue 14 messages 0
TRACE StateContext queue 14 messages clear start
TRACE StateContext queue 14 messages clear end
TRACE StateContext queue 14 complete
TRACE StateContext all queues drained
TRACE StateContext states snapshotted 1
TRACE StateContext states cleared
TRACE StateContext queues cleared
TRACE StateContext shared listener cleared
TRACE StateContext unload end 000002CD57C03EB0
TRACE StateContext unload start 000002CD57C03F80 state 7
TRACE StateContext queues snapshotted 15
TRACE StateContext queue 0 000002CDC0726220 start
TRACE StateContext queue 0 messages 0
TRACE StateContext queue 0 messages clear start
TRACE StateContext queue 0 messages clear end
TRACE StateContext queue 0 complete
TRACE StateContext queue 1 000002CDC0726340 start
TRACE StateContext queue 1 messages 0
TRACE StateContext queue 1 messages clear start
TRACE StateContext queue 1 messages clear end
TRACE StateContext queue 1 complete
TRACE StateContext queue 2 000002CDC072AC90 start
TRACE StateContext queue 2 messages 0
TRACE StateContext queue 2 messages clear start
TRACE StateContext queue 2 messages clear end
TRACE StateContext queue 2 complete
TRACE StateContext queue 3 000002CDC072ADB0 start
TRACE StateContext queue 3 messages 0
TRACE StateContext queue 3 messages clear start
TRACE StateContext queue 3 messages clear end
TRACE StateContext queue 3 complete
TRACE StateContext queue 4 000002CDC072AED0 start
TRACE StateContext queue 4 messages 0
TRACE StateContext queue 4 messages clear start
TRACE StateContext queue 4 messages clear end
TRACE StateContext queue 4 complete
TRACE StateContext queue 5 000002CDC072AFF0 start
TRACE StateContext queue 5 messages 0
TRACE StateContext queue 5 messages clear start
TRACE StateContext queue 5 messages clear end
TRACE StateContext queue 5 complete
TRACE StateContext queue 6 000002CDC072B110 start
TRACE StateContext queue 6 messages 0
TRACE StateContext queue 6 messages clear start
TRACE StateContext queue 6 messages clear end
TRACE StateContext queue 6 complete
TRACE StateContext queue 7 000002CDC072B230 start
TRACE StateContext queue 7 messages 0
TRACE StateContext queue 7 messages clear start
TRACE StateContext queue 7 messages clear end
TRACE StateContext queue 7 complete
TRACE StateContext queue 8 000002CDC072B350 start
TRACE StateContext queue 8 messages 0
TRACE StateContext queue 8 messages clear start
TRACE StateContext queue 8 messages clear end
TRACE StateContext queue 8 complete
TRACE StateContext queue 9 000002CDC072B470 start
TRACE StateContext queue 9 messages 0
TRACE StateContext queue 9 messages clear start
TRACE StateContext queue 9 messages clear end
TRACE StateContext queue 9 complete
TRACE StateContext queue 10 000002CDC072B590 start
TRACE StateContext queue 10 messages 0
TRACE StateContext queue 10 messages clear start
TRACE StateContext queue 10 messages clear end
TRACE StateContext queue 10 complete
TRACE StateContext queue 11 000002CDC072B6B0 start
TRACE StateContext queue 11 messages 0
TRACE StateContext queue 11 messages clear start
TRACE StateContext queue 11 messages clear end
TRACE StateContext queue 11 complete
TRACE StateContext queue 12 000002CDC072B7D0 start
TRACE StateContext queue 12 messages 0
TRACE StateContext queue 12 messages clear start
TRACE StateContext queue 12 messages clear end
TRACE StateContext queue 12 complete
TRACE StateContext queue 13 000002CDC072B8F0 start
TRACE StateContext queue 13 messages 0
TRACE StateContext queue 13 messages clear start
TRACE StateContext queue 13 messages clear end
TRACE StateContext queue 13 complete
TRACE StateContext queue 14 000002CDC072BA10 start
TRACE StateContext queue 14 messages 0
TRACE StateContext queue 14 messages clear start
TRACE StateContext queue 14 messages clear end
TRACE StateContext queue 14 complete
TRACE StateContext all queues drained
TRACE StateContext states snapshotted 1
TRACE StateContext states cleared
TRACE StateContext queues cleared
TRACE StateContext shared listener cleared
TRACE StateContext unload end 000002CD57C03F80
TRACE StateContext unload start 000002CD57C04050 state 7
TRACE StateContext queues snapshotted 15
TRACE StateContext queue 0 000002CDC072BB30 start
TRACE StateContext queue 0 messages 0
TRACE StateContext queue 0 messages clear start
TRACE StateContext queue 0 messages clear end
TRACE StateContext queue 0 complete
TRACE StateContext queue 1 000002CDC072BC50 start
TRACE StateContext queue 1 messages 0
TRACE StateContext queue 1 messages clear start
TRACE StateContext queue 1 messages clear end
TRACE StateContext queue 1 complete
TRACE StateContext queue 2 000002CDC072BD70 start
TRACE StateContext queue 2 messages 0
TRACE StateContext queue 2 messages clear start
TRACE StateContext queue 2 messages clear end
TRACE StateContext queue 2 complete
TRACE StateContext queue 3 000002CDC072BE90 start
TRACE StateContext queue 3 messages 0
TRACE StateContext queue 3 messages clear start
TRACE StateContext queue 3 messages clear end
TRACE StateContext queue 3 complete
TRACE StateContext queue 4 000002CDC072BFB0 start
TRACE StateContext queue 4 messages 0
TRACE StateContext queue 4 messages clear start
TRACE StateContext queue 4 messages clear end
TRACE StateContext queue 4 complete
TRACE StateContext queue 5 000002CDC072C0D0 start
TRACE StateContext queue 5 messages 0
TRACE StateContext queue 5 messages clear start
TRACE StateContext queue 5 messages clear end
TRACE StateContext queue 5 complete
TRACE StateContext queue 6 000002CDC072C1F0 start
TRACE StateContext queue 6 messages 0
TRACE StateContext queue 6 messages clear start
TRACE StateContext queue 6 messages clear end
TRACE StateContext queue 6 complete
TRACE StateContext queue 7 000002CDC072C310 start
TRACE StateContext queue 7 messages 0
TRACE StateContext queue 7 messages clear start
TRACE StateContext queue 7 messages clear end
TRACE StateContext queue 7 complete
TRACE StateContext queue 8 000002CDC072C430 start
TRACE StateContext queue 8 messages 0
TRACE StateContext queue 8 messages clear start
TRACE StateContext queue 8 messages clear end
TRACE StateContext queue 8 complete
TRACE StateContext queue 9 000002CDC072C550 start
TRACE StateContext queue 9 messages 0
TRACE StateContext queue 9 messages clear start
TRACE StateContext queue 9 messages clear end
TRACE StateContext queue 9 complete
TRACE StateContext queue 10 000002CDC072C670 start
TRACE StateContext queue 10 messages 0
TRACE StateContext queue 10 messages clear start
TRACE StateContext queue 10 messages clear end
TRACE StateContext queue 10 complete
TRACE StateContext queue 11 000002CDC072C790 start
TRACE StateContext queue 11 messages 0
TRACE StateContext queue 11 messages clear start
TRACE StateContext queue 11 messages clear end
TRACE StateContext queue 11 complete
TRACE StateContext queue 12 000002CDC072C8B0 start
TRACE StateContext queue 12 messages 0
TRACE StateContext queue 12 messages clear start
TRACE StateContext queue 12 messages clear end
TRACE StateContext queue 12 complete
TRACE StateContext queue 13 000002CDC072C9D0 start
TRACE StateContext queue 13 messages 0
TRACE StateContext queue 13 messages clear start
TRACE StateContext queue 13 messages clear end
TRACE StateContext queue 13 complete
TRACE StateContext queue 14 000002CDC072CAF0 start
TRACE StateContext queue 14 messages 0
TRACE StateContext queue 14 messages clear start
TRACE StateContext queue 14 messages clear end
TRACE StateContext queue 14 complete
TRACE StateContext all queues drained
TRACE StateContext states snapshotted 1
TRACE StateContext states cleared
TRACE StateContext queues cleared
TRACE StateContext shared listener cleared
TRACE StateContext unload end 000002CD57C04050
TRACE StateContext unload start 000002CD57C04120 state 7
TRACE StateContext queues snapshotted 15
TRACE StateContext queue 0 000002CDC072CC10 start
TRACE StateContext queue 0 messages 0
TRACE StateContext queue 0 messages clear start
TRACE StateContext queue 0 messages clear end
TRACE StateContext queue 0 complete
TRACE StateContext queue 1 000002CDC072CD30 start
TRACE StateContext queue 1 messages 0
TRACE StateContext queue 1 messages clear start
TRACE StateContext queue 1 messages clear end
TRACE StateContext queue 1 complete
TRACE StateContext queue 2 000002CDC072CE50 start
TRACE StateContext queue 2 messages 0
TRACE StateContext queue 2 messages clear start
TRACE StateContext queue 2 messages clear end
TRACE StateContext queue 2 complete
TRACE StateContext queue 3 000002CDC072CF70 start
TRACE StateContext queue 3 messages 0
TRACE StateContext queue 3 messages clear start
TRACE StateContext queue 3 messages clear end
TRACE StateContext queue 3 complete
TRACE StateContext queue 4 000002CDC072D0A0 start
TRACE StateContext queue 4 messages 0
TRACE StateContext queue 4 messages clear start
TRACE StateContext queue 4 messages clear end
TRACE StateContext queue 4 complete
TRACE StateContext queue 5 000002CDC072D1C0 start
TRACE StateContext queue 5 messages 0
TRACE StateContext queue 5 messages clear start
TRACE StateContext queue 5 messages clear end
TRACE StateContext queue 5 complete
TRACE StateContext queue 6 000002CDC072D2E0 start
TRACE StateContext queue 6 messages 0
TRACE StateContext queue 6 messages clear start
TRACE StateContext queue 6 messages clear end
TRACE StateContext queue 6 complete
TRACE StateContext queue 7 000002CDC072D400 start
TRACE StateContext queue 7 messages 0
TRACE StateContext queue 7 messages clear start
TRACE StateContext queue 7 messages clear end
TRACE StateContext queue 7 complete
TRACE StateContext queue 8 000002CDC072D520 start
TRACE StateContext queue 8 messages 0
TRACE StateContext queue 8 messages clear start
TRACE StateContext queue 8 messages clear end
TRACE StateContext queue 8 complete
TRACE StateContext queue 9 000002CDC072D640 start
TRACE StateContext queue 9 messages 0
TRACE StateContext queue 9 messages clear start
TRACE StateContext queue 9 messages clear end
TRACE StateContext queue 9 complete
TRACE StateContext queue 10 000002CDC072D760 start
TRACE StateContext queue 10 messages 0
TRACE StateContext queue 10 messages clear start
TRACE StateContext queue 10 messages clear end
TRACE StateContext queue 10 complete
TRACE StateContext queue 11 000002CDC072D880 start
TRACE StateContext queue 11 messages 0
TRACE StateContext queue 11 messages clear start
TRACE StateContext queue 11 messages clear end
TRACE StateContext queue 11 complete
TRACE StateContext queue 12 000002CDC072D9A0 start
TRACE StateContext queue 12 messages 0
TRACE StateContext queue 12 messages clear start
TRACE StateContext queue 12 messages clear end
TRACE StateContext queue 12 complete
TRACE StateContext queue 13 000002CDC072DAC0 start
TRACE StateContext queue 13 messages 0
TRACE StateContext queue 13 messages clear start
TRACE StateContext queue 13 messages clear end
TRACE StateContext queue 13 complete
TRACE StateContext queue 14 000002CDC072DBE0 start
TRACE StateContext queue 14 messages 0
TRACE StateContext queue 14 messages clear start
TRACE StateContext queue 14 messages clear end
TRACE StateContext queue 14 complete
TRACE StateContext all queues drained
TRACE StateContext states snapshotted 1
TRACE StateContext states cleared
TRACE StateContext queues cleared
TRACE StateContext shared listener cleared
TRACE StateContext unload end 000002CD57C04120
TRACE StateContext unload start 000002CD57C041F0 state 7
TRACE StateContext queues snapshotted 15
TRACE StateContext queue 0 000002CDC072DD00 start
TRACE StateContext queue 0 messages 0
TRACE StateContext queue 0 messages clear start
TRACE StateContext queue 0 messages clear end
TRACE StateContext queue 0 complete
TRACE StateContext queue 1 000002CDC072DE20 start
TRACE StateContext queue 1 messages 0
TRACE StateContext queue 1 messages clear start
TRACE StateContext queue 1 messages clear end
TRACE StateContext queue 1 complete
TRACE StateContext queue 2 000002CDC072DF40 start
TRACE StateContext queue 2 messages 0
TRACE StateContext queue 2 messages clear start
TRACE StateContext queue 2 messages clear end
TRACE StateContext queue 2 complete
TRACE StateContext queue 3 000002CDC072E060 start
TRACE StateContext queue 3 messages 0
TRACE StateContext queue 3 messages clear start
TRACE StateContext queue 3 messages clear end
TRACE StateContext queue 3 complete
TRACE StateContext queue 4 000002CDC072E180 start
TRACE StateContext queue 4 messages 0
TRACE StateContext queue 4 messages clear start
TRACE StateContext queue 4 messages clear end
TRACE StateContext queue 4 complete
TRACE StateContext queue 5 000002CDC072E2A0 start
TRACE StateContext queue 5 messages 0
TRACE StateContext queue 5 messages clear start
TRACE StateContext queue 5 messages clear end
TRACE StateContext queue 5 complete
TRACE StateContext queue 6 000002CDC072E3C0 start
TRACE StateContext queue 6 messages 0
TRACE StateContext queue 6 messages clear start
TRACE StateContext queue 6 messages clear end
TRACE StateContext queue 6 complete
TRACE StateContext queue 7 000002CDC072E4E0 start
TRACE StateContext queue 7 messages 0
TRACE StateContext queue 7 messages clear start
TRACE StateContext queue 7 messages clear end
TRACE StateContext queue 7 complete
TRACE StateContext queue 8 000002CDC072E600 start
TRACE StateContext queue 8 messages 0
TRACE StateContext queue 8 messages clear start
TRACE StateContext queue 8 messages clear end
TRACE StateContext queue 8 complete
TRACE StateContext queue 9 000002CDC072E720 start
TRACE StateContext queue 9 messages 0
TRACE StateContext queue 9 messages clear start
TRACE StateContext queue 9 messages clear end
TRACE StateContext queue 9 complete
TRACE StateContext queue 10 000002CDC072E840 start
TRACE StateContext queue 10 messages 0
TRACE StateContext queue 10 messages clear start
TRACE StateContext queue 10 messages clear end
TRACE StateContext queue 10 complete
TRACE StateContext queue 11 000002CDC072E960 start
TRACE StateContext queue 11 messages 0
TRACE StateContext queue 11 messages clear start
TRACE StateContext queue 11 messages clear end
TRACE StateContext queue 11 complete
TRACE StateContext queue 12 000002CDC072EA80 start
TRACE StateContext queue 12 messages 0
TRACE StateContext queue 12 messages clear start
TRACE StateContext queue 12 messages clear end
TRACE StateContext queue 12 complete
TRACE StateContext queue 13 000002CDC072EBA0 start
TRACE StateContext queue 13 messages 0
TRACE StateContext queue 13 messages clear start
TRACE StateContext queue 13 messages clear end
TRACE StateContext queue 13 complete
TRACE StateContext queue 14 000002CDC072ECC0 start
TRACE StateContext queue 14 messages 0
TRACE StateContext queue 14 messages clear start
TRACE StateContext queue 14 messages clear end
TRACE StateContext queue 14 complete
TRACE StateContext all queues drained
TRACE StateContext states snapshotted 1
TRACE StateContext states cleared
TRACE StateContext queues cleared
TRACE StateContext shared listener cleared
TRACE StateContext unload end 000002CD57C041F0
TRACE StateContext unload start 000002CD57C042C0 state 7
TRACE StateContext queues snapshotted 15
TRACE StateContext queue 0 000002CDC072EDE0 start
TRACE StateContext queue 0 messages 0
TRACE StateContext queue 0 messages clear start
TRACE StateContext queue 0 messages clear end
TRACE StateContext queue 0 complete
TRACE StateContext queue 1 000002CDC072EF00 start
TRACE StateContext queue 1 messages 0
TRACE StateContext queue 1 messages clear start
TRACE StateContext queue 1 messages clear end
TRACE StateContext queue 1 complete
TRACE StateContext queue 2 000002CDC072F020 start
TRACE StateContext queue 2 messages 0
TRACE StateContext queue 2 messages clear start
TRACE StateContext queue 2 messages clear end
TRACE StateContext queue 2 complete
TRACE StateContext queue 3 000002CDC072F140 start
TRACE StateContext queue 3 messages 0
TRACE StateContext queue 3 messages clear start
TRACE StateContext queue 3 messages clear end
TRACE StateContext queue 3 complete
TRACE StateContext queue 4 000002CDC072F260 start
TRACE StateContext queue 4 messages 0
TRACE StateContext queue 4 messages clear start
TRACE StateContext queue 4 messages clear end
TRACE StateContext queue 4 complete
TRACE StateContext queue 5 000002CDC072F380 start
TRACE StateContext queue 5 messages 0
TRACE StateContext queue 5 messages clear start
TRACE StateContext queue 5 messages clear end
TRACE StateContext queue 5 complete
TRACE StateContext queue 6 000002CDC0726470 start
TRACE StateContext queue 6 messages 0
TRACE StateContext queue 6 messages clear start
TRACE StateContext queue 6 messages clear end
TRACE StateContext queue 6 complete
TRACE StateContext queue 7 000002CDC0726590 start
TRACE StateContext queue 7 messages 0
TRACE StateContext queue 7 messages clear start
TRACE StateContext queue 7 messages clear end
TRACE StateContext queue 7 complete
TRACE StateContext queue 8 000002CDC07266B0 start
TRACE StateContext queue 8 messages 0
TRACE StateContext queue 8 messages clear start
TRACE StateContext queue 8 messages clear end
TRACE StateContext queue 8 complete
TRACE StateContext queue 9 000002CDC07267D0 start
TRACE StateContext queue 9 messages 0
TRACE StateContext queue 9 messages clear start
TRACE StateContext queue 9 messages clear end
TRACE StateContext queue 9 complete
TRACE StateContext queue 10 000002CDC07268F0 start
TRACE StateContext queue 10 messages 0
TRACE StateContext queue 10 messages clear start
TRACE StateContext queue 10 messages clear end
TRACE StateContext queue 10 complete
TRACE StateContext queue 11 000002CDC0726A10 start
TRACE StateContext queue 11 messages 0
TRACE StateContext queue 11 messages clear start
TRACE StateContext queue 11 messages clear end
TRACE StateContext queue 11 complete
TRACE StateContext queue 12 000002CDC0726B30 start
TRACE StateContext queue 12 messages 0
TRACE StateContext queue 12 messages clear start
TRACE StateContext queue 12 messages clear end
TRACE StateContext queue 12 complete
TRACE StateContext queue 13 000002CDC0726C50 start
TRACE StateContext queue 13 messages 0
TRACE StateContext queue 13 messages clear start
TRACE StateContext queue 13 messages clear end
TRACE StateContext queue 13 complete
TRACE StateContext queue 14 000002CDC0726D70 start
TRACE StateContext queue 14 messages 0
TRACE StateContext queue 14 messages clear start
TRACE StateContext queue 14 messages clear end
TRACE StateContext queue 14 complete
TRACE StateContext all queues drained
TRACE StateContext states snapshotted 1
TRACE StateContext states cleared
TRACE StateContext queues cleared
TRACE StateContext shared listener cleared
TRACE StateContext unload end 000002CD57C042C0
TRACE StateContext unload start 000002CD57C04390 state 7
TRACE StateContext queues snapshotted 15
TRACE StateContext queue 0 000002CDC0726E90 start
TRACE StateContext queue 0 messages 0
TRACE StateContext queue 0 messages clear start
TRACE StateContext queue 0 messages clear end
TRACE StateContext queue 0 complete
TRACE StateContext queue 1 000002CDC0726FB0 start
TRACE StateContext queue 1 messages 0
TRACE StateContext queue 1 messages clear start
TRACE StateContext queue 1 messages clear end
TRACE StateContext queue 1 complete
TRACE StateContext queue 2 000002CDC07270D0 start
TRACE StateContext queue 2 messages 0
TRACE StateContext queue 2 messages clear start
TRACE StateContext queue 2 messages clear end
TRACE StateContext queue 2 complete
TRACE StateContext queue 3 000002CDC07271F0 start
TRACE StateContext queue 3 messages 0
TRACE StateContext queue 3 messages clear start
TRACE StateContext queue 3 messages clear end
TRACE StateContext queue 3 complete
TRACE StateContext queue 4 000002CDC0727310 start
TRACE StateContext queue 4 messages 0
TRACE StateContext queue 4 messages clear start
TRACE StateContext queue 4 messages clear end
TRACE StateContext queue 4 complete
TRACE StateContext queue 5 000002CDC0727430 start
TRACE StateContext queue 5 messages 0
TRACE StateContext queue 5 messages clear start
TRACE StateContext queue 5 messages clear end
TRACE StateContext queue 5 complete
TRACE StateContext queue 6 000002CDC0727550 start
TRACE StateContext queue 6 messages 0
TRACE StateContext queue 6 messages clear start
TRACE StateContext queue 6 messages clear end
TRACE StateContext queue 6 complete
TRACE StateContext queue 7 000002CDC0727670 start
TRACE StateContext queue 7 messages 0
TRACE StateContext queue 7 messages clear start
TRACE StateContext queue 7 messages clear end
TRACE StateContext queue 7 complete
TRACE StateContext queue 8 000002CDC0727790 start
TRACE StateContext queue 8 messages 0
TRACE StateContext queue 8 messages clear start
TRACE StateContext queue 8 messages clear end
TRACE StateContext queue 8 complete
TRACE StateContext queue 9 000002CDC07278B0 start
TRACE StateContext queue 9 messages 0
TRACE StateContext queue 9 messages clear start
TRACE StateContext queue 9 messages clear end
TRACE StateContext queue 9 complete
TRACE StateContext queue 10 000002CDC07279D0 start
TRACE StateContext queue 10 messages 0
TRACE StateContext queue 10 messages clear start
TRACE StateContext queue 10 messages clear end
TRACE StateContext queue 10 complete
TRACE StateContext queue 11 000002CDC0727AF0 start
TRACE StateContext queue 11 messages 0
TRACE StateContext queue 11 messages clear start
TRACE StateContext queue 11 messages clear end
TRACE StateContext queue 11 complete
TRACE StateContext queue 12 000002CDC0727C10 start
TRACE StateContext queue 12 messages 0
TRACE StateContext queue 12 messages clear start
TRACE StateContext queue 12 messages clear end
TRACE StateContext queue 12 complete
TRACE StateContext queue 13 000002CDC0727D30 start
TRACE StateContext queue 13 messages 0
TRACE StateContext queue 13 messages clear start
TRACE StateContext queue 13 messages clear end
TRACE StateContext queue 13 complete
TRACE StateContext queue 14 000002CDC0727E50 start
TRACE StateContext queue 14 messages 0
TRACE StateContext queue 14 messages clear start
TRACE StateContext queue 14 messages clear end
TRACE StateContext queue 14 complete
TRACE StateContext all queues drained
TRACE StateContext states snapshotted 1
TRACE StateContext states cleared
TRACE StateContext queues cleared
TRACE StateContext shared listener cleared
TRACE StateContext unload end 000002CD57C04390
TRACE StateContext unload start 000002CD57C04460 state 7
TRACE StateContext queues snapshotted 15
TRACE StateContext queue 0 000002CDC0727F70 start
TRACE StateContext queue 0 messages 0
TRACE StateContext queue 0 messages clear start
TRACE StateContext queue 0 messages clear end
TRACE StateContext queue 0 complete
TRACE StateContext queue 1 000002CDC0728090 start
TRACE StateContext queue 1 messages 0
TRACE StateContext queue 1 messages clear start
TRACE StateContext queue 1 messages clear end
TRACE StateContext queue 1 complete
TRACE StateContext queue 2 000002CDC07281B0 start
TRACE StateContext queue 2 messages 0
TRACE StateContext queue 2 messages clear start
TRACE StateContext queue 2 messages clear end
TRACE StateContext queue 2 complete
TRACE StateContext queue 3 000002CDC07282D0 start
TRACE StateContext queue 3 messages 0
TRACE StateContext queue 3 messages clear start
TRACE StateContext queue 3 messages clear end
TRACE StateContext queue 3 complete
TRACE StateContext queue 4 000002CDC07283F0 start
TRACE StateContext queue 4 messages 0
TRACE StateContext queue 4 messages clear start
TRACE StateContext queue 4 messages clear end
TRACE StateContext queue 4 complete
TRACE StateContext queue 5 000002CDC0728510 start
TRACE StateContext queue 5 messages 0
TRACE StateContext queue 5 messages clear start
TRACE StateContext queue 5 messages clear end
TRACE StateContext queue 5 complete
TRACE StateContext queue 6 000002CDC0728630 start
TRACE StateContext queue 6 messages 0
TRACE StateContext queue 6 messages clear start
TRACE StateContext queue 6 messages clear end
TRACE StateContext queue 6 complete
TRACE StateContext queue 7 000002CDC0728750 start
TRACE StateContext queue 7 messages 0
TRACE StateContext queue 7 messages clear start
TRACE StateContext queue 7 messages clear end
TRACE StateContext queue 7 complete
TRACE StateContext queue 8 000002CDC073A900 start
TRACE StateContext queue 8 messages 0
TRACE StateContext queue 8 messages clear start
TRACE StateContext queue 8 messages clear end
TRACE StateContext queue 8 complete
TRACE StateContext queue 9 000002CDC073AA20 start
TRACE StateContext queue 9 messages 0
TRACE StateContext queue 9 messages clear start
TRACE StateContext queue 9 messages clear end
TRACE StateContext queue 9 complete
TRACE StateContext queue 10 000002CDC073AB40 start
TRACE StateContext queue 10 messages 0
TRACE StateContext queue 10 messages clear start
TRACE StateContext queue 10 messages clear end
TRACE StateContext queue 10 complete
TRACE StateContext queue 11 000002CDC073AC60 start
TRACE StateContext queue 11 messages 0
TRACE StateContext queue 11 messages clear start
TRACE StateContext queue 11 messages clear end
TRACE StateContext queue 11 complete
TRACE StateContext queue 12 000002CDC073AD80 start
TRACE StateContext queue 12 messages 0
TRACE StateContext queue 12 messages clear start
TRACE StateContext queue 12 messages clear end
TRACE StateContext queue 12 complete
TRACE StateContext queue 13 000002CDC073AEA0 start
TRACE StateContext queue 13 messages 0
TRACE StateContext queue 13 messages clear start
TRACE StateContext queue 13 messages clear end
TRACE StateContext queue 13 complete
TRACE StateContext queue 14 000002CDC073AFC0 start
TRACE StateContext queue 14 messages 0
TRACE StateContext queue 14 messages clear start
TRACE StateContext queue 14 messages clear end
TRACE StateContext queue 14 complete
TRACE StateContext all queues drained
TRACE StateContext states snapshotted 1
TRACE StateContext states cleared
TRACE StateContext queues cleared
TRACE StateContext shared listener cleared
TRACE StateContext unload end 000002CD57C04460
TRACE StateContext unload start 000002CD57C04530 state 7
TRACE StateContext queues snapshotted 15
TRACE StateContext queue 0 000002CDC073B0E0 start
TRACE StateContext queue 0 messages 0
TRACE StateContext queue 0 messages clear start
TRACE StateContext queue 0 messages clear end
TRACE StateContext queue 0 complete
TRACE StateContext queue 1 000002CDC073B200 start
TRACE StateContext queue 1 messages 0
TRACE StateContext queue 1 messages clear start
TRACE StateContext queue 1 messages clear end
TRACE StateContext queue 1 complete
TRACE StateContext queue 2 000002CDC073B320 start
TRACE StateContext queue 2 messages 0
TRACE StateContext queue 2 messages clear start
TRACE StateContext queue 2 messages clear end
TRACE StateContext queue 2 complete
TRACE StateContext queue 3 000002CDC073B440 start
TRACE StateContext queue 3 messages 0
TRACE StateContext queue 3 messages clear start
TRACE StateContext queue 3 messages clear end
TRACE StateContext queue 3 complete
TRACE StateContext queue 4 000002CDC073B560 start
TRACE StateContext queue 4 messages 0
TRACE StateContext queue 4 messages clear start
TRACE StateContext queue 4 messages clear end
TRACE StateContext queue 4 complete
TRACE StateContext queue 5 000002CDC073B680 start
TRACE StateContext queue 5 messages 0
TRACE StateContext queue 5 messages clear start
TRACE StateContext queue 5 messages clear end
TRACE StateContext queue 5 complete
TRACE StateContext queue 6 000002CDC073B7A0 start
TRACE StateContext queue 6 messages 0
TRACE StateContext queue 6 messages clear start
TRACE StateContext queue 6 messages clear end
TRACE StateContext queue 6 complete
TRACE StateContext queue 7 000002CDC073B8C0 start
TRACE StateContext queue 7 messages 0
TRACE StateContext queue 7 messages clear start
TRACE StateContext queue 7 messages clear end
TRACE StateContext queue 7 complete
TRACE StateContext queue 8 000002CDC073B9E0 start
TRACE StateContext queue 8 messages 0
TRACE StateContext queue 8 messages clear start
TRACE StateContext queue 8 messages clear end
TRACE StateContext queue 8 complete
TRACE StateContext queue 9 000002CDC073BB00 start
TRACE StateContext queue 9 messages 0
TRACE StateContext queue 9 messages clear start
TRACE StateContext queue 9 messages clear end
TRACE StateContext queue 9 complete
TRACE StateContext queue 10 000002CDC073BC20 start
TRACE StateContext queue 10 messages 0
TRACE StateContext queue 10 messages clear start
TRACE StateContext queue 10 messages clear end
TRACE StateContext queue 10 complete
TRACE StateContext queue 11 000002CDC073BD40 start
TRACE StateContext queue 11 messages 0
TRACE StateContext queue 11 messages clear start
TRACE StateContext queue 11 messages clear end
TRACE StateContext queue 11 complete
TRACE StateContext queue 12 000002CDC073BE60 start
TRACE StateContext queue 12 messages 0
TRACE StateContext queue 12 messages clear start
TRACE StateContext queue 12 messages clear end
TRACE StateContext queue 12 complete
TRACE StateContext queue 13 000002CDC073BF80 start
TRACE StateContext queue 13 messages 0
TRACE StateContext queue 13 messages clear start
TRACE StateContext queue 13 messages clear end
TRACE StateContext queue 13 complete
TRACE StateContext queue 14 000002CDC073C0A0 start
TRACE StateContext queue 14 messages 0
TRACE StateContext queue 14 messages clear start
TRACE StateContext queue 14 messages clear end
TRACE StateContext queue 14 complete
TRACE StateContext all queues drained
TRACE StateContext states snapshotted 1
TRACE StateContext states cleared
TRACE StateContext queues cleared
TRACE StateContext shared listener cleared
TRACE StateContext unload end 000002CD57C04530
TRACE StateContext unload start 000002CD57AB3D90 state 5
TRACE StateContext unload start 000002CD57AB38B0 state 5
TRACE StateContext unload start 000002CD57AB3980 state 5
TRACE StateContext unload start 000002CD57AB3CC0 state 5
TRACE StateContext unload start 000002CD57AB3E60 state 5
TRACE StateContext unload start 000002CD57AB3F30 state 5
TRACE StateContext unload start 000002CD57AB4000 state 5
TRACE StateContext unload start 000002CD57AB40D0 state 5
TRACE StateContext unload start 000002CD57AB41A0 state 5
TRACE StateContext unload start 000002CD57AB4270 state 5
TRACE StateContext unload start 000002CD57AB4340 state 5
TRACE StateContext unload start 000002CD57AB4410 state 5
TRACE StateContext unload start 000002CD57AB44E0 state 5
TRACE StateContext unload start 000002CD57AB45B0 state 5
TRACE StateContext unload start 000002CD57AB4680 state 5
TRACE StateContext unload start 000002CD57AB4750 state 5
TRACE StateContext unload start 000002CD57AB4820 state 5
TRACE StateContext unload start 000002CD57AB48F0 state 5
TRACE StateContext unload start 000002CD57AB49C0 state 5
TRACE StateContext unload start 000002CD57AB4A90 state 5
TRACE StateContext unload start 000002CD57AB4B60 state 5
TRACE StateContext unload start 000002CD57AB4C30 state 5
TRACE StateContext unload start 000002CD57AB4D00 state 5
TRACE StateContext unload start 000002CD57AB4DD0 state 5
TRACE StateContext unload start 000002CD57AB4EA0 state 5
TRACE StateContext unload start 000002CD57AB4F70 state 5
TRACE StateContext unload start 000002CD57C03EB0 state 5
TRACE StateContext unload start 000002CD57C03F80 state 5
TRACE StateContext unload start 000002CD57C04050 state 5
TRACE StateContext unload start 000002CD57C04120 state 5
TRACE StateContext unload start 000002CD57C041F0 state 5
TRACE StateContext unload start 000002CD57C042C0 state 5
TRACE StateContext unload start 000002CD57C04390 state 5
TRACE StateContext unload start 000002CD57C04460 state 5
TRACE StateContext unload start 000002CD57C04530 state 5
TRACE StateContext unload start 000002CD57C04600 state 5
TRACE StateContext unload start 000002CD57C046D0 state 5
TRACE ApplicationManager plugins unloaded
TRACE ApplicationManager managers unloaded
TRACE ApplicationManager unload end
